"Date","X_00060_00003","X_00060_00003_cd"
"2005-01-01","2400","A"
"2005-01-02","2380","A"
"2005-01-03","4220","A"
"2005-01-04","2410","A"
"2005-01-05","2430","A"
"2005-01-06","2370","A"
"2005-01-07","2170","A"
"2005-01-08","1170","A"
"2005-01-09","1170","A"
"2005-01-10","2380","A"
"2005-01-11","2370","A"
"2005-01-12","2120","A"
"2005-01-13","749","A"
"2005-01-14","748","A"
"2005-01-15","985","A"
"2005-01-16","1000","A"
"2005-01-17","2600","A"
"2005-01-18","2410","A"
"2005-01-19","2060","A"
"2005-01-20","2100","A"
"2005-01-21","2170","A"
"2005-01-22","1210","A"
"2005-01-23","1670","A"
"2005-01-24","3590","A"
"2005-01-25","2210","A"
"2005-01-26","1970","A"
"2005-01-27","2660","A"
"2005-01-28","1860","A"
"2005-01-29","746","A"
"2005-01-30","1210","A"
"2005-01-31","1780","A"
"2005-02-01","1840","A"
"2005-02-02","2010","A"
"2005-02-03","1630","A"
"2005-02-04","1700","A"
"2005-02-05","1290","A"
"2005-02-06","1090","A"
"2005-02-07","2080","A"
"2005-02-08","2170","A"
"2005-02-09","1790","A"
"2005-02-10","2100","A"
"2005-02-11","2040","A"
"2005-02-12","1080","A"
"2005-02-13","958","A"
"2005-02-14","1780","A"
"2005-02-15","2360","A"
"2005-02-16","1990","A"
"2005-02-17","2340","A"
"2005-02-18","2180","A"
"2005-02-19","1290","A"
"2005-02-20","1010","A"
"2005-02-21","1850","A"
"2005-02-22","676","A"
"2005-02-23","1770","A"
"2005-02-24","2120","A"
"2005-02-25","2260","A"
"2005-02-26","1410","A"
"2005-02-27","1410","A"
"2005-02-28","3120","A"
"2005-03-01","1060","A"
"2005-03-02","3520","A"
"2005-03-03","3260","A"
"2005-03-04","3070","A"
"2005-03-05","1430","A"
"2005-03-06","1030","A"
"2005-03-07","2430","A"
"2005-03-08","1260","A"
"2005-03-09","2690","A"
"2005-03-10","3280","A"
"2005-03-11","3340","A"
"2005-03-12","1510","A"
"2005-03-13","1460","A"
"2005-03-14","3530","A"
"2005-03-15","2490","A"
"2005-03-16","2840","A"
"2005-03-17","2860","A"
"2005-03-18","2890","A"
"2005-03-19","1040","A"
"2005-03-20","1090","A"
"2005-03-21","2730","A"
"2005-03-22","1510","A"
"2005-03-23","3890","A"
"2005-03-24","2980","A"
"2005-03-25","4290","A"
"2005-03-26","1050","A"
"2005-03-27","1070","A"
"2005-03-28","1830","A"
"2005-03-29","3330","A"
"2005-03-30","4960","A"
"2005-03-31","1000","A"
"2005-04-01","658","A"
"2005-04-02","767","A"
"2005-04-03","5500","A"
"2005-04-04","5830","A"
"2005-04-05","5920","A"
"2005-04-06","1420","A"
"2005-04-07","1070","A"
"2005-04-08","2690","A"
"2005-04-09","1270","A"
"2005-04-10","954","A"
"2005-04-11","3200","A"
"2005-04-12","1280","A"
"2005-04-13","3450","A"
"2005-04-14","5200","A"
"2005-04-15","5500","A"
"2005-04-16","3070","A"
"2005-04-17","3120","A"
"2005-04-18","4610","A"
"2005-04-19","4670","A"
"2005-04-20","4010","A"
"2005-04-21","3570","A"
"2005-04-22","3600","A"
"2005-04-23","1020","A"
"2005-04-24","1010","A"
"2005-04-25","2780","A"
"2005-04-26","2140","A"
"2005-04-27","3040","A"
"2005-04-28","3510","A"
"2005-04-29","3630","A"
"2005-04-30","1010","A"
"2005-05-01","1020","A"
"2005-05-02","2310","A"
"2005-05-03","2350","A"
"2005-05-04","2030","A"
"2005-05-05","2020","A"
"2005-05-06","2070","A"
"2005-05-07","1070","A"
"2005-05-08","1080","A"
"2005-05-09","2040","A"
"2005-05-10","2570","A"
"2005-05-11","2780","A"
"2005-05-12","2640","A"
"2005-05-13","2770","A"
"2005-05-14","1130","A"
"2005-05-15","1100","A"
"2005-05-16","2620","A"
"2005-05-17","3060","A"
"2005-05-18","3210","A"
"2005-05-19","3330","A"
"2005-05-20","1850","A"
"2005-05-21","1110","A"
"2005-05-22","1100","A"
"2005-05-23","1780","A"
"2005-05-24","2080","A"
"2005-05-25","1760","A"
"2005-05-26","1540","A"
"2005-05-27","1450","A"
"2005-05-28","1530","A"
"2005-05-29","1110","A"
"2005-05-30","1070","A"
"2005-05-31","1520","A"
"2005-06-01","1620","A"
"2005-06-02","1570","A"
"2005-06-03","1600","A"
"2005-06-04","1300","A"
"2005-06-05","1030","A"
"2005-06-06","1130","A"
"2005-06-07","1560","A"
"2005-06-08","1470","A"
"2005-06-09","1520","A"
"2005-06-10","1530","A"
"2005-06-11","647","A"
"2005-06-12","646","A"
"2005-06-13","652","A"
"2005-06-14","6360","A"
"2005-06-15","6500","A"
"2005-06-16","7140","A"
"2005-06-17","6750","A"
"2005-06-18","3590","A"
"2005-06-19","3640","A"
"2005-06-20","4560","A"
"2005-06-21","4560","A"
"2005-06-22","4580","A"
"2005-06-23","3420","A"
"2005-06-24","4120","A"
"2005-06-25","972","A"
"2005-06-26","1040","A"
"2005-06-27","2910","A"
"2005-06-28","2260","A"
"2005-06-29","1950","A"
"2005-06-30","1880","A"
"2005-07-01","1850","A"
"2005-07-02","808","A"
"2005-07-03","832","A"
"2005-07-04","1020","A"
"2005-07-05","3180","A"
"2005-07-06","613","A"
"2005-07-07","739","A"
"2005-07-08","5860","A"
"2005-07-09","5880","A"
"2005-07-10","595","A"
"2005-07-11","667","A"
"2005-07-12","633","A"
"2005-07-13","5180","A"
"2005-07-14","5570","A"
"2005-07-15","5600","A:e"
"2005-07-16","5440","A"
"2005-07-17","5410","A"
"2005-07-18","4690","A"
"2005-07-19","4760","A"
"2005-07-20","4740","A"
"2005-07-21","4590","A"
"2005-07-22","4710","A"
"2005-07-23","1500","A"
"2005-07-24","1840","A"
"2005-07-25","3790","A"
"2005-07-26","4230","A"
"2005-07-27","3640","A"
"2005-07-28","4050","A"
"2005-07-29","2830","A"
"2005-07-30","995","A"
"2005-07-31","1070","A"
"2005-08-01","2740","A"
"2005-08-02","2200","A"
"2005-08-03","2690","A"
"2005-08-04","2640","A"
"2005-08-05","2670","A"
"2005-08-06","1160","A"
"2005-08-07","1060","A"
"2005-08-08","608","A"
"2005-08-09","5500","A"
"2005-08-10","6930","A"
"2005-08-11","5170","A"
"2005-08-12","4020","A"
"2005-08-13","3620","A"
"2005-08-14","3180","A"
"2005-08-15","5070","A"
"2005-08-16","4820","A"
"2005-08-17","5180","A"
"2005-08-18","4460","A"
"2005-08-19","4870","A"
"2005-08-20","1580","A"
"2005-08-21","1610","A"
"2005-08-22","3100","A"
"2005-08-23","2870","A"
"2005-08-24","3360","A:e"
"2005-08-25","3560","A:e"
"2005-08-26","5280","A"
"2005-08-27","2160","A"
"2005-08-28","1560","A"
"2005-08-29","1330","A"
"2005-08-30","596","A"
"2005-08-31","3150","A"
"2005-09-01","3480","A"
"2005-09-02","2890","A"
"2005-09-03","1280","A"
"2005-09-04","1310","A"
"2005-09-05","1370","A"
"2005-09-06","2680","A"
"2005-09-07","3170","A"
"2005-09-08","2880","A"
"2005-09-09","2800","A"
"2005-09-10","982","A"
"2005-09-11","997","A"
"2005-09-12","2440","A"
"2005-09-13","2360","A"
"2005-09-14","2370","A"
"2005-09-15","2480","A"
"2005-09-16","2430","A"
"2005-09-17","2250","A"
"2005-09-18","1970","A"
"2005-09-19","2750","A"
"2005-09-20","2440","A"
"2005-09-21","2480","A"
"2005-09-22","2080","A"
"2005-09-23","2190","A"
"2005-09-24","1490","A"
"2005-09-25","1310","A"
"2005-09-26","1950","A"
"2005-09-27","1680","A"
"2005-09-28","1370","A"
"2005-09-29","1490","A"
"2005-09-30","1340","A"
"2005-10-01","999","A"
"2005-10-02","1160","A"
"2005-10-03","1230","A"
"2005-10-04","1520","A"
"2005-10-05","1390","A"
"2005-10-06","1040","A"
"2005-10-07","996","A"
"2005-10-08","954","A"
"2005-10-09","934","A"
"2005-10-10","1230","A"
"2005-10-11","1500","A"
"2005-10-12","1390","A"
"2005-10-13","1480","A"
"2005-10-14","1240","A"
"2005-10-15","903","A"
"2005-10-16","898","A"
"2005-10-17","1290","A"
"2005-10-18","1400","A"
"2005-10-19","1470","A"
"2005-10-20","1220","A"
"2005-10-21","1400","A"
"2005-10-22","923","A"
"2005-10-23","978","A"
"2005-10-24","1420","A"
"2005-10-25","1470","A"
"2005-10-26","1500","A"
"2005-10-27","1700","A"
"2005-10-28","1350","A"
"2005-10-29","1060","A"
"2005-10-30","1050","A"
"2005-10-31","1500","A"
"2005-11-01","1380","A"
"2005-11-02","628","A"
"2005-11-03","1430","A"
"2005-11-04","1190","A"
"2005-11-05","905","A"
"2005-11-06","904","A"
"2005-11-07","1430","A"
"2005-11-08","1430","A"
"2005-11-09","1430","A"
"2005-11-10","1510","A"
"2005-11-11","1430","A"
"2005-11-12","1100","A"
"2005-11-13","786","A"
"2005-11-14","1490","A"
"2005-11-15","1430","A"
"2005-11-16","1420","A"
"2005-11-17","1490","A"
"2005-11-18","1400","A"
"2005-11-19","932","A"
"2005-11-20","924","A"
"2005-11-21","1600","A"
"2005-11-22","1490","A"
"2005-11-23","1850","A"
"2005-11-24","1190","A"
"2005-11-25","1120","A"
"2005-11-26","1140","A"
"2005-11-27","1220","A"
"2005-11-28","1610","A"
"2005-11-29","1430","A"
"2005-11-30","1380","A"
"2005-12-01","1690","A"
"2005-12-02","1500","A"
"2005-12-03","988","A"
"2005-12-04","1010","A"
"2005-12-05","2310","A"
"2005-12-06","1860","A"
"2005-12-07","2650","A"
"2005-12-08","2880","A"
"2005-12-09","2590","A"
"2005-12-10","1670","A"
"2005-12-11","1530","A"
"2005-12-12","3010","A"
"2005-12-13","2570","A"
"2005-12-14","2200","A"
"2005-12-15","1610","A"
"2005-12-16","2060","A"
"2005-12-17","1230","A"
"2005-12-18","1230","A"
"2005-12-19","2110","A"
"2005-12-20","2170","A"
"2005-12-21","2140","A"
"2005-12-22","2190","A"
"2005-12-23","1920","A"
"2005-12-24","1810","A"
"2005-12-25","1760","A"
"2005-12-26","2600","A"
"2005-12-27","2800","A"
"2005-12-28","2700","A"
"2005-12-29","3210","A"
"2005-12-30","3470","A"
"2005-12-31","3620","A"
"2006-01-01","3640","A"
"2006-01-02","3570","A"
"2006-01-03","3580","A"
"2006-01-04","3540","A"
"2006-01-05","3770","A"
"2006-01-06","3560","A"
"2006-01-07","2210","A"
"2006-01-08","1820","A"
"2006-01-09","2850","A"
"2006-01-10","2840","A"
"2006-01-11","3170","A"
"2006-01-12","3990","A"
"2006-01-13","3230","A"
"2006-01-14","1130","A"
"2006-01-15","1040","A"
"2006-01-16","1630","A"
"2006-01-17","1710","A"
"2006-01-18","1940","A"
"2006-01-19","2310","A"
"2006-01-20","1780","A"
"2006-01-21","1400","A"
"2006-01-22","1070","A"
"2006-01-23","2110","A"
"2006-01-24","2470","A"
"2006-01-25","2470","A"
"2006-01-26","2460","A"
"2006-01-27","2460","A"
"2006-01-28","1840","A"
"2006-01-29","1870","A"
"2006-01-30","1880","A"
"2006-01-31","2480","A"
"2006-02-01","2660","A"
"2006-02-02","1900","A"
"2006-02-03","1930","A"
"2006-02-04","1750","A"
"2006-02-05","1940","A"
"2006-02-06","2400","A"
"2006-02-07","2690","A"
"2006-02-08","2480","A"
"2006-02-09","2450","A"
"2006-02-10","1790","A"
"2006-02-11","1340","A"
"2006-02-12","1070","A"
"2006-02-13","1870","A"
"2006-02-14","2090","A"
"2006-02-15","1820","A"
"2006-02-16","1580","A"
"2006-02-17","1450","A"
"2006-02-18","1130","A"
"2006-02-19","1290","A"
"2006-02-20","1700","A"
"2006-02-21","2080","A"
"2006-02-22","1770","A"
"2006-02-23","2130","A"
"2006-02-24","1780","A"
"2006-02-25","1280","A"
"2006-02-26","1300","A"
"2006-02-27","1950","A"
"2006-02-28","1420","A"
"2006-03-01","1320","A"
"2006-03-02","974","A"
"2006-03-03","959","A"
"2006-03-04","1030","A"
"2006-03-05","1080","A"
"2006-03-06","1530","A"
"2006-03-07","1810","A"
"2006-03-08","1890","A"
"2006-03-09","2840","A"
"2006-03-10","1590","A"
"2006-03-11","778","A"
"2006-03-12","809","A"
"2006-03-13","1570","A"
"2006-03-14","1550","A"
"2006-03-15","1900","A"
"2006-03-16","2450","A"
"2006-03-17","1600","A"
"2006-03-18","611","A"
"2006-03-19","1110","A"
"2006-03-20","1720","A"
"2006-03-21","2030","A"
"2006-03-22","2670","A"
"2006-03-23","1680","A"
"2006-03-24","1520","A"
"2006-03-25","768","A"
"2006-03-26","1070","A"
"2006-03-27","1990","A"
"2006-03-28","1660","A"
"2006-03-29","1430","A"
"2006-03-30","1730","A"
"2006-03-31","2490","A"
"2006-04-01","1020","A"
"2006-04-02","1160","A"
"2006-04-03","1930","A"
"2006-04-04","1590","A"
"2006-04-05","1640","A"
"2006-04-06","2550","A"
"2006-04-07","1470","A"
"2006-04-08","773","A"
"2006-04-09","786","A"
"2006-04-10","1900","A"
"2006-04-11","1860","A"
"2006-04-12","1980","A"
"2006-04-13","2780","A"
"2006-04-14","2260","A"
"2006-04-15","842","A"
"2006-04-16","736","A"
"2006-04-17","1620","A"
"2006-04-18","2960","A"
"2006-04-19","1660","A"
"2006-04-20","1780","A"
"2006-04-21","1200","A"
"2006-04-22","785","A"
"2006-04-23","629","A"
"2006-04-24","2570","A"
"2006-04-25","2810","A"
"2006-04-26","2650","A"
"2006-04-27","3190","A"
"2006-04-28","3600","A"
"2006-04-29","1210","A"
"2006-04-30","891","A"
"2006-05-01","4000","A"
"2006-05-02","3470","A"
"2006-05-03","3560","A"
"2006-05-04","3400","A"
"2006-05-05","3520","A"
"2006-05-06","2140","A"
"2006-05-07","1970","A"
"2006-05-08","4270","A"
"2006-05-09","2940","A"
"2006-05-10","2640","A"
"2006-05-11","3270","A"
"2006-05-12","2370","A"
"2006-05-13","804","A"
"2006-05-14","786","A"
"2006-05-15","1530","A"
"2006-05-16","1720","A"
"2006-05-17","1820","A"
"2006-05-18","2340","A"
"2006-05-19","2130","A"
"2006-05-20","853","A"
"2006-05-21","1110","A"
"2006-05-22","2300","A"
"2006-05-23","1950","A"
"2006-05-24","1580","A"
"2006-05-25","1680","A"
"2006-05-26","1950","A"
"2006-05-27","1640","A"
"2006-05-28","1600","A"
"2006-05-29","1090","A"
"2006-05-30","1830","A"
"2006-05-31","1720","A"
"2006-06-01","1590","A"
"2006-06-02","1570","A"
"2006-06-03","628","A"
"2006-06-04","628","A"
"2006-06-05","1810","A"
"2006-06-06","1760","A"
"2006-06-07","2290","A"
"2006-06-08","2290","A"
"2006-06-09","3790","A"
"2006-06-10","1360","A"
"2006-06-11","1070","A"
"2006-06-12","2280","A"
"2006-06-13","2240","A"
"2006-06-14","2210","A"
"2006-06-15","2240","A"
"2006-06-16","2250","A"
"2006-06-17","1100","A"
"2006-06-18","853","A"
"2006-06-19","1300","A"
"2006-06-20","1560","A"
"2006-06-21","1050","A"
"2006-06-22","1120","A"
"2006-06-23","2060","A"
"2006-06-24","633","A"
"2006-06-25","637","A"
"2006-06-26","1610","A"
"2006-06-27","1080","A"
"2006-06-28","1390","A"
"2006-06-29","794","A"
"2006-06-30","1010","A"
"2006-07-01","734","A"
"2006-07-02","1090","A"
"2006-07-03","1530","A"
"2006-07-04","726","A"
"2006-07-05","1010","A"
"2006-07-06","996","A"
"2006-07-07","984","A"
"2006-07-08","765","A"
"2006-07-09","726","A"
"2006-07-10","1530","A"
"2006-07-11","1150","A"
"2006-07-12","1260","A"
"2006-07-13","1090","A"
"2006-07-14","1150","A"
"2006-07-15","636","A"
"2006-07-16","517","A"
"2006-07-17","1150","A"
"2006-07-18","1580","A"
"2006-07-19","1100","A"
"2006-07-20","1530","A"
"2006-07-21","1420","A"
"2006-07-22","1450","A"
"2006-07-23","1130","A"
"2006-07-24","1160","A"
"2006-07-25","1130","A"
"2006-07-26","1490","A"
"2006-07-27","1280","A"
"2006-07-28","1580","A"
"2006-07-29","1100","A"
"2006-07-30","1130","A"
"2006-07-31","1380","A"
"2006-08-01","1110","A"
"2006-08-02","1610","A"
"2006-08-03","1270","A"
"2006-08-04","1570","A"
"2006-08-05","1110","A"
"2006-08-06","1140","A"
"2006-08-07","1590","A"
"2006-08-08","1100","A"
"2006-08-09","1550","A"
"2006-08-10","1170","A"
"2006-08-11","1540","A"
"2006-08-12","865","A"
"2006-08-13","1130","A"
"2006-08-14","1470","A"
"2006-08-15","1160","A"
"2006-08-16","1570","A"
"2006-08-17","989","A"
"2006-08-18","947","A"
"2006-08-19","1230","A"
"2006-08-20","1030","A"
"2006-08-21","1320","A"
"2006-08-22","1070","A"
"2006-08-23","1430","A"
"2006-08-24","1210","A"
"2006-08-25","1430","A"
"2006-08-26","758","A"
"2006-08-27","719","A"
"2006-08-28","1320","A"
"2006-08-29","1240","A"
"2006-08-30","1630","A"
"2006-08-31","1260","A"
"2006-09-01","1430","A"
"2006-09-02","1000","A"
"2006-09-03","805","A"
"2006-09-04","969","A"
"2006-09-05","1200","A"
"2006-09-06","1640","A"
"2006-09-07","1240","A"
"2006-09-08","1500","A"
"2006-09-09","1030","A"
"2006-09-10","804","A"
"2006-09-11","1620","A"
"2006-09-12","1080","A"
"2006-09-13","1100","A"
"2006-09-14","1050","A"
"2006-09-15","1430","A"
"2006-09-16","575","A"
"2006-09-17","1480","A"
"2006-09-18","1580","A"
"2006-09-19","1120","A"
"2006-09-20","905","A"
"2006-09-21","1040","A"
"2006-09-22","1300","A"
"2006-09-23","1280","A"
"2006-09-24","1040","A"
"2006-09-25","1020","A"
"2006-09-26","1250","A"
"2006-09-27","1840","A"
"2006-09-28","1340","A"
"2006-09-29","1220","A"
"2006-09-30","836","A"
"2006-10-01","847","A"
"2006-10-02","1360","A"
"2006-10-03","1420","A"
"2006-10-04","1240","A"
"2006-10-05","1370","A"
"2006-10-06","1390","A"
"2006-10-07","888","A"
"2006-10-08","1080","A"
"2006-10-09","1250","A"
"2006-10-10","614","A"
"2006-10-11","1340","A"
"2006-10-12","1370","A"
"2006-10-13","1140","A"
"2006-10-14","909","A"
"2006-10-15","1130","A"
"2006-10-16","1240","A"
"2006-10-17","1280","A"
"2006-10-18","606","A"
"2006-10-19","1180","A"
"2006-10-20","1240","A"
"2006-10-21","768","A"
"2006-10-22","1090","A"
"2006-10-23","1220","A"
"2006-10-24","1470","A"
"2006-10-25","1530","A"
"2006-10-26","2030","A"
"2006-10-27","1740","A"
"2006-10-28","620","A"
"2006-10-29","1180","A"
"2006-10-30","1370","A"
"2006-10-31","1270","A"
"2006-11-01","1210","A"
"2006-11-02","925","A"
"2006-11-03","1340","A"
"2006-11-04","823","A"
"2006-11-05","1200","A"
"2006-11-06","1300","A"
"2006-11-07","816","A"
"2006-11-08","917","A"
"2006-11-09","978","A"
"2006-11-10","1030","A"
"2006-11-11","598","A"
"2006-11-12","821","A"
"2006-11-13","1220","A"
"2006-11-14","850","A"
"2006-11-15","630","A"
"2006-11-16","606","A"
"2006-11-17","587","A"
"2006-11-18","1020","A"
"2006-11-19","575","A"
"2006-11-20","1340","A"
"2006-11-21","1170","A"
"2006-11-22","956","A"
"2006-11-23","983","A"
"2006-11-24","1030","A"
"2006-11-25","996","A"
"2006-11-26","575","A"
"2006-11-27","1150","A"
"2006-11-28","996","A"
"2006-11-29","1120","A"
"2006-11-30","1060","A"
"2006-12-01","1130","A"
"2006-12-02","964","A"
"2006-12-03","760","A"
"2006-12-04","1300","A"
"2006-12-05","1210","A"
"2006-12-06","1050","A"
"2006-12-07","1100","A"
"2006-12-08","956","A"
"2006-12-09","1150","A"
"2006-12-10","768","A"
"2006-12-11","1190","A"
"2006-12-12","1100","A"
"2006-12-13","938","A"
"2006-12-14","933","A"
"2006-12-15","935","A"
"2006-12-16","1100","A"
"2006-12-17","564","A"
"2006-12-18","1100","A"
"2006-12-19","1120","A"
"2006-12-20","1050","A"
"2006-12-21","1150","A"
"2006-12-22","553","A"
"2006-12-23","696","A"
"2006-12-24","698","A"
"2006-12-25","886","A"
"2006-12-26","839","A"
"2006-12-27","1200","A"
"2006-12-28","1090","A"
"2006-12-29","917","A"
"2006-12-30","694","A"
"2006-12-31","699","A"
"2007-01-01","975","A"
"2007-01-02","1120","A"
"2007-01-03","1120","A"
"2007-01-04","1290","A"
"2007-01-05","698","A"
"2007-01-06","696","A"
"2007-01-07","722","A"
"2007-01-08","687","A"
"2007-01-09","913","A"
"2007-01-10","1100","A"
"2007-01-11","511","A"
"2007-01-12","1050","A"
"2007-01-13","787","A"
"2007-01-14","649","A"
"2007-01-15","789","A"
"2007-01-16","907","A"
"2007-01-17","1300","A"
"2007-01-18","1100","A"
"2007-01-19","947","A"
"2007-01-20","767","A"
"2007-01-21","651","A"
"2007-01-22","520","A"
"2007-01-23","517","A"
"2007-01-24","849","A"
"2007-01-25","901","A"
"2007-01-26","1010","A"
"2007-01-27","739","A"
"2007-01-28","524","A"
"2007-01-29","524","A"
"2007-01-30","950","A"
"2007-01-31","953","A"
"2007-02-01","743","A"
"2007-02-02","518","A"
"2007-02-03","655","A"
"2007-02-04","657","A"
"2007-02-05","948","A"
"2007-02-06","1300","A"
"2007-02-07","953","A"
"2007-02-08","667","A"
"2007-02-09","728","A"
"2007-02-10","517","A"
"2007-02-11","732","A"
"2007-02-12","820","A"
"2007-02-13","927","A"
"2007-02-14","933","A"
"2007-02-15","1050","A"
"2007-02-16","1050","A"
"2007-02-17","661","A"
"2007-02-18","670","A"
"2007-02-19","1170","A"
"2007-02-20","831","A"
"2007-02-21","845","A"
"2007-02-22","675","A"
"2007-02-23","856","A"
"2007-02-24","821","A"
"2007-02-25","530","A"
"2007-02-26","1470","A"
"2007-02-27","1460","A"
"2007-02-28","1110","A"
"2007-03-01","686","A"
"2007-03-02","628","A"
"2007-03-03","616","A"
"2007-03-04","614","A"
"2007-03-05","1170","A"
"2007-03-06","1200","A"
"2007-03-07","946","A"
"2007-03-08","896","A"
"2007-03-09","936","A"
"2007-03-10","600","A"
"2007-03-11","609","A"
"2007-03-12","1010","A"
"2007-03-13","984","A"
"2007-03-14","990","A"
"2007-03-15","1040","A"
"2007-03-16","1020","A"
"2007-03-17","613","A"
"2007-03-18","612","A"
"2007-03-19","1060","A"
"2007-03-20","1080","A"
"2007-03-21","1060","A"
"2007-03-22","1030","A"
"2007-03-23","1400","A"
"2007-03-24","606","A"
"2007-03-25","606","A"
"2007-03-26","1010","A"
"2007-03-27","1010","A"
"2007-03-28","1010","A"
"2007-03-29","1190","A"
"2007-03-30","1130","A"
"2007-03-31","606","A"
"2007-04-01","608","A"
"2007-04-02","1010","A"
"2007-04-03","1110","A"
"2007-04-04","1030","A"
"2007-04-05","1140","A"
"2007-04-06","1120","A"
"2007-04-07","608","A"
"2007-04-08","602","A"
"2007-04-09","1190","A"
"2007-04-10","1080","A"
"2007-04-11","1060","A"
"2007-04-12","1120","A"
"2007-04-13","1110","A"
"2007-04-14","600","A"
"2007-04-15","612","A"
"2007-04-16","1120","A"
"2007-04-17","1010","A"
"2007-04-18","1130","A"
"2007-04-19","953","A"
"2007-04-20","1000","A"
"2007-04-21","598","A"
"2007-04-22","593","A"
"2007-04-23","948","A"
"2007-04-24","1010","A"
"2007-04-25","1060","A"
"2007-04-26","1080","A"
"2007-04-27","955","A"
"2007-04-28","606","A"
"2007-04-29","606","A"
"2007-04-30","1010","A"
"2007-05-01","1010","A"
"2007-05-02","1000","A"
"2007-05-03","918","A"
"2007-05-04","1010","A"
"2007-05-05","600","A"
"2007-05-06","598","A"
"2007-05-07","928","A"
"2007-05-08","953","A"
"2007-05-09","1120","A"
"2007-05-10","1010","A"
"2007-05-11","1010","A"
"2007-05-12","590","A"
"2007-05-13","596","A"
"2007-05-14","1010","A"
"2007-05-15","1030","A"
"2007-05-16","1010","A"
"2007-05-17","1010","A"
"2007-05-18","1010","A"
"2007-05-19","601","A"
"2007-05-20","606","A"
"2007-05-21","1040","A"
"2007-05-22","1250","A"
"2007-05-23","1250","A"
"2007-05-24","1220","A"
"2007-05-25","1800","A"
"2007-05-26","1020","A"
"2007-05-27","1010","A"
"2007-05-28","1800","A"
"2007-05-29","2250","A"
"2007-05-30","2350","A"
"2007-05-31","2350","A"
"2007-06-01","2360","A"
"2007-06-02","606","A"
"2007-06-03","791","A"
"2007-06-04","2020","A"
"2007-06-05","1900","A"
"2007-06-06","2130","A"
"2007-06-07","2270","A"
"2007-06-08","2110","A"
"2007-06-09","1110","A"
"2007-06-10","1050","A"
"2007-06-11","2010","A"
"2007-06-12","2200","A"
"2007-06-13","2370","A"
"2007-06-14","2140","A"
"2007-06-15","2160","A"
"2007-06-16","621","A"
"2007-06-17","1010","A"
"2007-06-18","2150","A"
"2007-06-19","1710","A"
"2007-06-20","1470","A"
"2007-06-21","1420","A"
"2007-06-22","1560","A"
"2007-06-23","621","A"
"2007-06-24","851","A"
"2007-06-25","1500","A"
"2007-06-26","1070","A"
"2007-06-27","1480","A"
"2007-06-28","1350","A"
"2007-06-29","1060","A"
"2007-06-30","664","A"
"2007-07-01","956","A"
"2007-07-02","1440","A"
"2007-07-03","1220","A"
"2007-07-04","1170","A"
"2007-07-05","1420","A"
"2007-07-06","1430","A"
"2007-07-07","517","A"
"2007-07-08","727","A"
"2007-07-09","1410","A"
"2007-07-10","1110","A"
"2007-07-11","1320","A"
"2007-07-12","1340","A"
"2007-07-13","1250","A"
"2007-07-14","661","A"
"2007-07-15","1110","A"
"2007-07-16","1310","A"
"2007-07-17","1310","A"
"2007-07-18","1270","A"
"2007-07-19","1240","A"
"2007-07-20","1230","A"
"2007-07-21","713","A"
"2007-07-22","823","A"
"2007-07-23","952","A"
"2007-07-24","1450","A"
"2007-07-25","1430","A"
"2007-07-26","1420","A"
"2007-07-27","1440","A"
"2007-07-28","784","A"
"2007-07-29","718","A"
"2007-07-30","1180","A"
"2007-07-31","1220","A"
"2007-08-01","1250","A"
"2007-08-02","1200","A"
"2007-08-03","1200","A"
"2007-08-04","876","A"
"2007-08-05","884","A"
"2007-08-06","1190","A"
"2007-08-07","1240","A"
"2007-08-08","1380","A"
"2007-08-09","1220","A"
"2007-08-10","1100","A"
"2007-08-11","665","A"
"2007-08-12","954","A"
"2007-08-13","2060","A"
"2007-08-14","1400","A"
"2007-08-15","1100","A"
"2007-08-16","1280","A"
"2007-08-17","1270","A"
"2007-08-18","1040","A"
"2007-08-19","1030","A"
"2007-08-20","1230","A"
"2007-08-21","1280","A"
"2007-08-22","1280","A"
"2007-08-23","1460","A"
"2007-08-24","1280","A"
"2007-08-25","1150","A"
"2007-08-26","1180","A"
"2007-08-27","1950","A"
"2007-08-28","1430","A"
"2007-08-29","1570","A"
"2007-08-30","1990","A"
"2007-08-31","1660","A"
"2007-09-01","798","A"
"2007-09-02","1510","A"
"2007-09-03","1910","A"
"2007-09-04","1400","A"
"2007-09-05","1720","A"
"2007-09-06","1710","A"
"2007-09-07","1620","A"
"2007-09-08","1110","A"
"2007-09-09","1070","A"
"2007-09-10","1720","A"
"2007-09-11","1730","A"
"2007-09-12","1730","A"
"2007-09-13","2030","A"
"2007-09-14","2040","A"
"2007-09-15","1340","A"
"2007-09-16","1330","A"
"2007-09-17","2350","A"
"2007-09-18","1310","A"
"2007-09-19","1450","A"
"2007-09-20","1440","A"
"2007-09-21","1780","A"
"2007-09-22","1020","A"
"2007-09-23","1030","A"
"2007-09-24","1460","A"
"2007-09-25","1450","A"
"2007-09-26","1430","A"
"2007-09-27","1420","A"
"2007-09-28","1290","A"
"2007-09-29","1190","A"
"2007-09-30","1190","A"
"2007-10-01","1410","A"
"2007-10-02","1390","A"
"2007-10-03","1550","A"
"2007-10-04","1600","A"
"2007-10-05","1590","A"
"2007-10-06","1260","A"
"2007-10-07","1120","A"
"2007-10-08","1790","A"
"2007-10-09","1770","A"
"2007-10-10","2020","A"
"2007-10-11","2490","A"
"2007-10-12","2800","A"
"2007-10-13","1180","A"
"2007-10-14","1180","A"
"2007-10-15","3280","A"
"2007-10-16","3020","A"
"2007-10-17","2810","A"
"2007-10-18","3200","A"
"2007-10-19","2220","A"
"2007-10-20","1140","A"
"2007-10-21","1170","A"
"2007-10-22","1670","A"
"2007-10-23","1280","A"
"2007-10-24","1280","A"
"2007-10-25","1530","A"
"2007-10-26","1400","A"
"2007-10-27","995","A"
"2007-10-28","933","A"
"2007-10-29","1140","A"
"2007-10-30","1310","A"
"2007-10-31","1300","A"
"2007-11-01","1270","A"
"2007-11-02","1650","A"
"2007-11-03","935","A"
"2007-11-04","1140","A"
"2007-11-05","2630","A"
"2007-11-06","3050","A"
"2007-11-07","3340","A"
"2007-11-08","3310","A"
"2007-11-09","3320","A"
"2007-11-10","1290","A"
"2007-11-11","1290","A"
"2007-11-12","3040","A"
"2007-11-13","3070","A"
"2007-11-14","3640","A"
"2007-11-15","3720","A"
"2007-11-16","2900","A"
"2007-11-17","1150","A"
"2007-11-18","1040","A"
"2007-11-19","2110","A"
"2007-11-20","2180","A"
"2007-11-21","2480","A"
"2007-11-22","2070","A"
"2007-11-23","2130","A"
"2007-11-24","746","A"
"2007-11-25","944","A"
"2007-11-26","1320","A"
"2007-11-27","1120","A"
"2007-11-28","1110","A"
"2007-11-29","1150","A"
"2007-11-30","1190","A"
"2007-12-01","745","A"
"2007-12-02","751","A"
"2007-12-03","1100","A"
"2007-12-04","1170","A"
"2007-12-05","1110","A"
"2007-12-06","1160","A"
"2007-12-07","1210","A"
"2007-12-08","756","A"
"2007-12-09","754","A"
"2007-12-10","1070","A"
"2007-12-11","1170","A"
"2007-12-12","1160","A"
"2007-12-13","1150","A"
"2007-12-14","1180","A"
"2007-12-15","707","A"
"2007-12-16","752","A"
"2007-12-17","1150","A"
"2007-12-18","913","A"
"2007-12-19","913","A"
"2007-12-20","869","A"
"2007-12-21","740","A"
"2007-12-22","735","A"
"2007-12-23","741","A"
"2007-12-24","895","A"
"2007-12-25","905","A"
"2007-12-26","936","A"
"2007-12-27","943","A"
"2007-12-28","869","A"
"2007-12-29","744","A"
"2007-12-30","552","A"
"2007-12-31","891","A"
"2008-01-01","733","A"
"2008-01-02","947","A"
"2008-01-03","859","A"
"2008-01-04","885","A"
"2008-01-05","742","A"
"2008-01-06","551","A"
"2008-01-07","898","A"
"2008-01-08","885","A"
"2008-01-09","946","A"
"2008-01-10","948","A"
"2008-01-11","556","A"
"2008-01-12","549","A"
"2008-01-13","745","A"
"2008-01-14","555","A"
"2008-01-15","949","A"
"2008-01-16","553","A"
"2008-01-17","750","A"
"2008-01-18","553","A"
"2008-01-19","560","A"
"2008-01-20","561","A"
"2008-01-21","759","A"
"2008-01-22","561","A"
"2008-01-23","561","A"
"2008-01-24","765","A"
"2008-01-25","763","A"
"2008-01-26","568","A"
"2008-01-27","568","A"
"2008-01-28","777","A"
"2008-01-29","582","A"
"2008-01-30","578","A"
"2008-01-31","575","A"
"2008-02-01","593","A"
"2008-02-02","581","A"
"2008-02-03","752","A"
"2008-02-04","755","A"
"2008-02-05","583","A"
"2008-02-06","583","A"
"2008-02-07","583","A"
"2008-02-08","583","A"
"2008-02-09","583","A"
"2008-02-10","583","A"
"2008-02-11","590","A"
"2008-02-12","588","A"
"2008-02-13","583","A"
"2008-02-14","583","A"
"2008-02-15","581","A"
"2008-02-16","583","A"
"2008-02-17","603","A"
"2008-02-18","602","A"
"2008-02-19","592","A"
"2008-02-20","585","A"
"2008-02-21","586","A"
"2008-02-22","594","A"
"2008-02-23","590","A"
"2008-02-24","585","A"
"2008-02-25","581","A"
"2008-02-26","926","A"
"2008-02-27","972","A"
"2008-02-28","1110","A"
"2008-02-29","930","A"
"2008-03-01","1050","A"
"2008-03-02","1050","A"
"2008-03-03","1050","A"
"2008-03-04","937","A"
"2008-03-05","927","A"
"2008-03-06","539","A"
"2008-03-07","540","A"
"2008-03-08","539","A"
"2008-03-09","539","A"
"2008-03-10","539","A"
"2008-03-11","539","A"
"2008-03-12","728","A"
"2008-03-13","720","A"
"2008-03-14","469","A"
"2008-03-15","459","A"
"2008-03-16","455","A"
"2008-03-17","446","A"
"2008-03-18","446","A"
"2008-03-19","459","A"
"2008-03-20","473","A"
"2008-03-21","459","A"
"2008-03-22","444","A"
"2008-03-23","451","A"
"2008-03-24","455","A"
"2008-03-25","455","A"
"2008-03-26","455","A"
"2008-03-27","802","A"
"2008-03-28","455","A"
"2008-03-29","455","A"
"2008-03-30","455","A"
"2008-03-31","455","A"
"2008-04-01","455","A"
"2008-04-02","455","A"
"2008-04-03","455","A"
"2008-04-04","455","A"
"2008-04-05","465","A"
"2008-04-06","455","A"
"2008-04-07","455","A"
"2008-04-08","455","A"
"2008-04-09","455","A"
"2008-04-10","455","A"
"2008-04-11","460","A"
"2008-04-12","467","A"
"2008-04-13","463","A"
"2008-04-14","460","A"
"2008-04-15","640","A"
"2008-04-16","455","A"
"2008-04-17","455","A"
"2008-04-18","455","A"
"2008-04-19","459","A"
"2008-04-20","455","A"
"2008-04-21","1140","A"
"2008-04-22","460","A"
"2008-04-23","455","A"
"2008-04-24","455","A"
"2008-04-25","1550","A"
"2008-04-26","455","A"
"2008-04-27","455","A"
"2008-04-28","455","A"
"2008-04-29","455","A"
"2008-04-30","455","A"
"2008-05-01","1220","A"
"2008-05-02","916","A"
"2008-05-03","568","A"
"2008-05-04","950","A"
"2008-05-05","900","A"
"2008-05-06","906","A"
"2008-05-07","568","A"
"2008-05-08","568","A"
"2008-05-09","917","A"
"2008-05-10","568","A"
"2008-05-11","858","A"
"2008-05-12","760","A"
"2008-05-13","568","A"
"2008-05-14","568","A"
"2008-05-15","571","A"
"2008-05-16","570","A"
"2008-05-17","571","A"
"2008-05-18","579","A"
"2008-05-19","964","A"
"2008-05-20","952","A"
"2008-05-21","568","A"
"2008-05-22","954","A"
"2008-05-23","923","A"
"2008-05-24","568","A"
"2008-05-25","568","A"
"2008-05-26","568","A"
"2008-05-27","568","A"
"2008-05-28","577","A"
"2008-05-29","765","A"
"2008-05-30","952","A"
"2008-05-31","575","A"
"2008-06-01","580","A"
"2008-06-02","960","A"
"2008-06-03","957","A"
"2008-06-04","575","A"
"2008-06-05","956","A"
"2008-06-06","773","A"
"2008-06-07","583","A"
"2008-06-08","971","A"
"2008-06-09","1340","A"
"2008-06-10","1150","A"
"2008-06-11","1160","A"
"2008-06-12","572","A"
"2008-06-13","574","A"
"2008-06-14","1150","A"
"2008-06-15","969","A"
"2008-06-16","1160","A"
"2008-06-17","932","A"
"2008-06-18","928","A"
"2008-06-19","968","A"
"2008-06-20","1270","A"
"2008-06-21","575","A"
"2008-06-22","773","A"
"2008-06-23","1150","A"
"2008-06-24","1310","A"
"2008-06-25","978","A"
"2008-06-26","1120","A"
"2008-06-27","1700","A"
"2008-06-28","583","A"
"2008-06-29","1130","A"
"2008-06-30","1120","A"
"2008-07-01","975","A"
"2008-07-02","987","A"
"2008-07-03","947","A"
"2008-07-04","902","A"
"2008-07-05","947","A"
"2008-07-06","1400","A"
"2008-07-07","983","A"
"2008-07-08","973","A"
"2008-07-09","986","A"
"2008-07-10","593","A"
"2008-07-11","595","A"
"2008-07-12","940","A"
"2008-07-13","951","A"
"2008-07-14","598","A"
"2008-07-15","988","A"
"2008-07-16","947","A"
"2008-07-17","944","A"
"2008-07-18","949","A"
"2008-07-19","979","A"
"2008-07-20","945","A"
"2008-07-21","946","A"
"2008-07-22","977","A"
"2008-07-23","590","A"
"2008-07-24","984","A"
"2008-07-25","982","A"
"2008-07-26","988","A"
"2008-07-27","985","A"
"2008-07-28","984","A"
"2008-07-29","984","A"
"2008-07-30","590","A"
"2008-07-31","790","A"
"2008-08-01","989","A"
"2008-08-02","989","A"
"2008-08-03","982","A"
"2008-08-04","1170","A"
"2008-08-05","981","A"
"2008-08-06","1320","A"
"2008-08-07","1390","A"
"2008-08-08","947","A"
"2008-08-09","930","A"
"2008-08-10","934","A"
"2008-08-11","979","A"
"2008-08-12","979","A"
"2008-08-13","986","A"
"2008-08-14","1120","A"
"2008-08-15","1570","A"
"2008-08-16","986","A"
"2008-08-17","985","A"
"2008-08-18","939","A"
"2008-08-19","1180","A"
"2008-08-20","1190","A"
"2008-08-21","1180","A"
"2008-08-22","1190","A"
"2008-08-23","991","A"
"2008-08-24","991","A"
"2008-08-25","597","A"
"2008-08-26","624","A"
"2008-08-27","593","A"
"2008-08-28","590","A"
"2008-08-29","982","A"
"2008-08-30","945","A"
"2008-08-31","579","A"
"2008-09-01","962","A"
"2008-09-02","973","A"
"2008-09-03","973","A"
"2008-09-04","976","A"
"2008-09-05","975","A"
"2008-09-06","984","A"
"2008-09-07","980","A"
"2008-09-08","980","A"
"2008-09-09","952","A"
"2008-09-10","583","A"
"2008-09-11","978","A"
"2008-09-12","975","A"
"2008-09-13","946","A"
"2008-09-14","974","A"
"2008-09-15","942","A"
"2008-09-16","960","A"
"2008-09-17","1160","A"
"2008-09-18","981","A"
"2008-09-19","946","A"
"2008-09-20","968","A"
"2008-09-21","969","A"
"2008-09-22","984","A"
"2008-09-23","981","A"
"2008-09-24","1140","A"
"2008-09-25","1180","A"
"2008-09-26","1150","A"
"2008-09-27","612","A"
"2008-09-28","984","A"
"2008-09-29","984","A"
"2008-09-30","1150","A"
"2008-10-01","1140","A"
"2008-10-02","954","A"
"2008-10-03","981","A"
"2008-10-04","955","A"
"2008-10-05","985","A"
"2008-10-06","987","A"
"2008-10-07","986","A"
"2008-10-08","995","A"
"2008-10-09","598","A"
"2008-10-10","594","A"
"2008-10-11","789","A"
"2008-10-12","987","A"
"2008-10-13","787","A"
"2008-10-14","772","A"
"2008-10-15","997","A"
"2008-10-16","963","A"
"2008-10-17","963","A"
"2008-10-18","954","A"
"2008-10-19","950","A"
"2008-10-20","984","A"
"2008-10-21","956","A"
"2008-10-22","986","A"
"2008-10-23","996","A"
"2008-10-24","990","A"
"2008-10-25","993","A"
"2008-10-26","598","A"
"2008-10-27","789","A"
"2008-10-28","963","A"
"2008-10-29","961","A"
"2008-10-30","1350","A"
"2008-10-31","916","A"
"2008-11-01","989","A"
"2008-11-02","955","A"
"2008-11-03","956","A"
"2008-11-04","1190","A"
"2008-11-05","960","A"
"2008-11-06","987","A"
"2008-11-07","1360","A"
"2008-11-08","967","A"
"2008-11-09","963","A"
"2008-11-10","965","A"
"2008-11-11","1360","A"
"2008-11-12","993","A"
"2008-11-13","972","A"
"2008-11-14","966","A"
"2008-11-15","797","A"
"2008-11-16","799","A"
"2008-11-17","1000","A"
"2008-11-18","959","A"
"2008-11-19","796","A"
"2008-11-20","599","A"
"2008-11-21","972","A"
"2008-11-22","973","A"
"2008-11-23","967","A"
"2008-11-24","967","A"
"2008-11-25","594","A"
"2008-11-26","800","A"
"2008-11-27","795","A"
"2008-11-28","800","A"
"2008-11-29","596","A"
"2008-11-30","590","A"
"2008-12-01","597","A"
"2008-12-02","598","A"
"2008-12-03","795","A"
"2008-12-04","796","A"
"2008-12-05","590","A"
"2008-12-06","590","A"
"2008-12-07","590","A"
"2008-12-08","793","A"
"2008-12-09","590","A"
"2008-12-10","605","A"
"2008-12-11","610","A"
"2008-12-12","598","A"
"2008-12-13","590","A"
"2008-12-14","586","A"
"2008-12-15","583","A"
"2008-12-16","583","A"
"2008-12-17","779","A"
"2008-12-18","778","A"
"2008-12-19","776","A"
"2008-12-20","568","A"
"2008-12-21","572","A"
"2008-12-22","570","A"
"2008-12-23","568","A"
"2008-12-24","569","A"
"2008-12-25","571","A"
"2008-12-26","568","A"
"2008-12-27","568","A"
"2008-12-28","568","A"
"2008-12-29","568","A"
"2008-12-30","568","A"
"2008-12-31","568","A"
"2009-01-01","568","A"
"2009-01-02","737","A"
"2009-01-03","568","A"
"2009-01-04","568","A"
"2009-01-05","568","A"
"2009-01-06","679","A"
"2009-01-07","611","A"
"2009-01-08","574","A"
"2009-01-09","568","A"
"2009-01-10","568","A"
"2009-01-11","568","A"
"2009-01-12","568","A"
"2009-01-13","568","A"
"2009-01-14","568","A"
"2009-01-15","568","A"
"2009-01-16","564","A"
"2009-01-17","561","A"
"2009-01-18","561","A"
"2009-01-19","561","A"
"2009-01-20","562","A"
"2009-01-21","563","A"
"2009-01-22","561","A"
"2009-01-23","754","A"
"2009-01-24","553","A"
"2009-01-25","549","A"
"2009-01-26","538","A"
"2009-01-27","531","A"
"2009-01-28","724","A"
"2009-01-29","724","A"
"2009-01-30","716","A"
"2009-01-31","531","A"
"2009-02-01","531","A"
"2009-02-02","527","A"
"2009-02-03","527","A"
"2009-02-04","828","A"
"2009-02-05","728","A"
"2009-02-06","920","A"
"2009-02-07","736","A"
"2009-02-08","546","A"
"2009-02-09","737","A"
"2009-02-10","548","A"
"2009-02-11","738","A"
"2009-02-12","740","A"
"2009-02-13","928","A"
"2009-02-14","544","A"
"2009-02-15","543","A"
"2009-02-16","741","A"
"2009-02-17","541","A"
"2009-02-18","549","A"
"2009-02-19","553","A"
"2009-02-20","553","A"
"2009-02-21","549","A"
"2009-02-22","552","A"
"2009-02-23","582","A"
"2009-02-24","1150","A"
"2009-02-25","1160","A"
"2009-02-26","590","A"
"2009-02-27","594","A"
"2009-02-28","604","A"
"2009-03-01","618","A"
"2009-03-02","609","A"
"2009-03-03","598","A"
"2009-03-04","598","A"
"2009-03-05","598","A"
"2009-03-06","598","A"
"2009-03-07","598","A"
"2009-03-08","598","A"
"2009-03-09","598","A"
"2009-03-10","598","A"
"2009-03-11","586","A"
"2009-03-12","545","A"
"2009-03-13","539","A"
"2009-03-14","539","A"
"2009-03-15","561","A"
"2009-03-16","553","A"
"2009-03-17","553","A"
"2009-03-18","553","A"
"2009-03-19","553","A"
"2009-03-20","553","A"
"2009-03-21","553","A"
"2009-03-22","553","A"
"2009-03-23","553","A"
"2009-03-24","749","A"
"2009-03-25","557","A"
"2009-03-26","561","A"
"2009-03-27","582","A"
"2009-03-28","579","A"
"2009-03-29","567","A"
"2009-03-30","557","A"
"2009-03-31","553","A"
"2009-04-01","553","A"
"2009-04-02","553","A"
"2009-04-03","524","A"
"2009-04-04","469","A"
"2009-04-05","468","A"
"2009-04-06","468","A"
"2009-04-07","468","A"
"2009-04-08","468","A"
"2009-04-09","468","A"
"2009-04-10","470","A"
"2009-04-11","474","A"
"2009-04-12","468","A"
"2009-04-13","475","A"
"2009-04-14","468","A"
"2009-04-15","468","A"
"2009-04-16","468","A"
"2009-04-17","468","A"
"2009-04-18","468","A"
"2009-04-19","469","A"
"2009-04-20","487","A"
"2009-04-21","482","A"
"2009-04-22","482","A"
"2009-04-23","484","A"
"2009-04-24","484","A"
"2009-04-25","482","A"
"2009-04-26","482","A"
"2009-04-27","826","A"
"2009-04-28","551","A"
"2009-04-29","881","A"
"2009-04-30","891","A"
"2009-05-01","879","A"
"2009-05-02","553","A"
"2009-05-03","554","A"
"2009-05-04","557","A"
"2009-05-05","553","A"
"2009-05-06","553","A"
"2009-05-07","553","A"
"2009-05-08","553","A"
"2009-05-09","553","A"
"2009-05-10","553","A"
"2009-05-11","553","A"
"2009-05-12","553","A"
"2009-05-13","751","A"
"2009-05-14","553","A"
"2009-05-15","923","A"
"2009-05-16","553","A"
"2009-05-17","553","A"
"2009-05-18","553","A"
"2009-05-19","553","A"
"2009-05-20","553","A"
"2009-05-21","730","A"
"2009-05-22","1160","A"
"2009-05-23","553","A"
"2009-05-24","565","A"
"2009-05-25","558","A"
"2009-05-26","575","A"
"2009-05-27","567","A"
"2009-05-28","561","A"
"2009-05-29","561","A"
"2009-05-30","557","A"
"2009-05-31","559","A"
"2009-06-01","659","A"
"2009-06-02","660","A"
"2009-06-03","662","A"
"2009-06-04","576","A"
"2009-06-05","579","A"
"2009-06-06","575","A"
"2009-06-07","575","A"
"2009-06-08","575","A"
"2009-06-09","754","A"
"2009-06-10","1080","A"
"2009-06-11","1050","A"
"2009-06-12","1050","A"
"2009-06-13","622","A"
"2009-06-14","644","A"
"2009-06-15","1100","A"
"2009-06-16","1160","A"
"2009-06-17","926","A"
"2009-06-18","954","A"
"2009-06-19","1040","A"
"2009-06-20","843","A"
"2009-06-21","846","A"
"2009-06-22","841","A"
"2009-06-23","1240","A"
"2009-06-24","1150","A"
"2009-06-25","1030","A"
"2009-06-26","999","A"
"2009-06-27","858","A"
"2009-06-28","858","A"
"2009-06-29","1070","A"
"2009-06-30","1150","A"
"2009-07-01","1050","A"
"2009-07-02","1240","A"
"2009-07-03","1250","A"
"2009-07-04","637","A"
"2009-07-05","854","A"
"2009-07-06","1490","A"
"2009-07-07","1070","A"
"2009-07-08","1080","A"
"2009-07-09","1080","A"
"2009-07-10","849","A"
"2009-07-11","869","A"
"2009-07-12","841","A"
"2009-07-13","661","A"
"2009-07-14","861","A"
"2009-07-15","862","A"
"2009-07-16","875","A"
"2009-07-17","878","A"
"2009-07-18","861","A"
"2009-07-19","1070","A"
"2009-07-20","1300","A"
"2009-07-21","1100","A"
"2009-07-22","1100","A"
"2009-07-23","1100","A"
"2009-07-24","1100","A"
"2009-07-25","847","A"
"2009-07-26","852","A"
"2009-07-27","1110","A"
"2009-07-28","890","A"
"2009-07-29","877","A"
"2009-07-30","1060","A"
"2009-07-31","855","A"
"2009-08-01","677","A"
"2009-08-02","884","A"
"2009-08-03","980","A"
"2009-08-04","1020","A"
"2009-08-05","1010","A"
"2009-08-06","848","A"
"2009-08-07","1100","A"
"2009-08-08","878","A"
"2009-08-09","893","A"
"2009-08-10","1030","A"
"2009-08-11","1110","A"
"2009-08-12","1320","A"
"2009-08-13","1260","A"
"2009-08-14","1080","A"
"2009-08-15","878","A"
"2009-08-16","894","A"
"2009-08-17","895","A"
"2009-08-18","1080","A"
"2009-08-19","1290","A"
"2009-08-20","1060","A"
"2009-08-21","1100","A"
"2009-08-22","887","A"
"2009-08-23","677","A"
"2009-08-24","1090","A"
"2009-08-25","1060","A"
"2009-08-26","1110","A"
"2009-08-27","1080","A"
"2009-08-28","683","A"
"2009-08-29","884","A"
"2009-08-30","677","A"
"2009-08-31","677","A"
"2009-09-01","982","A"
"2009-09-02","1110","A"
"2009-09-03","1080","A"
"2009-09-04","1060","A"
"2009-09-05","878","A"
"2009-09-06","886","A"
"2009-09-07","1030","A"
"2009-09-08","1110","A"
"2009-09-09","1110","A"
"2009-09-10","1060","A"
"2009-09-11","881","A"
"2009-09-12","882","A"
"2009-09-13","882","A"
"2009-09-14","1050","A"
"2009-09-15","1500","A"
"2009-09-16","1110","A"
"2009-09-17","947","A"
"2009-09-18","677","A"
"2009-09-19","677","A"
"2009-09-20","677","A"
"2009-09-21","839","A"
"2009-09-22","732","A"
"2009-09-23","712","A"
"2009-09-24","711","A"
"2009-09-25","711","A"
"2009-09-26","721","A"
"2009-09-27","722","A"
"2009-09-28","711","A"
"2009-09-29","711","A"
"2009-09-30","711","A"
"2009-10-01","904","A"
"2009-10-02","1260","A"
"2009-10-03","867","A"
"2009-10-04","860","A"
"2009-10-05","657","A"
"2009-10-06","652","A"
"2009-10-07","667","A"
"2009-10-08","660","A"
"2009-10-09","661","A"
"2009-10-10","665","A"
"2009-10-11","660","A"
"2009-10-12","831","A"
"2009-10-13","706","A"
"2009-10-14","703","A"
"2009-10-15","698","A"
"2009-10-16","694","A"
"2009-10-17","694","A"
"2009-10-18","690","A"
"2009-10-19","685","A"
"2009-10-20","1400","A"
"2009-10-21","1250","A"
"2009-10-22","2170","A"
"2009-10-23","1100","A"
"2009-10-24","636","A"
"2009-10-25","820","A"
"2009-10-26","5060","A"
"2009-10-27","715","A"
"2009-10-28","4370","A"
"2009-10-29","5180","A"
"2009-10-30","5570","A"
"2009-10-31","624","A"
"2009-11-01","624","A"
"2009-11-02","4670","A"
"2009-11-03","3850","A"
"2009-11-04","3860","A"
"2009-11-05","3830","A"
"2009-11-06","3430","A"
"2009-11-07","613","A"
"2009-11-08","613","A"
"2009-11-09","2660","A"
"2009-11-10","680","A"
"2009-11-11","705","A"
"2009-11-12","632","A"
"2009-11-13","615","A"
"2009-11-14","5280","A"
"2009-11-15","5550","A"
"2009-11-16","5550","A"
"2009-11-17","5270","A"
"2009-11-18","6820","A"
"2009-11-19","6690","A"
"2009-11-20","6100","A"
"2009-11-21","820","A"
"2009-11-22","613","A"
"2009-11-23","6430","A"
"2009-11-24","5980","A"
"2009-11-25","6080","A"
"2009-11-26","6220","A"
"2009-11-27","6200","A"
"2009-11-28","891","A"
"2009-11-29","613","A"
"2009-11-30","613","A"
"2009-12-01","613","A"
"2009-12-02","645","A"
"2009-12-03","629","A"
"2009-12-04","3180","A"
"2009-12-05","7200","A"
"2009-12-06","7260","A"
"2009-12-07","6980","A"
"2009-12-08","875","A"
"2009-12-09","687","A"
"2009-12-10","4290","A"
"2009-12-11","7240","A"
"2009-12-12","890","A"
"2009-12-13","5700","A"
"2009-12-14","6610","A"
"2009-12-15","7170","A"
"2009-12-16","7120","A"
"2009-12-17","6990","A"
"2009-12-18","924","A"
"2009-12-19","3640","A"
"2009-12-20","7140","A"
"2009-12-21","7170","A"
"2009-12-22","7170","A"
"2009-12-23","7170","A"
"2009-12-24","891","A"
"2009-12-25","648","A"
"2009-12-26","5560","A"
"2009-12-27","6370","A"
"2009-12-28","6770","A"
"2009-12-29","7160","A"
"2009-12-30","7170","A"
"2009-12-31","7180","A"
"2010-01-01","5620","A"
"2010-01-02","893","A"
"2010-01-03","613","A"
"2010-01-04","3900","A"
"2010-01-05","3460","A"
"2010-01-06","3650","A"
"2010-01-07","3470","A"
"2010-01-08","3890","A"
"2010-01-09","613","A"
"2010-01-10","613","A"
"2010-01-11","3060","A"
"2010-01-12","2440","A"
"2010-01-13","2240","A"
"2010-01-14","2050","A"
"2010-01-15","2040","A"
"2010-01-16","613","A"
"2010-01-17","626","A"
"2010-01-18","4130","A"
"2010-01-19","4100","A"
"2010-01-20","609","A"
"2010-01-21","613","A"
"2010-01-22","6550","A"
"2010-01-23","5420","A"
"2010-01-24","645","A"
"2010-01-25","624","A"
"2010-01-26","5260","A"
"2010-01-27","6940","A"
"2010-01-28","6590","A"
"2010-01-29","875","A"
"2010-01-30","5240","A"
"2010-01-31","6320","A"
"2010-02-01","7220","A"
"2010-02-02","6280","A"
"2010-02-03","6860","A"
"2010-02-04","3470","A"
"2010-02-05","664","A"
"2010-02-06","5090","A"
"2010-02-07","6850","A"
"2010-02-08","6840","A"
"2010-02-09","5610","A"
"2010-02-10","6830","A"
"2010-02-11","6870","A"
"2010-02-12","6900","A"
"2010-02-13","7010","A"
"2010-02-14","6870","A"
"2010-02-15","6900","A"
"2010-02-16","6910","A"
"2010-02-17","5060","A"
"2010-02-18","4890","A"
"2010-02-19","4580","A"
"2010-02-20","613","A"
"2010-02-21","625","A"
"2010-02-22","4170","A"
"2010-02-23","4470","A"
"2010-02-24","4770","A"
"2010-02-25","5320","A"
"2010-02-26","4510","A"
"2010-02-27","608","A"
"2010-02-28","612","A"
"2010-03-01","3860","A"
"2010-03-02","2470","A"
"2010-03-03","2860","A"
"2010-03-04","3880","A"
"2010-03-05","3900","A"
"2010-03-06","1820","A"
"2010-03-07","1810","A"
"2010-03-08","2000","A"
"2010-03-09","3360","A"
"2010-03-10","641","A"
"2010-03-11","627","A"
"2010-03-12","625","A"
"2010-03-13","2250","A"
"2010-03-14","4250","A"
"2010-03-15","6130","A"
"2010-03-16","6430","A"
"2010-03-17","6600","A"
"2010-03-18","7150","A"
"2010-03-19","5520","A"
"2010-03-20","682","A"
"2010-03-21","618","A"
"2010-03-22","3520","A"
"2010-03-23","4230","A"
"2010-03-24","4430","A"
"2010-03-25","4350","A"
"2010-03-26","4230","A"
"2010-03-27","613","A"
"2010-03-28","613","A"
"2010-03-29","3270","A"
"2010-03-30","3480","A"
"2010-03-31","3080","A"
"2010-04-01","3110","A"
"2010-04-02","2700","A"
"2010-04-03","621","A"
"2010-04-04","621","A"
"2010-04-05","2290","A"
"2010-04-06","1410","A"
"2010-04-07","1420","A"
"2010-04-08","631","A"
"2010-04-09","1360","A"
"2010-04-10","629","A"
"2010-04-11","629","A"
"2010-04-12","1150","A"
"2010-04-13","1420","A"
"2010-04-14","1210","A"
"2010-04-15","1380","A"
"2010-04-16","1180","A"
"2010-04-17","633","A"
"2010-04-18","636","A"
"2010-04-19","1020","A"
"2010-04-20","1350","A"
"2010-04-21","1230","A"
"2010-04-22","1250","A"
"2010-04-23","1250","A"
"2010-04-24","644","A"
"2010-04-25","642","A"
"2010-04-26","1250","A"
"2010-04-27","3090","A"
"2010-04-28","3080","A"
"2010-04-29","3170","A"
"2010-04-30","3140","A"
"2010-05-01","629","A"
"2010-05-02","629","A"
"2010-05-03","648","A"
"2010-05-04","3260","A"
"2010-05-05","5670","A"
"2010-05-06","5680","A"
"2010-05-07","5640","A"
"2010-05-08","3760","A"
"2010-05-09","3700","A"
"2010-05-10","3030","A"
"2010-05-11","2110","A"
"2010-05-12","2810","A"
"2010-05-13","2940","A"
"2010-05-14","3290","A"
"2010-05-15","638","A"
"2010-05-16","636","A"
"2010-05-17","4450","A"
"2010-05-18","3470","A"
"2010-05-19","3640","A"
"2010-05-20","2250","A"
"2010-05-21","2340","A"
"2010-05-22","644","A"
"2010-05-23","644","A"
"2010-05-24","2290","A"
"2010-05-25","3940","A"
"2010-05-26","3990","A"
"2010-05-27","4010","A"
"2010-05-28","4100","A"
"2010-05-29","644","A"
"2010-05-30","644","A"
"2010-05-31","645","A"
"2010-06-01","3180","A"
"2010-06-02","2310","A"
"2010-06-03","2110","A"
"2010-06-04","1270","A"
"2010-06-05","644","A"
"2010-06-06","644","A"
"2010-06-07","1760","A"
"2010-06-08","1980","A"
"2010-06-09","1900","A"
"2010-06-10","1320","A"
"2010-06-11","1230","A"
"2010-06-12","644","A"
"2010-06-13","644","A"
"2010-06-14","1340","A"
"2010-06-15","1070","A"
"2010-06-16","1030","A"
"2010-06-17","1520","A:e"
"2010-06-18","1880","A"
"2010-06-19","644","A"
"2010-06-20","644","A"
"2010-06-21","1810","A"
"2010-06-22","1530","A"
"2010-06-23","1470","A"
"2010-06-24","1410","A"
"2010-06-25","1580","A"
"2010-06-26","644","A"
"2010-06-27","637","A"
"2010-06-28","1850","A"
"2010-06-29","1460","A"
"2010-06-30","1450","A"
"2010-07-01","1450","A"
"2010-07-02","1460","A"
"2010-07-03","921","A"
"2010-07-04","645","A"
"2010-07-05","1030","A"
"2010-07-06","1270","A"
"2010-07-07","2130","A"
"2010-07-08","2860","A"
"2010-07-09","2740","A"
"2010-07-10","644","A"
"2010-07-11","1060","A"
"2010-07-12","1500","A"
"2010-07-13","1470","A"
"2010-07-14","1490","A"
"2010-07-15","1440","A"
"2010-07-16","1560","A"
"2010-07-17","663","A"
"2010-07-18","660","A"
"2010-07-19","1170","A"
"2010-07-20","1590","A"
"2010-07-21","1450","A"
"2010-07-22","1200","A"
"2010-07-23","1040","A"
"2010-07-24","644","A"
"2010-07-25","855","A"
"2010-07-26","1170","A"
"2010-07-27","1070","A"
"2010-07-28","1300","A"
"2010-07-29","1230","A"
"2010-07-30","1350","A"
"2010-07-31","652","A"
"2010-08-01","864","A"
"2010-08-02","1690","A"
"2010-08-03","1760","A"
"2010-08-04","1060","A"
"2010-08-05","2080","A"
"2010-08-06","1880","A"
"2010-08-07","924","A"
"2010-08-08","832","A"
"2010-08-09","1840","A"
"2010-08-10","1680","A"
"2010-08-11","1670","A"
"2010-08-12","1680","A"
"2010-08-13","1680","A"
"2010-08-14","855","A"
"2010-08-15","857","A"
"2010-08-16","1680","A"
"2010-08-17","1780","A"
"2010-08-18","1780","A"
"2010-08-19","1700","A"
"2010-08-20","1660","A"
"2010-08-21","655","A"
"2010-08-22","644","A"
"2010-08-23","880","A:e"
"2010-08-24","2000","A:e"
"2010-08-25","1680","A"
"2010-08-26","2020","A"
"2010-08-27","1680","A"
"2010-08-28","825","A"
"2010-08-29","788","A"
"2010-08-30","1690","A"
"2010-08-31","1890","A"
"2010-09-01","2100","A"
"2010-09-02","2090","A"
"2010-09-03","1860","A"
"2010-09-04","937","A"
"2010-09-05","851","A"
"2010-09-06","1410","A"
"2010-09-07","1910","A"
"2010-09-08","1270","A"
"2010-09-09","1060","A"
"2010-09-10","1270","A"
"2010-09-11","856","A"
"2010-09-12","856","A"
"2010-09-13","1270","A"
"2010-09-14","1050","A"
"2010-09-15","1060","A"
"2010-09-16","1080","A"
"2010-09-17","1090","A"
"2010-09-18","880","A"
"2010-09-19","878","A"
"2010-09-20","1300","A"
"2010-09-21","1090","A"
"2010-09-22","1090","A"
"2010-09-23","1090","A"
"2010-09-24","1060","A"
"2010-09-25","877","A"
"2010-09-26","676","A"
"2010-09-27","680","A"
"2010-09-28","858","A"
"2010-09-29","652","A"
"2010-09-30","652","A"
"2010-10-01","856","A"
"2010-10-02","647","A"
"2010-10-03","790","A"
"2010-10-04","1270","A"
"2010-10-05","1410","A"
"2010-10-06","1430","A"
"2010-10-07","1500","A"
"2010-10-08","1430","A"
"2010-10-09","846","A"
"2010-10-10","845","A"
"2010-10-11","1340","A"
"2010-10-12","1430","A"
"2010-10-13","1430","A"
"2010-10-14","1250","A"
"2010-10-15","1260","A"
"2010-10-16","917","A"
"2010-10-17","917","A"
"2010-10-18","1280","A"
"2010-10-19","1210","A"
"2010-10-20","1030","A"
"2010-10-21","1600","A"
"2010-10-22","1450","A"
"2010-10-23","916","A"
"2010-10-24","918","A"
"2010-10-25","1410","A"
"2010-10-26","1450","A"
"2010-10-27","1450","A"
"2010-10-28","1450","A"
"2010-10-29","1440","A"
"2010-10-30","917","A"
"2010-10-31","845","A"
"2010-11-01","1450","A"
"2010-11-02","1450","A"
"2010-11-03","1260","A"
"2010-11-04","1750","A"
"2010-11-05","1470","A"
"2010-11-06","841","A"
"2010-11-07","846","A"
"2010-11-08","2110","A"
"2010-11-09","1710","A"
"2010-11-10","1450","A"
"2010-11-11","1420","A"
"2010-11-12","1370","A"
"2010-11-13","918","A"
"2010-11-14","918","A"
"2010-11-15","636","A"
"2010-11-16","636","A"
"2010-11-17","1220","A"
"2010-11-18","1610","A"
"2010-11-19","1340","A"
"2010-11-20","636","A"
"2010-11-21","843","A"
"2010-11-22","1230","A"
"2010-11-23","1220","A"
"2010-11-24","1060","A"
"2010-11-25","1020","A"
"2010-11-26","1030","A"
"2010-11-27","846","A"
"2010-11-28","846","A"
"2010-11-29","1220","A"
"2010-11-30","653","A"
"2010-12-01","645","A"
"2010-12-02","636","A"
"2010-12-03","953","A"
"2010-12-04","636","A"
"2010-12-05","636","A"
"2010-12-06","1030","A"
"2010-12-07","1030","A"
"2010-12-08","1210","A"
"2010-12-09","1210","A"
"2010-12-10","1190","A"
"2010-12-11","629","A"
"2010-12-12","636","A"
"2010-12-13","1050","A"
"2010-12-14","1470","A"
"2010-12-15","1220","A"
"2010-12-16","1050","A"
"2010-12-17","1020","A"
"2010-12-18","623","A"
"2010-12-19","621","A"
"2010-12-20","1580","A"
"2010-12-21","1010","A"
"2010-12-22","1020","A"
"2010-12-23","956","A"
"2010-12-24","1010","A"
"2010-12-25","621","A"
"2010-12-26","621","A"
"2010-12-27","1530","A"
"2010-12-28","1030","A"
"2010-12-29","1010","A"
"2010-12-30","1000","A"
"2010-12-31","1000","A"
"2011-01-01","625","A"
"2011-01-02","628","A"
"2011-01-03","1200","A"
"2011-01-04","1430","A"
"2011-01-05","1430","A"
"2011-01-06","1000","A"
"2011-01-07","1010","A"
"2011-01-08","621","A"
"2011-01-09","611","A"
"2011-01-10","897","A"
"2011-01-11","1010","A"
"2011-01-12","1590","A"
"2011-01-13","1560","A"
"2011-01-14","2040","A"
"2011-01-15","606","A"
"2011-01-16","606","A"
"2011-01-17","996","A"
"2011-01-18","943","A"
"2011-01-19","1000","A"
"2011-01-20","999","A"
"2011-01-21","996","A"
"2011-01-22","606","A"
"2011-01-23","606","A"
"2011-01-24","1410","A"
"2011-01-25","1190","A"
"2011-01-26","1200","A"
"2011-01-27","995","A"
"2011-01-28","996","A"
"2011-01-29","606","A"
"2011-01-30","606","A"
"2011-01-31","984","A"
"2011-02-01","999","A"
"2011-02-02","1010","A"
"2011-02-03","1610","A"
"2011-02-04","611","A"
"2011-02-05","616","A"
"2011-02-06","606","A"
"2011-02-07","1400","A"
"2011-02-08","1430","A:e"
"2011-02-09","1820","A"
"2011-02-10","1400","A"
"2011-02-11","1580","A"
"2011-02-12","606","A"
"2011-02-13","606","A"
"2011-02-14","1960","A"
"2011-02-15","1340","A"
"2011-02-16","1390","A"
"2011-02-17","1290","A:e"
"2011-02-18","1320","A:e"
"2011-02-19","606","A"
"2011-02-20","602","A"
"2011-02-21","1830","A"
"2011-02-22","2420","A"
"2011-02-23","989","A"
"2011-02-24","1180","A"
"2011-02-25","996","A"
"2011-02-26","578","A"
"2011-02-27","575","A"
"2011-02-28","1100","A"
"2011-03-01","1190","A"
"2011-03-02","2090","A"
"2011-03-03","2430","A"
"2011-03-04","2220","A"
"2011-03-05","583","A"
"2011-03-06","593","A"
"2011-03-07","3930","A"
"2011-03-08","6390","A"
"2011-03-09","884","A"
"2011-03-10","2780","A"
"2011-03-11","5520","A"
"2011-03-12","5510","A"
"2011-03-13","5530","A"
"2011-03-14","5450","A"
"2011-03-15","5130","A"
"2011-03-16","5530","A"
"2011-03-17","6570","A"
"2011-03-18","5440","A"
"2011-03-19","606","A"
"2011-03-20","606","A"
"2011-03-21","3040","A"
"2011-03-22","3490","A"
"2011-03-23","2660","A"
"2011-03-24","3820","A"
"2011-03-25","4020","A"
"2011-03-26","614","A"
"2011-03-27","622","A"
"2011-03-28","627","A"
"2011-03-29","1850","A"
"2011-03-30","625","A"
"2011-03-31","3460","A"
"2011-04-01","4540","A"
"2011-04-02","2360","A"
"2011-04-03","2380","A"
"2011-04-04","622","A"
"2011-04-05","1360","A"
"2011-04-06","3010","A"
"2011-04-07","4190","A"
"2011-04-08","676","A"
"2011-04-09","621","A"
"2011-04-10","1990","A"
"2011-04-11","2630","A"
"2011-04-12","3460","A"
"2011-04-13","2390","A"
"2011-04-14","1760","A:e"
"2011-04-15","646","A"
"2011-04-16","651","A"
"2011-04-17","1240","A"
"2011-04-18","4250","A"
"2011-04-19","4540","A"
"2011-04-20","4720","A"
"2011-04-21","5960","A"
"2011-04-22","5840","A"
"2011-04-23","1820","A"
"2011-04-24","1820","A"
"2011-04-25","4230","A"
"2011-04-26","4440","A"
"2011-04-27","711","A"
"2011-04-28","2770","A"
"2011-04-29","5570","A"
"2011-04-30","3240","A"
"2011-05-01","3160","A"
"2011-05-02","5400","A"
"2011-05-03","3500","A"
"2011-05-04","4540","A"
"2011-05-05","6500","A"
"2011-05-06","3230","A"
"2011-05-07","629","A"
"2011-05-08","629","A"
"2011-05-09","2690","A"
"2011-05-10","2920","A"
"2011-05-11","4890","A"
"2011-05-12","4430","A"
"2011-05-13","3700","A"
"2011-05-14","1250","A"
"2011-05-15","1250","A"
"2011-05-16","2590","A"
"2011-05-17","3150","A"
"2011-05-18","3150","A"
"2011-05-19","3150","A"
"2011-05-20","2740","A"
"2011-05-21","1250","A"
"2011-05-22","1260","A"
"2011-05-23","2060","A"
"2011-05-24","1430","A"
"2011-05-25","1260","A"
"2011-05-26","1050","A"
"2011-05-27","1240","A"
"2011-05-28","636","A"
"2011-05-29","636","A"
"2011-05-30","1060","A"
"2011-05-31","1470","A"
"2011-06-01","1500","A"
"2011-06-02","1490","A"
"2011-06-03","1430","A"
"2011-06-04","633","A"
"2011-06-05","629","A"
"2011-06-06","2500","A"
"2011-06-07","2900","A"
"2011-06-08","2980","A"
"2011-06-09","2860","A"
"2011-06-10","2510","A"
"2011-06-11","839","A"
"2011-06-12","846","A"
"2011-06-13","2090","A"
"2011-06-14","2330","A"
"2011-06-15","2770","A"
"2011-06-16","2780","A"
"2011-06-17","2720","A"
"2011-06-18","844","A"
"2011-06-19","868","A"
"2011-06-20","2360","A"
"2011-06-21","2360","A"
"2011-06-22","2350","A"
"2011-06-23","2360","A"
"2011-06-24","2360","A"
"2011-06-25","862","A"
"2011-06-26","830","A"
"2011-06-27","1660","A"
"2011-06-28","1670","A"
"2011-06-29","1720","A"
"2011-06-30","1620","A"
"2011-07-01","1470","A"
"2011-07-02","842","A"
"2011-07-03","843","A"
"2011-07-04","1090","A"
"2011-07-05","1590","A"
"2011-07-06","1890","A"
"2011-07-07","1640","A"
"2011-07-08","1390","A"
"2011-07-09","891","A"
"2011-07-10","918","A"
"2011-07-11","1960","A"
"2011-07-12","3480","A"
"2011-07-13","866","A"
"2011-07-14","1710","A"
"2011-07-15","1080","A"
"2011-07-16","865","A"
"2011-07-17","873","A"
"2011-07-18","1320","A"
"2011-07-19","876","A"
"2011-07-20","1290","A"
"2011-07-21","1310","A"
"2011-07-22","1310","A"
"2011-07-23","903","A"
"2011-07-24","956","A"
"2011-07-25","1310","A"
"2011-07-26","1130","A"
"2011-07-27","1090","A"
"2011-07-28","1100","A"
"2011-07-29","1100","A"
"2011-07-30","883","A"
"2011-07-31","881","A"
"2011-08-01","1090","A"
"2011-08-02","1090","A"
"2011-08-03","1300","A"
"2011-08-04","1090","A"
"2011-08-05","1710","A"
"2011-08-06","871","A"
"2011-08-07","876","A"
"2011-08-08","1070","A"
"2011-08-09","1090","A"
"2011-08-10","1060","A"
"2011-08-11","1090","A"
"2011-08-12","1090","A"
"2011-08-13","876","A"
"2011-08-14","883","A"
"2011-08-15","1500","A"
"2011-08-16","1310","A"
"2011-08-17","1140","A"
"2011-08-18","1070","A"
"2011-08-19","1170","A"
"2011-08-20","880","A"
"2011-08-21","884","A"
"2011-08-22","1500","A"
"2011-08-23","1300","A"
"2011-08-24","2180","A"
"2011-08-25","1970","A"
"2011-08-26","1970","A"
"2011-08-27","955","A"
"2011-08-28","955","A"
"2011-08-29","1980","A"
"2011-08-30","2260","A"
"2011-08-31","2170","A"
"2011-09-01","2220","A"
"2011-09-02","2170","A"
"2011-09-03","781","A"
"2011-09-04","788","A"
"2011-09-05","1440","A"
"2011-09-06","568","A"
"2011-09-07","1770","A"
"2011-09-08","1760","A"
"2011-09-09","2020","A"
"2011-09-10","903","A"
"2011-09-11","899","A"
"2011-09-12","1280","A"
"2011-09-13","2240","A"
"2011-09-14","2130","A"
"2011-09-15","3270","A"
"2011-09-16","3190","A"
"2011-09-17","772","A"
"2011-09-18","773","A"
"2011-09-19","2230","A"
"2011-09-20","3030","A"
"2011-09-21","3190","A"
"2011-09-22","3110","A"
"2011-09-23","541","A"
"2011-09-24","949","A"
"2011-09-25","741","A"
"2011-09-26","3170","A"
"2011-09-27","1950","A"
"2011-09-28","2000","A"
"2011-09-29","1390","A"
"2011-09-30","1350","A"
"2011-10-01","769","A"
"2011-10-02","976","A"
"2011-10-03","1620","A"
"2011-10-04","1130","A"
"2011-10-05","1670","A"
"2011-10-06","3140","A"
"2011-10-07","2890","A"
"2011-10-08","1010","A"
"2011-10-09","1020","A"
"2011-10-10","3030","A"
"2011-10-11","2980","A"
"2011-10-12","3160","A"
"2011-10-13","3060","A"
"2011-10-14","3010","A"
"2011-10-15","914","A"
"2011-10-16","980","A"
"2011-10-17","3240","A"
"2011-10-18","3050","A"
"2011-10-19","2310","A"
"2011-10-20","1830","A"
"2011-10-21","1780","A"
"2011-10-22","779","A"
"2011-10-23","922","A"
"2011-10-24","1500","A"
"2011-10-25","1470","A"
"2011-10-26","1280","A"
"2011-10-27","1190","A"
"2011-10-28","1190","A"
"2011-10-29","802","A"
"2011-10-30","779","A"
"2011-10-31","1470","A"
"2011-11-01","2130","A"
"2011-11-02","2590","A"
"2011-11-03","2570","A"
"2011-11-04","3430","A"
"2011-11-05","575","A"
"2011-11-06","980","A"
"2011-11-07","2610","A"
"2011-11-08","3090","A"
"2011-11-09","3250","A"
"2011-11-10","2980","A"
"2011-11-11","2990","A"
"2011-11-12","577","A"
"2011-11-13","946","A"
"2011-11-14","2200","A"
"2011-11-15","1150","A"
"2011-11-16","1200","A"
"2011-11-17","1160","A"
"2011-11-18","1150","A"
"2011-11-19","575","A"
"2011-11-20","575","A"
"2011-11-21","1920","A"
"2011-11-22","981","A"
"2011-11-23","976","A"
"2011-11-24","1880","A"
"2011-11-25","2720","A"
"2011-11-26","976","A"
"2011-11-27","575","A"
"2011-11-28","1750","A"
"2011-11-29","875","A"
"2011-11-30","979","A"
"2011-12-01","943","A"
"2011-12-02","1330","A"
"2011-12-03","571","A"
"2011-12-04","773","A"
"2011-12-05","1220","A"
"2011-12-06","1160","A"
"2011-12-07","1080","A"
"2011-12-08","1060","A"
"2011-12-09","1530","A"
"2011-12-10","568","A"
"2011-12-11","562","A"
"2011-12-12","1320","A"
"2011-12-13","1320","A"
"2011-12-14","959","A"
"2011-12-15","1010","A"
"2011-12-16","884","A"
"2011-12-17","568","A"
"2011-12-18","565","A"
"2011-12-19","1320","A"
"2011-12-20","956","A"
"2011-12-21","928","A"
"2011-12-22","576","A"
"2011-12-23","765","A"
"2011-12-24","556","A"
"2011-12-25","553","A"
"2011-12-26","955","A"
"2011-12-27","881","A"
"2011-12-28","754","A"
"2011-12-29","751","A"
"2011-12-30","747","A"
"2011-12-31","546","A"
"2012-01-01","546","A"
"2012-01-02","743","A"
"2012-01-03","943","A"
"2012-01-04","1290","A"
"2012-01-05","743","A"
"2012-01-06","939","A"
"2012-01-07","546","A"
"2012-01-08","546","A"
"2012-01-09","723","A"
"2012-01-10","742","A"
"2012-01-11","546","A"
"2012-01-12","546","A"
"2012-01-13","546","A"
"2012-01-14","546","A"
"2012-01-15","742","A"
"2012-01-16","937","A"
"2012-01-17","742","A"
"2012-01-18","546","A"
"2012-01-19","546","A"
"2012-01-20","743","A"
"2012-01-21","549","A"
"2012-01-22","546","A"
"2012-01-23","549","A"
"2012-01-24","546","A"
"2012-01-25","542","A"
"2012-01-26","540","A"
"2012-01-27","546","A"
"2012-01-28","546","A"
"2012-01-29","546","A"
"2012-01-30","734","A"
"2012-01-31","538","A:e"
"2012-02-01","538","A:e"
"2012-02-02","713","A"
"2012-02-03","715","A"
"2012-02-04","543","A"
"2012-02-05","539","A"
"2012-02-06","732","A"
"2012-02-07","899","A"
"2012-02-08","535","A"
"2012-02-09","656","A"
"2012-02-10","846","A"
"2012-02-11","459","A"
"2012-02-12","462","A"
"2012-02-13","1070","A"
"2012-02-14","906","A"
"2012-02-15","889","A"
"2012-02-16","468","A"
"2012-02-17","680","A"
"2012-02-18","471","A"
"2012-02-19","468","A"
"2012-02-20","683","A"
"2012-02-21","475","A"
"2012-02-22","899","A"
"2012-02-23","894","A"
"2012-02-24","683","A"
"2012-02-25","468","A"
"2012-02-26","468","A"
"2012-02-27","1120","A"
"2012-02-28","468","A"
"2012-02-29","679","A"
"2012-03-01","468","A"
"2012-03-02","471","A"
"2012-03-03","509","A"
"2012-03-04","482","A"
"2012-03-05","482","A"
"2012-03-06","478","A"
"2012-03-07","475","A"
"2012-03-08","494","A"
"2012-03-09","595","A"
"2012-03-10","648","A"
"2012-03-11","644","A"
"2012-03-12","644","A"
"2012-03-13","655","A"
"2012-03-14","652","A"
"2012-03-15","652","A"
"2012-03-16","662","A"
"2012-03-17","477","A"
"2012-03-18","475","A"
"2012-03-19","475","A"
"2012-03-20","475","A"
"2012-03-21","1060","A"
"2012-03-22","641","A"
"2012-03-23","648","A"
"2012-03-24","656","A"
"2012-03-25","660","A"
"2012-03-26","801","A"
"2012-03-27","655","A"
"2012-03-28","657","A"
"2012-03-29","873","A"
"2012-03-30","873","A"
"2012-03-31","660","A"
"2012-04-01","660","A"
"2012-04-02","660","A"
"2012-04-03","660","A"
"2012-04-04","660","A"
"2012-04-05","875","A"
"2012-04-06","1090","A"
"2012-04-07","660","A"
"2012-04-08","660","A"
"2012-04-09","1100","A"
"2012-04-10","873","A"
"2012-04-11","1930","A"
"2012-04-12","2410","A"
"2012-04-13","2240","A"
"2012-04-14","660","A"
"2012-04-15","660","A"
"2012-04-16","2790","A"
"2012-04-17","2450","A"
"2012-04-18","1870","A"
"2012-04-19","2390","A"
"2012-04-20","2400","A"
"2012-04-21","660","A"
"2012-04-22","660","A"
"2012-04-23","2240","A"
"2012-04-24","2350","A"
"2012-04-25","1460","A"
"2012-04-26","2640","A"
"2012-04-27","2650","A"
"2012-04-28","660","A"
"2012-04-29","660","A"
"2012-04-30","2400","A"
"2012-05-01","2440","A"
"2012-05-02","1610","A"
"2012-05-03","1780","A"
"2012-05-04","1510","A"
"2012-05-05","672","A"
"2012-05-06","671","A"
"2012-05-07","2000","A"
"2012-05-08","1090","A"
"2012-05-09","1120","A"
"2012-05-10","1000","A"
"2012-05-11","1090","A"
"2012-05-12","685","A"
"2012-05-13","693","A"
"2012-05-14","989","A"
"2012-05-15","680","A"
"2012-05-16","1090","A"
"2012-05-17","688","A"
"2012-05-18","1120","A"
"2012-05-19","677","A"
"2012-05-20","679","A"
"2012-05-21","1340","A"
"2012-05-22","685","A"
"2012-05-23","685","A"
"2012-05-24","685","A"
"2012-05-25","1100","A"
"2012-05-26","1340","A"
"2012-05-27","1120","A"
"2012-05-28","685","A"
"2012-05-29","1150","A"
"2012-05-30","1120","A"
"2012-05-31","1130","A"
"2012-06-01","1130","A"
"2012-06-02","685","A"
"2012-06-03","1130","A"
"2012-06-04","1350","A"
"2012-06-05","1120","A"
"2012-06-06","912","A"
"2012-06-07","687","A"
"2012-06-08","1130","A"
"2012-06-09","910","A"
"2012-06-10","1350","A"
"2012-06-11","1350","A"
"2012-06-12","685","A"
"2012-06-13","685","A"
"2012-06-14","1120","A"
"2012-06-15","1330","A"
"2012-06-16","681","A"
"2012-06-17","900","A"
"2012-06-18","1300","A"
"2012-06-19","1340","A"
"2012-06-20","898","A"
"2012-06-21","884","A"
"2012-06-22","1340","A"
"2012-06-23","677","A"
"2012-06-24","1120","A"
"2012-06-25","1340","A"
"2012-06-26","899","A"
"2012-06-27","1010","A"
"2012-06-28","1010","A"
"2012-06-29","1350","A"
"2012-06-30","910","A"
"2012-07-01","1360","A"
"2012-07-02","1340","A"
"2012-07-03","855","A"
"2012-07-04","1010","A"
"2012-07-05","1340","A"
"2012-07-06","1330","A"
"2012-07-07","861","A"
"2012-07-08","1000","A"
"2012-07-09","1270","A"
"2012-07-10","1010","A"
"2012-07-11","1010","A"
"2012-07-12","1010","A"
"2012-07-13","1230","A"
"2012-07-14","784","A"
"2012-07-15","975","A"
"2012-07-16","1220","A"
"2012-07-17","1100","A"
"2012-07-18","1220","A"
"2012-07-19","1010","A"
"2012-07-20","978","A"
"2012-07-21","934","A"
"2012-07-22","1170","A"
"2012-07-23","1010","A"
"2012-07-24","1080","A"
"2012-07-25","1010","A"
"2012-07-26","1230","A"
"2012-07-27","1230","A"
"2012-07-28","583","A"
"2012-07-29","1380","A"
"2012-07-30","1600","A"
"2012-07-31","994","A"
"2012-08-01","1210","A"
"2012-08-02","1010","A"
"2012-08-03","1220","A"
"2012-08-04","977","A"
"2012-08-05","1190","A"
"2012-08-06","1230","A"
"2012-08-07","1000","A"
"2012-08-08","1220","A"
"2012-08-09","1000","A"
"2012-08-10","977","A"
"2012-08-11","1000","A"
"2012-08-12","1220","A"
"2012-08-13","1000","A"
"2012-08-14","1100","A"
"2012-08-15","782","A"
"2012-08-16","1200","A"
"2012-08-17","962","A"
"2012-08-18","912","A"
"2012-08-19","1260","A"
"2012-08-20","1200","A"
"2012-08-21","982","A"
"2012-08-22","984","A"
"2012-08-23","987","A"
"2012-08-24","1290","A"
"2012-08-25","988","A"
"2012-08-26","988","A"
"2012-08-27","1200","A"
"2012-08-28","1200","A"
"2012-08-29","985","A"
"2012-08-30","1170","A"
"2012-08-31","1200","A"
"2012-09-01","993","A"
"2012-09-02","997","A"
"2012-09-03","1180","A"
"2012-09-04","993","A"
"2012-09-05","1020","A"
"2012-09-06","1210","A"
"2012-09-07","991","A"
"2012-09-08","988","A"
"2012-09-09","1200","A"
"2012-09-10","1030","A"
"2012-09-11","991","A"
"2012-09-12","1040","A"
"2012-09-13","1230","A"
"2012-09-14","989","A"
"2012-09-15","929","A"
"2012-09-16","992","A"
"2012-09-17","1270","A"
"2012-09-18","975","A"
"2012-09-19","987","A"
"2012-09-20","993","A"
"2012-09-21","1300","A"
"2012-09-22","949","A"
"2012-09-23","1020","A"
"2012-09-24","1370","A"
"2012-09-25","991","A"
"2012-09-26","1030","A"
"2012-09-27","993","A"
"2012-09-28","1210","A"
"2012-09-29","971","A"
"2012-09-30","865","A"
"2012-10-01","1470","A"
"2012-10-02","607","A"
"2012-10-03","564","A"
"2012-10-04","561","A"
"2012-10-05","984","A"
"2012-10-06","1140","A"
"2012-10-07","986","A"
"2012-10-08","1190","A"
"2012-10-09","1450","A"
"2012-10-10","985","A"
"2012-10-11","1110","A"
"2012-10-12","1300","A"
"2012-10-13","752","A"
"2012-10-14","1140","A"
"2012-10-15","1360","A"
"2012-10-16","956","A"
"2012-10-17","535","A"
"2012-10-18","1860","A"
"2012-10-19","1030","A"
"2012-10-20","762","A"
"2012-10-21","1120","A"
"2012-10-22","1860","A"
"2012-10-23","1040","A"
"2012-10-24","1020","A"
"2012-10-25","980","A"
"2012-10-26","981","A"
"2012-10-27","990","A"
"2012-10-28","977","A"
"2012-10-29","2440","A"
"2012-10-30","2870","A"
"2012-10-31","3330","A"
"2012-11-01","3380","A"
"2012-11-02","3390","A"
"2012-11-03","1330","A"
"2012-11-04","1150","A"
"2012-11-05","4020","A"
"2012-11-06","3960","A"
"2012-11-07","4350","A"
"2012-11-08","4080","A"
"2012-11-09","4240","A"
"2012-11-10","2150","A"
"2012-11-11","3040","A"
"2012-11-12","3660","A"
"2012-11-13","3290","A"
"2012-11-14","3300","A"
"2012-11-15","4560","A"
"2012-11-16","2410","A"
"2012-11-17","1680","A"
"2012-11-18","1870","A"
"2012-11-19","2480","A"
"2012-11-20","2250","A"
"2012-11-21","2290","A"
"2012-11-22","2320","A"
"2012-11-23","2400","A"
"2012-11-24","1280","A"
"2012-11-25","2390","A"
"2012-11-26","2880","A"
"2012-11-27","2300","A"
"2012-11-28","2330","A"
"2012-11-29","1920","A"
"2012-11-30","1950","A"
"2012-12-01","1280","A"
"2012-12-02","1920","A"
"2012-12-03","3430","A"
"2012-12-04","1940","A"
"2012-12-05","1940","A"
"2012-12-06","1460","A"
"2012-12-07","1430","A"
"2012-12-08","1450","A"
"2012-12-09","1480","A"
"2012-12-10","1390","A"
"2012-12-11","1200","A"
"2012-12-12","999","A"
"2012-12-13","1450","A"
"2012-12-14","1240","A"
"2012-12-15","1110","A"
"2012-12-16","1380","A"
"2012-12-17","1140","A"
"2012-12-18","1170","A"
"2012-12-19","1050","A"
"2012-12-20","976","A"
"2012-12-21","1150","A"
"2012-12-22","561","A"
"2012-12-23","959","A"
"2012-12-24","964","A"
"2012-12-25","950","A"
"2012-12-26","665","A"
"2012-12-27","642","A"
"2012-12-28","1430","A"
"2012-12-29","637","A"
"2012-12-30","715","A"
"2012-12-31","1490","A"
"2013-01-01","565","A"
"2013-01-02","565","A"
"2013-01-03","558","A"
"2013-01-04","749","A"
"2013-01-05","553","A"
"2013-01-06","553","A"
"2013-01-07","948","A"
"2013-01-08","553","A"
"2013-01-09","750","A"
"2013-01-10","553","A"
"2013-01-11","975","A"
"2013-01-12","553","A"
"2013-01-13","553","A"
"2013-01-14","950","A"
"2013-01-15","557","A"
"2013-01-16","560","A"
"2013-01-17","570","A"
"2013-01-18","552","A"
"2013-01-19","547","A"
"2013-01-20","546","A"
"2013-01-21","743","A"
"2013-01-22","740","A"
"2013-01-23","539","A"
"2013-01-24","540","A"
"2013-01-25","539","A"
"2013-01-26","539","A"
"2013-01-27","538","A"
"2013-01-28","745","A"
"2013-01-29","539","A"
"2013-01-30","557","A"
"2013-01-31","542","A"
"2013-02-01","539","A"
"2013-02-02","536","A"
"2013-02-03","536","A"
"2013-02-04","532","A"
"2013-02-05","531","A"
"2013-02-06","531","A"
"2013-02-07","531","A"
"2013-02-08","531","A"
"2013-02-09","532","A"
"2013-02-10","538","A"
"2013-02-11","543","A"
"2013-02-12","539","A"
"2013-02-13","535","A"
"2013-02-14","531","A"
"2013-02-15","531","A"
"2013-02-16","532","A"
"2013-02-17","531","A"
"2013-02-18","531","A"
"2013-02-19","533","A"
"2013-02-20","531","A"
"2013-02-21","531","A"
"2013-02-22","544","A"
"2013-02-23","554","A"
"2013-02-24","539","A"
"2013-02-25","533","A"
"2013-02-26","555","A"
"2013-02-27","539","A"
"2013-02-28","539","A"
"2013-03-01","539","A"
"2013-03-02","539","A"
"2013-03-03","539","A"
"2013-03-04","612","A"
"2013-03-05","653","A"
"2013-03-06","679","A"
"2013-03-07","716","A"
"2013-03-08","742","A"
"2013-03-09","552","A"
"2013-03-10","532","A"
"2013-03-11","542","A"
"2013-03-12","546","A"
"2013-03-13","539","A"
"2013-03-14","538","A"
"2013-03-15","539","A"
"2013-03-16","539","A"
"2013-03-17","539","A"
"2013-03-18","538","A"
"2013-03-19","539","A"
"2013-03-20","571","A"
"2013-03-21","539","A"
"2013-03-22","538","A"
"2013-03-23","558","A"
"2013-03-24","569","A"
"2013-03-25","543","A"
"2013-03-26","539","A"
"2013-03-27","539","A"
"2013-03-28","716","A"
"2013-03-29","528","A"
"2013-03-30","528","A"
"2013-03-31","532","A"
"2013-04-01","531","A"
"2013-04-02","531","A"
"2013-04-03","531","A"
"2013-04-04","529","A"
"2013-04-05","531","A"
"2013-04-06","534","A"
"2013-04-07","532","A"
"2013-04-08","534","A"
"2013-04-09","536","A"
"2013-04-10","539","A"
"2013-04-11","540","A"
"2013-04-12","548","A"
"2013-04-13","539","A"
"2013-04-14","590","A"
"2013-04-15","1390","A"
"2013-04-16","2140","A"
"2013-04-17","2090","A"
"2013-04-18","1950","A"
"2013-04-19","620","A"
"2013-04-20","613","A"
"2013-04-21","613","A"
"2013-04-22","2820","A"
"2013-04-23","3510","A"
"2013-04-24","4920","A"
"2013-04-25","4490","A"
"2013-04-26","4980","A"
"2013-04-27","806","A"
"2013-04-28","640","A"
"2013-04-29","825","A"
"2013-04-30","2840","A"
"2013-05-01","4840","A"
"2013-05-02","4930","A"
"2013-05-03","5570","A"
"2013-05-04","621","A"
"2013-05-05","679","A"
"2013-05-06","634","A"
"2013-05-07","613","A"
"2013-05-08","5390","A"
"2013-05-09","6500","A"
"2013-05-10","8410","A"
"2013-05-11","880","A"
"2013-05-12","613","A"
"2013-05-13","7230","A"
"2013-05-14","7590","A"
"2013-05-15","7590","A"
"2013-05-16","6570","A"
"2013-05-17","5730","A"
"2013-05-18","680","A"
"2013-05-19","719","A"
"2013-05-20","792","A"
"2013-05-21","7610","A"
"2013-05-22","7900","A"
"2013-05-23","6860","A"
"2013-05-24","5690","A"
"2013-05-25","885","A"
"2013-05-26","621","A"
"2013-05-27","622","A"
"2013-05-28","5200","A"
"2013-05-29","6520","A"
"2013-05-30","6450","A"
"2013-05-31","5660","A"
"2013-06-01","618","A"
"2013-06-02","626","A"
"2013-06-03","635","A"
"2013-06-04","2910","A"
"2013-06-05","3400","A"
"2013-06-06","4310","A"
"2013-06-07","2540","A"
"2013-06-08","621","A"
"2013-06-09","630","A"
"2013-06-10","700","A"
"2013-06-11","4510","A"
"2013-06-12","4520","A"
"2013-06-13","4530","A"
"2013-06-14","2380","A"
"2013-06-15","613","A"
"2013-06-16","622","A"
"2013-06-17","4130","A"
"2013-06-18","3690","A"
"2013-06-19","3670","A"
"2013-06-20","5720","A"
"2013-06-21","5590","A"
"2013-06-22","896","A"
"2013-06-23","621","A"
"2013-06-24","3680","A"
"2013-06-25","3690","A"
"2013-06-26","3310","A"
"2013-06-27","2270","A"
"2013-06-28","3720","A"
"2013-06-29","624","A"
"2013-06-30","629","A"
"2013-07-01","3770","A"
"2013-07-02","3740","A"
"2013-07-03","3990","A"
"2013-07-04","641","A"
"2013-07-05","632","A"
"2013-07-06","643","A"
"2013-07-07","642","A"
"2013-07-08","5280","A"
"2013-07-09","7240","A"
"2013-07-10","7280","A"
"2013-07-11","8110","A"
"2013-07-12","8130","A"
"2013-07-13","1260","A"
"2013-07-14","661","A"
"2013-07-15","4340","A"
"2013-07-16","6160","A"
"2013-07-17","6450","A"
"2013-07-18","6420","A"
"2013-07-19","3560","A"
"2013-07-20","1260","A"
"2013-07-21","670","A"
"2013-07-22","6250","A"
"2013-07-23","4990","A"
"2013-07-24","4900","A"
"2013-07-25","4970","A"
"2013-07-26","3230","A"
"2013-07-27","621","A"
"2013-07-28","624","A"
"2013-07-29","3710","A"
"2013-07-30","3690","A"
"2013-07-31","1980","A"
"2013-08-01","4010","A"
"2013-08-02","3200","A"
"2013-08-03","620","A"
"2013-08-04","622","A"
"2013-08-05","2800","A"
"2013-08-06","2840","A"
"2013-08-07","2210","A"
"2013-08-08","1880","A"
"2013-08-09","4850","A"
"2013-08-10","623","A"
"2013-08-11","624","A"
"2013-08-12","3010","A"
"2013-08-13","3240","A"
"2013-08-14","4900","A"
"2013-08-15","4490","A"
"2013-08-16","4310","A"
"2013-08-17","613","A"
"2013-08-18","619","A"
"2013-08-19","724","A"
"2013-08-20","647","A"
"2013-08-21","3600","A"
"2013-08-22","5240","A"
"2013-08-23","5720","A"
"2013-08-24","887","A"
"2013-08-25","613","A"
"2013-08-26","7030","A"
"2013-08-27","7470","A"
"2013-08-28","5820","A"
"2013-08-29","7090","A"
"2013-08-30","5480","A"
"2013-08-31","895","A"
"2013-09-01","621","A"
"2013-09-02","625","A"
"2013-09-03","3260","A"
"2013-09-04","5430","A"
"2013-09-05","5390","A"
"2013-09-06","5780","A"
"2013-09-07","614","A"
"2013-09-08","616","A"
"2013-09-09","2570","A"
"2013-09-10","3740","A"
"2013-09-11","3620","A"
"2013-09-12","3270","A"
"2013-09-13","2520","A"
"2013-09-14","613","A"
"2013-09-15","616","A"
"2013-09-16","2460","A"
"2013-09-17","2160","A"
"2013-09-18","1750","A"
"2013-09-19","1920","A"
"2013-09-20","1910","A"
"2013-09-21","619","A"
"2013-09-22","618","A"
"2013-09-23","1920","A"
"2013-09-24","2030","A"
"2013-09-25","2370","A"
"2013-09-26","2380","A"
"2013-09-27","2170","A"
"2013-09-28","651","A"
"2013-09-29","613","A"
"2013-09-30","1860","A"
"2013-10-01","1440","A"
"2013-10-02","2060","A"
"2013-10-03","2070","A"
"2013-10-04","1880","A"
"2013-10-05","613","A"
"2013-10-06","621","A"
"2013-10-07","1570","A"
"2013-10-08","1670","A"
"2013-10-09","1910","A"
"2013-10-10","2340","A"
"2013-10-11","2220","A"
"2013-10-12","613","A"
"2013-10-13","613","A"
"2013-10-14","2180","A"
"2013-10-15","2210","A"
"2013-10-16","2380","A"
"2013-10-17","1450","A"
"2013-10-18","1450","A"
"2013-10-19","625","A"
"2013-10-20","622","A"
"2013-10-21","2000","A"
"2013-10-22","2060","A"
"2013-10-23","1840","A"
"2013-10-24","1840","A"
"2013-10-25","1910","A"
"2013-10-26","593","A"
"2013-10-27","593","A"
"2013-10-28","1950","A"
"2013-10-29","1840","A"
"2013-10-30","1900","A"
"2013-10-31","1840","A"
"2013-11-01","1850","A"
"2013-11-02","592","A"
"2013-11-03","593","A"
"2013-11-04","1410","A"
"2013-11-05","1620","A"
"2013-11-06","1490","A"
"2013-11-07","1130","A"
"2013-11-08","1840","A"
"2013-11-09","600","A"
"2013-11-10","590","A"
"2013-11-11","1410","A"
"2013-11-12","1670","A"
"2013-11-13","1980","A"
"2013-11-14","1870","A"
"2013-11-15","2140","A"
"2013-11-16","606","A"
"2013-11-17","606","A"
"2013-11-18","1760","A"
"2013-11-19","1710","A"
"2013-11-20","1670","A"
"2013-11-21","1640","A"
"2013-11-22","1710","A"
"2013-11-23","606","A"
"2013-11-24","606","A"
"2013-11-25","1660","A"
"2013-11-26","611","A"
"2013-11-27","747","A"
"2013-11-28","3440","A"
"2013-11-29","1900","A"
"2013-11-30","598","A"
"2013-12-01","798","A"
"2013-12-02","2560","A"
"2013-12-03","2990","A"
"2013-12-04","3990","A"
"2013-12-05","5570","A"
"2013-12-06","3140","A"
"2013-12-07","806","A"
"2013-12-08","598","A"
"2013-12-09","619","A"
"2013-12-10","2180","A"
"2013-12-11","7570","A"
"2013-12-12","3910","A"
"2013-12-13","5400","A"
"2013-12-14","871","A"
"2013-12-15","598","A"
"2013-12-16","6120","A"
"2013-12-17","6110","A"
"2013-12-18","6220","A"
"2013-12-19","6220","A"
"2013-12-20","6260","A"
"2013-12-21","598","A"
"2013-12-22","648","A"
"2013-12-23","623","A"
"2013-12-24","3400","A"
"2013-12-25","4930","A"
"2013-12-26","6900","A"
"2013-12-27","7000","A"
"2013-12-28","867","A"
"2013-12-29","3580","A"
"2013-12-30","7420","A"
"2013-12-31","7420","A"
"2014-01-01","7830","A"
"2014-01-02","7830","A"
"2014-01-03","7670","A"
"2014-01-04","5290","A"
"2014-01-05","4040","A"
"2014-01-06","4750","A"
"2014-01-07","4910","A"
"2014-01-08","4550","A"
"2014-01-09","4590","A"
"2014-01-10","3020","A"
"2014-01-11","625","A"
"2014-01-12","602","A"
"2014-01-13","4080","A"
"2014-01-14","6360","A"
"2014-01-15","5060","A"
"2014-01-16","5400","A"
"2014-01-17","5470","A"
"2014-01-18","639","A"
"2014-01-19","598","A"
"2014-01-20","3170","A"
"2014-01-21","2870","A"
"2014-01-22","2910","A"
"2014-01-23","3190","A"
"2014-01-24","3130","A"
"2014-01-25","598","A"
"2014-01-26","598","A"
"2014-01-27","2060","A"
"2014-01-28","1790","A"
"2014-01-29","2480","A"
"2014-01-30","2300","A"
"2014-01-31","1850","A"
"2014-02-01","597","A"
"2014-02-02","598","A"
"2014-02-03","1750","A"
"2014-02-04","3160","A"
"2014-02-05","3650","A"
"2014-02-06","3640","A"
"2014-02-07","3280","A"
"2014-02-08","598","A"
"2014-02-09","598","A"
"2014-02-10","2280","A"
"2014-02-11","596","A"
"2014-02-12","590","A"
"2014-02-13","4720","A"
"2014-02-14","4800","A"
"2014-02-15","601","A"
"2014-02-16","598","A"
"2014-02-17","3750","A"
"2014-02-18","2170","A"
"2014-02-19","3940","A"
"2014-02-20","4080","A"
"2014-02-21","4100","A"
"2014-02-22","612","A"
"2014-02-23","613","A"
"2014-02-24","4300","A"
"2014-02-25","5110","A"
"2014-02-26","5510","A"
"2014-02-27","5510","A"
"2014-02-28","5500","A"
"2014-03-01","878","A"
"2014-03-02","611","A"
"2014-03-03","2760","A"
"2014-03-04","2640","A"
"2014-03-05","2230","A"
"2014-03-06","2460","A"
"2014-03-07","2820","A"
"2014-03-08","630","A"
"2014-03-09","632","A"
"2014-03-10","2450","A"
"2014-03-11","2440","A"
"2014-03-12","2380","A"
"2014-03-13","2900","A"
"2014-03-14","2520","A"
"2014-03-15","636","A"
"2014-03-16","645","A"
"2014-03-17","2050","A"
"2014-03-18","2050","A"
"2014-03-19","2830","A"
"2014-03-20","2610","A"
"2014-03-21","1960","A"
"2014-03-22","598","A"
"2014-03-23","598","A"
"2014-03-24","1840","A"
"2014-03-25","3180","A"
"2014-03-26","3180","A"
"2014-03-27","2910","A"
"2014-03-28","598","A"
"2014-03-29","598","A"
"2014-03-30","598","A"
"2014-03-31","2280","A"
"2014-04-01","3530","A"
"2014-04-02","4120","A"
"2014-04-03","5580","A"
"2014-04-04","5610","A"
"2014-04-05","606","A"
"2014-04-06","603","A"
"2014-04-07","684","A"
"2014-04-08","623","A"
"2014-04-09","5260","A"
"2014-04-10","7970","A"
"2014-04-11","5240","A"
"2014-04-12","609","A"
"2014-04-13","613","A"
"2014-04-14","614","A"
"2014-04-15","627","A"
"2014-04-16","4510","A"
"2014-04-17","4390","A"
"2014-04-18","4140","A"
"2014-04-19","615","A"
"2014-04-20","613","A"
"2014-04-21","4700","A"
"2014-04-22","4930","A"
"2014-04-23","4920","A"
"2014-04-24","4770","A"
"2014-04-25","4910","A"
"2014-04-26","621","A"
"2014-04-27","623","A"
"2014-04-28","4910","A"
"2014-04-29","905","A"
"2014-04-30","629","A"
"2014-05-01","5880","A"
"2014-05-02","5880","A"
"2014-05-03","629","A"
"2014-05-04","629","A"
"2014-05-05","2340","A"
"2014-05-06","2480","A"
"2014-05-07","2350","A"
"2014-05-08","3280","A"
"2014-05-09","3300","A"
"2014-05-10","630","A"
"2014-05-11","636","A"
"2014-05-12","2530","A"
"2014-05-13","2810","A"
"2014-05-14","2520","A"
"2014-05-15","2430","A"
"2014-05-16","4170","A"
"2014-05-17","631","A"
"2014-05-18","641","A"
"2014-05-19","1950","A"
"2014-05-20","1900","A"
"2014-05-21","1880","A"
"2014-05-22","2230","A"
"2014-05-23","2370","A"
"2014-05-24","638","A"
"2014-05-25","644","A"
"2014-05-26","1790","A"
"2014-05-27","2860","A"
"2014-05-28","2280","A"
"2014-05-29","2130","A"
"2014-05-30","2010","A"
"2014-05-31","636","A"
"2014-06-01","648","A"
"2014-06-02","1960","A"
"2014-06-03","1950","A"
"2014-06-04","1880","A"
"2014-06-05","2220","A"
"2014-06-06","1910","A"
"2014-06-07","637","A"
"2014-06-08","644","A"
"2014-06-09","1960","A"
"2014-06-10","2170","A"
"2014-06-11","1500","A"
"2014-06-12","1960","A"
"2014-06-13","1750","A"
"2014-06-14","636","A"
"2014-06-15","642","A"
"2014-06-16","1490","A"
"2014-06-17","1500","A"
"2014-06-18","1500","A"
"2014-06-19","1840","A"
"2014-06-20","1900","A"
"2014-06-21","640","A"
"2014-06-22","644","A"
"2014-06-23","1520","A"
"2014-06-24","1500","A"
"2014-06-25","1060","A"
"2014-06-26","1060","A"
"2014-06-27","1510","A"
"2014-06-28","644","A"
"2014-06-29","647","A"
"2014-06-30","1290","A"
"2014-07-01","1280","A"
"2014-07-02","1250","A"
"2014-07-03","1480","A"
"2014-07-04","644","A"
"2014-07-05","793","A"
"2014-07-06","930","A"
"2014-07-07","1070","A"
"2014-07-08","1280","A"
"2014-07-09","1500","A"
"2014-07-10","1070","A"
"2014-07-11","2660","A"
"2014-07-12","636","A"
"2014-07-13","640","A"
"2014-07-14","1820","A"
"2014-07-15","1280","A"
"2014-07-16","1280","A"
"2014-07-17","1500","A"
"2014-07-18","1490","A"
"2014-07-19","649","A"
"2014-07-20","636","A"
"2014-07-21","1500","A"
"2014-07-22","2080","A"
"2014-07-23","2240","A"
"2014-07-24","1490","A"
"2014-07-25","1800","A"
"2014-07-26","629","A"
"2014-07-27","629","A"
"2014-07-28","1870","A"
"2014-07-29","1450","A"
"2014-07-30","1460","A"
"2014-07-31","1690","A"
"2014-08-01","1830","A"
"2014-08-02","1050","A"
"2014-08-03","629","A"
"2014-08-04","1510","A"
"2014-08-05","1690","A"
"2014-08-06","1870","A"
"2014-08-07","1870","A"
"2014-08-08","1840","A"
"2014-08-09","1050","A"
"2014-08-10","630","A"
"2014-08-11","1470","A"
"2014-08-12","1740","A"
"2014-08-13","1800","A"
"2014-08-14","1490","A"
"2014-08-15","1860","A"
"2014-08-16","1040","A"
"2014-08-17","628","A"
"2014-08-18","1480","A"
"2014-08-19","1800","A"
"2014-08-20","1730","A"
"2014-08-21","2900","A"
"2014-08-22","3330","A"
"2014-08-23","769","A"
"2014-08-24","895","A"
"2014-08-25","2920","A"
"2014-08-26","2830","A"
"2014-08-27","2900","A"
"2014-08-28","2180","A"
"2014-08-29","1940","A"
"2014-08-30","1040","A"
"2014-08-31","622","A"
"2014-09-01","1470","A"
"2014-09-02","1830","A"
"2014-09-03","1860","A"
"2014-09-04","1500","A"
"2014-09-05","1490","A"
"2014-09-06","1170","A"
"2014-09-07","628","A"
"2014-09-08","1470","A"
"2014-09-09","1050","A"
"2014-09-10","1070","A"
"2014-09-11","1040","A"
"2014-09-12","1040","A"
"2014-09-13","629","A"
"2014-09-14","629","A"
"2014-09-15","1040","A"
"2014-09-16","1800","A"
"2014-09-17","1050","A"
"2014-09-18","1050","A"
"2014-09-19","1050","A"
"2014-09-20","629","A"
"2014-09-21","631","A"
"2014-09-22","1060","A"
"2014-09-23","1430","A"
"2014-09-24","1010","A"
"2014-09-25","1050","A"
"2014-09-26","1130","A"
"2014-09-27","1530","A"
"2014-09-28","1230","A"
"2014-09-29","1300","A"
"2014-09-30","1050","A"
"2014-10-01","1040","A"
"2014-10-02","1050","A"
"2014-10-03","629","A"
"2014-10-04","629","A"
"2014-10-05","986","A"
"2014-10-06","906","A"
"2014-10-07","1450","A"
"2014-10-08","1050","A"
"2014-10-09","1050","A"
"2014-10-10","1050","A"
"2014-10-11","630","A"
"2014-10-12","628","A"
"2014-10-13","1170","A"
"2014-10-14","647","A"
"2014-10-15","1050","A"
"2014-10-16","771","A"
"2014-10-17","1030","A"
"2014-10-18","899","A"
"2014-10-19","622","A"
"2014-10-20","2180","A"
"2014-10-21","1470","A"
"2014-10-22","1460","A"
"2014-10-23","1450","A"
"2014-10-24","1440","A"
"2014-10-25","618","A"
"2014-10-26","1030","A"
"2014-10-27","1460","A"
"2014-10-28","1470","A"
"2014-10-29","1500","A"
"2014-10-30","1470","A"
"2014-10-31","1500","A"
"2014-11-01","625","A"
"2014-11-02","1010","A"
"2014-11-03","1820","A"
"2014-11-04","1850","A"
"2014-11-05","1510","A"
"2014-11-06","1480","A"
"2014-11-07","1510","A"
"2014-11-08","620","A"
"2014-11-09","1480","A"
"2014-11-10","1500","A"
"2014-11-11","1490","A"
"2014-11-12","1480","A"
"2014-11-13","1880","A"
"2014-11-14","1840","A"
"2014-11-15","619","A"
"2014-11-16","1050","A"
"2014-11-17","1510","A"
"2014-11-18","1740","A"
"2014-11-19","1580","A"
"2014-11-20","1470","A"
"2014-11-21","1530","A"
"2014-11-22","618","A"
"2014-11-23","629","A"
"2014-11-24","1520","A"
"2014-11-25","1420","A"
"2014-11-26","1460","A"
"2014-11-27","1720","A"
"2014-11-28","1710","A"
"2014-11-29","621","A"
"2014-11-30","621","A"
"2014-12-01","2340","A"
"2014-12-02","1500","A"
"2014-12-03","1510","A"
"2014-12-04","2000","A"
"2014-12-05","2260","A"
"2014-12-06","621","A"
"2014-12-07","618","A"
"2014-12-08","1750","A"
"2014-12-09","1050","A"
"2014-12-10","1040","A"
"2014-12-11","1020","A"
"2014-12-12","1070","A"
"2014-12-13","616","A"
"2014-12-14","620","A"
"2014-12-15","1030","A"
"2014-12-16","1040","A"
"2014-12-17","1050","A"
"2014-12-18","1070","A"
"2014-12-19","1020","A"
"2014-12-20","606","A"
"2014-12-21","605","A"
"2014-12-22","998","A"
"2014-12-23","1020","A"
"2014-12-24","629","A"
"2014-12-25","612","A"
"2014-12-26","607","A:e"
"2014-12-27","605","A"
"2014-12-28","612","A"
"2014-12-29","607","A"
"2014-12-30","1070","A"
"2014-12-31","1030","A"
"2015-01-01","1020","A"
"2015-01-02","1020","A"
"2015-01-03","606","A"
"2015-01-04","699","A"
"2015-01-05","1040","A"
"2015-01-06","613","A"
"2015-01-07","1020","A"
"2015-01-08","2070","A"
"2015-01-09","1630","A"
"2015-01-10","598","A"
"2015-01-11","598","A"
"2015-01-12","1390","A"
"2015-01-13","1610","A"
"2015-01-14","1010","A"
"2015-01-15","1200","A"
"2015-01-16","1360","A"
"2015-01-17","598","A"
"2015-01-18","598","A"
"2015-01-19","1230","A"
"2015-01-20","1010","A"
"2015-01-21","1010","A"
"2015-01-22","1010","A"
"2015-01-23","1000","A"
"2015-01-24","598","A"
"2015-01-25","598","A"
"2015-01-26","1010","A"
"2015-01-27","1870","A"
"2015-01-28","2980","A"
"2015-01-29","2160","A"
"2015-01-30","1830","A"
"2015-01-31","598","A"
"2015-02-01","601","A"
"2015-02-02","1410","A"
"2015-02-03","1510","A"
"2015-02-04","1700","A"
"2015-02-05","1770","A"
"2015-02-06","1800","A"
"2015-02-07","598","A"
"2015-02-08","623","A"
"2015-02-09","1920","A"
"2015-02-10","1490","A"
"2015-02-11","1450","A"
"2015-02-12","1790","A"
"2015-02-13","1780","A"
"2015-02-14","598","A"
"2015-02-15","598","A"
"2015-02-16","1270","A:e"
"2015-02-17","606","A"
"2015-02-18","601","A"
"2015-02-19","1380","A"
"2015-02-20","1870","A"
"2015-02-21","583","A"
"2015-02-22","586","A"
"2015-02-23","1850","A"
"2015-02-24","2020","A"
"2015-02-25","2210","A"
"2015-02-26","647","A"
"2015-02-27","3980","A"
"2015-02-28","3220","A"
"2015-03-01","594","A"
"2015-03-02","2380","A"
"2015-03-03","2390","A"
"2015-03-04","2370","A"
"2015-03-05","2370","A"
"2015-03-06","2370","A"
"2015-03-07","590","A"
"2015-03-08","590","A"
"2015-03-09","1820","A"
"2015-03-10","1750","A"
"2015-03-11","2290","A"
"2015-03-12","1810","A"
"2015-03-13","568","A"
"2015-03-14","568","A"
"2015-03-15","568","A"
"2015-03-16","1820","A"
"2015-03-17","1470","A"
"2015-03-18","2100","A"
"2015-03-19","2410","A"
"2015-03-20","1380","A"
"2015-03-21","568","A"
"2015-03-22","569","A"
"2015-03-23","1750","A"
"2015-03-24","1810","A"
"2015-03-25","3060","A"
"2015-03-26","2960","A"
"2015-03-27","3150","A"
"2015-03-28","583","A"
"2015-03-29","583","A"
"2015-03-30","1730","A"
"2015-03-31","2000","A"
"2015-04-01","1990","A"
"2015-04-02","1910","A"
"2015-04-03","1790","A"
"2015-04-04","680","A"
"2015-04-05","611","A"
"2015-04-06","1440","A"
"2015-04-07","1460","A"
"2015-04-08","2320","A"
"2015-04-09","2380","A"
"2015-04-10","2370","A"
"2015-04-11","612","A"
"2015-04-12","610","A"
"2015-04-13","614","A"
"2015-04-14","619","A"
"2015-04-15","618","A"
"2015-04-16","2570","A"
"2015-04-17","2340","A"
"2015-04-18","610","A"
"2015-04-19","617","A"
"2015-04-20","2950","A"
"2015-04-21","2370","A"
"2015-04-22","3660","A"
"2015-04-23","3670","A"
"2015-04-24","3650","A"
"2015-04-25","607","A"
"2015-04-26","607","A"
"2015-04-27","2370","A"
"2015-04-28","2310","A"
"2015-04-29","2370","A"
"2015-04-30","2370","A"
"2015-05-01","2240","A"
"2015-05-02","606","A"
"2015-05-03","606","A"
"2015-05-04","2340","A"
"2015-05-05","2320","A"
"2015-05-06","2360","A"
"2015-05-07","2780","A"
"2015-05-08","2510","A"
"2015-05-09","608","A"
"2015-05-10","613","A"
"2015-05-11","2370","A"
"2015-05-12","2380","A"
"2015-05-13","2380","A"
"2015-05-14","2370","A"
"2015-05-15","2370","A"
"2015-05-16","613","A"
"2015-05-17","616","A"
"2015-05-18","2390","A"
"2015-05-19","2090","A"
"2015-05-20","1870","A"
"2015-05-21","2390","A"
"2015-05-22","2170","A"
"2015-05-23","613","A"
"2015-05-24","613","A"
"2015-05-25","1780","A"
"2015-05-26","3060","A"
"2015-05-27","1940","A"
"2015-05-28","2420","A"
"2015-05-29","1910","A"
"2015-05-30","613","A"
"2015-05-31","629","A"
"2015-06-01","2600","A"
"2015-06-02","1880","A"
"2015-06-03","1930","A"
"2015-06-04","2410","A"
"2015-06-05","2410","A"
"2015-06-06","613","A"
"2015-06-07","613","A"
"2015-06-08","1940","A"
"2015-06-09","2360","A"
"2015-06-10","1940","A"
"2015-06-11","1940","A"
"2015-06-12","1950","A"
"2015-06-13","621","A"
"2015-06-14","621","A"
"2015-06-15","1990","A"
"2015-06-16","2100","A"
"2015-06-17","2160","A"
"2015-06-18","2460","A"
"2015-06-19","1960","A"
"2015-06-20","889","A"
"2015-06-21","826","A"
"2015-06-22","1960","A"
"2015-06-23","2390","A"
"2015-06-24","2210","A"
"2015-06-25","2180","A"
"2015-06-26","2210","A"
"2015-06-27","900","A"
"2015-06-28","1220","A"
"2015-06-29","1970","A"
"2015-06-30","1990","A"
"2015-07-01","1990","A"
"2015-07-02","2210","A"
"2015-07-03","676","A"
"2015-07-04","1350","A"
"2015-07-05","1800","A"
"2015-07-06","2230","A"
"2015-07-07","1980","A"
"2015-07-08","1970","A"
"2015-07-09","1980","A"
"2015-07-10","1970","A"
"2015-07-11","629","A"
"2015-07-12","1350","A"
"2015-07-13","2780","A"
"2015-07-14","2190","A"
"2015-07-15","1970","A"
"2015-07-16","1980","A"
"2015-07-17","1990","A"
"2015-07-18","629","A"
"2015-07-19","1140","A"
"2015-07-20","2260","A"
"2015-07-21","2000","A"
"2015-07-22","1980","A"
"2015-07-23","1980","A"
"2015-07-24","1460","A"
"2015-07-25","637","A"
"2015-07-26","1300","A"
"2015-07-27","1540","A"
"2015-07-28","1470","A"
"2015-07-29","1470","A"
"2015-07-30","1290","A"
"2015-07-31","1480","A"
"2015-08-01","644","A"
"2015-08-02","1010","A"
"2015-08-03","1740","A"
"2015-08-04","1300","A"
"2015-08-05","1420","A"
"2015-08-06","1320","A"
"2015-08-07","1300","A"
"2015-08-08","917","A"
"2015-08-09","1220","A"
"2015-08-10","1300","A"
"2015-08-11","1500","A"
"2015-08-12","1500","A"
"2015-08-13","1300","A"
"2015-08-14","1300","A"
"2015-08-15","1190","A"
"2015-08-16","645","A"
"2015-08-17","1460","A"
"2015-08-18","1480","A"
"2015-08-19","1470","A"
"2015-08-20","1480","A"
"2015-08-21","1460","A"
"2015-08-22","838","A"
"2015-08-23","1020","A"
"2015-08-24","1300","A"
"2015-08-25","1450","A"
"2015-08-26","1450","A"
"2015-08-27","1460","A"
"2015-08-28","1490","A"
"2015-08-29","1010","A"
"2015-08-30","926","A"
"2015-08-31","1430","A"
"2015-09-01","1540","A"
"2015-09-02","1500","A"
"2015-09-03","1270","A"
"2015-09-04","1280","A"
"2015-09-05","1020","A"
"2015-09-06","934","A"
"2015-09-07","1020","A"
"2015-09-08","1550","A"
"2015-09-09","1550","A"
"2015-09-10","1360","A"
"2015-09-11","1470","A"
"2015-09-12","1120","A"
"2015-09-13","1010","A"
"2015-09-14","1190","A"
"2015-09-15","1190","A"
"2015-09-16","1510","A"
"2015-09-17","1470","A"
"2015-09-18","1440","A"
"2015-09-19","1020","A"
"2015-09-20","922","A"
"2015-09-21","1910","A"
"2015-09-22","1680","A"
"2015-09-23","1840","A"
"2015-09-24","1240","A"
"2015-09-25","1310","A"
"2015-09-26","654","A"
"2015-09-27","644","A"
"2015-09-28","1560","A"
"2015-09-29","648","A"
"2015-09-30","1890","A"
"2015-10-01","1760","A"
"2015-10-02","1320","A"
"2015-10-03","1310","A"
"2015-10-04","652","A"
"2015-10-05","1860","A"
"2015-10-06","1990","A"
"2015-10-07","2000","A"
"2015-10-08","2000","A"
"2015-10-09","2250","A"
"2015-10-10","629","A"
"2015-10-11","629","A"
"2015-10-12","1470","A"
"2015-10-13","1460","A"
"2015-10-14","2780","A"
"2015-10-15","3300","A"
"2015-10-16","2690","A"
"2015-10-17","1260","A"
"2015-10-18","905","A"
"2015-10-19","2130","A"
"2015-10-20","1510","A"
"2015-10-21","1510","A"
"2015-10-22","1500","A"
"2015-10-23","1570","A"
"2015-10-24","629","A"
"2015-10-25","629","A"
"2015-10-26","1520","A"
"2015-10-27","1470","A"
"2015-10-28","1650","A"
"2015-10-29","1510","A"
"2015-10-30","1490","A"
"2015-10-31","627","A"
"2015-11-01","677","A"
"2015-11-02","711","A"
"2015-11-03","634","A"
"2015-11-04","629","A"
"2015-11-05","1480","A"
"2015-11-06","1470","A"
"2015-11-07","662","A"
"2015-11-08","1040","A"
"2015-11-09","1500","A"
"2015-11-10","1480","A"
"2015-11-11","1480","A"
"2015-11-12","2600","A"
"2015-11-13","3070","A"
"2015-11-14","612","A"
"2015-11-15","1020","A"
"2015-11-16","2340","A"
"2015-11-17","4100","A"
"2015-11-18","656","A"
"2015-11-19","631","A"
"2015-11-20","2380","A"
"2015-11-21","2940","A"
"2015-11-22","2970","A"
"2015-11-23","5420","A"
"2015-11-24","6110","A"
"2015-11-25","5870","A"
"2015-11-26","5870","A"
"2015-11-27","5930","A"
"2015-11-28","612","A"
"2015-11-29","613","A"
"2015-11-30","1780","A"
"2015-12-01","950","A"
"2015-12-02","1880","A"
"2015-12-03","5800","A"
"2015-12-04","5680","A"
"2015-12-05","608","A"
"2015-12-06","608","A"
"2015-12-07","3940","A"
"2015-12-08","4860","A"
"2015-12-09","4950","A"
"2015-12-10","4530","A"
"2015-12-11","4430","A"
"2015-12-12","613","A"
"2015-12-13","613","A"
"2015-12-14","1920","A"
"2015-12-15","2070","A"
"2015-12-16","2380","A"
"2015-12-17","1940","A"
"2015-12-18","1910","A"
"2015-12-19","613","A"
"2015-12-20","611","A"
"2015-12-21","2580","A"
"2015-12-22","4930","A"
"2015-12-23","676","A"
"2015-12-24","694","A"
"2015-12-25","654","A"
"2015-12-26","649","A"
"2015-12-27","632","A"
"2015-12-28","648","A"
"2015-12-29","643","A"
"2015-12-30","648","A"
"2015-12-31","629","A"
"2016-01-01","5890","A"
"2016-01-02","6390","A"
"2016-01-03","6370","A"
"2016-01-04","6420","A"
"2016-01-05","7220","A"
"2016-01-06","7310","A"
"2016-01-07","7350","A"
"2016-01-08","7370","A"
"2016-01-09","7140","A"
"2016-01-10","7160","A"
"2016-01-11","7410","A"
"2016-01-12","7420","A"
"2016-01-13","7250","A"
"2016-01-14","7460","A"
"2016-01-15","4350","A"
"2016-01-16","608","A"
"2016-01-17","3330","A"
"2016-01-18","7410","A"
"2016-01-19","7450","A"
"2016-01-20","7400","A"
"2016-01-21","5090","A"
"2016-01-22","630","A"
"2016-01-23","4720","A"
"2016-01-24","6900","A"
"2016-01-25","7240","A"
"2016-01-26","3250","A"
"2016-01-27","7060","A"
"2016-01-28","7420","A"
"2016-01-29","7560","A"
"2016-01-30","7630","A"
"2016-01-31","7750","A"
"2016-02-01","7750","A"
"2016-02-02","5750","A"
"2016-02-03","896","A"
"2016-02-04","6110","A"
"2016-02-05","6020","A"
"2016-02-06","7370","A"
"2016-02-07","7400","A"
"2016-02-08","7410","A"
"2016-02-09","7690","A"
"2016-02-10","4540","A"
"2016-02-11","3720","A"
"2016-02-12","4200","A"
"2016-02-13","614","A"
"2016-02-14","607","A"
"2016-02-15","3020","A"
"2016-02-16","2490","A"
"2016-02-17","2500","A"
"2016-02-18","2650","A"
"2016-02-19","2610","A"
"2016-02-20","606","A"
"2016-02-21","614","A"
"2016-02-22","4030","A"
"2016-02-23","632","A"
"2016-02-24","4170","A"
"2016-02-25","5650","A"
"2016-02-26","5640","A"
"2016-02-27","5640","A"
"2016-02-28","5680","A"
"2016-02-29","5690","A"
"2016-03-01","5670","A"
"2016-03-02","5680","A"
"2016-03-03","5680","A"
"2016-03-04","5690","A"
"2016-03-05","1300","A"
"2016-03-06","613","A"
"2016-03-07","5370","A"
"2016-03-08","5650","A"
"2016-03-09","5670","A"
"2016-03-10","4460","A"
"2016-03-11","3070","A"
"2016-03-12","1510","A"
"2016-03-13","1230","A"
"2016-03-14","3390","A"
"2016-03-15","3490","A"
"2016-03-16","3500","A"
"2016-03-17","3650","A"
"2016-03-18","2530","A"
"2016-03-19","644","A"
"2016-03-20","644","A"
"2016-03-21","3130","A"
"2016-03-22","2340","A"
"2016-03-23","2830","A"
"2016-03-24","2710","A"
"2016-03-25","2390","A"
"2016-03-26","638","A"
"2016-03-27","639","A"
"2016-03-28","2920","A"
"2016-03-29","2530","A"
"2016-03-30","2720","A"
"2016-03-31","644","A"
"2016-04-01","650","A"
"2016-04-02","654","A"
"2016-04-03","671","A"
"2016-04-04","3020","A"
"2016-04-05","2830","A"
"2016-04-06","2640","A"
"2016-04-07","2380","A"
"2016-04-08","2310","A"
"2016-04-09","614","A"
"2016-04-10","613","A"
"2016-04-11","3020","A"
"2016-04-12","2160","A"
"2016-04-13","1940","A"
"2016-04-14","1940","A"
"2016-04-15","1430","A"
"2016-04-16","613","A"
"2016-04-17","618","A"
"2016-04-18","1030","A"
"2016-04-19","1030","A"
"2016-04-20","1070","A"
"2016-04-21","622","A"
"2016-04-22","1950","A"
"2016-04-23","621","A"
"2016-04-24","621","A"
"2016-04-25","1710","A"
"2016-04-26","1420","A"
"2016-04-27","1420","A"
"2016-04-28","1900","A"
"2016-04-29","2260","A"
"2016-04-30","621","A"
"2016-05-01","627","A"
"2016-05-02","1250","A"
"2016-05-03","2460","A"
"2016-05-04","3060","A"
"2016-05-05","2620","A"
"2016-05-06","2580","A"
"2016-05-07","1030","A"
"2016-05-08","1030","A"
"2016-05-09","1490","A"
"2016-05-10","1480","A"
"2016-05-11","2120","A"
"2016-05-12","3090","A"
"2016-05-13","3360","A"
"2016-05-14","629","A"
"2016-05-15","1050","A"
"2016-05-16","3560","A"
"2016-05-17","3500","A"
"2016-05-18","3460","A"
"2016-05-19","2940","A"
"2016-05-20","3210","A"
"2016-05-21","629","A"
"2016-05-22","884","A"
"2016-05-23","3060","A"
"2016-05-24","2870","A"
"2016-05-25","3080","A"
"2016-05-26","3340","A"
"2016-05-27","3300","A"
"2016-05-28","631","A"
"2016-05-29","1060","A"
"2016-05-30","785","A"
"2016-05-31","3700","A"
"2016-06-01","3900","A"
"2016-06-02","3190","A"
"2016-06-03","2820","A"
"2016-06-04","636","A"
"2016-06-05","637","A"
"2016-06-06","1920","A"
"2016-06-07","2260","A"
"2016-06-08","1730","A"
"2016-06-09","1900","A"
"2016-06-10","1890","A"
"2016-06-11","997","A"
"2016-06-12","1110","A"
"2016-06-13","1850","A"
"2016-06-14","2230","A"
"2016-06-15","1700","A"
"2016-06-16","1820","A"
"2016-06-17","1520","A"
"2016-06-18","918","A"
"2016-06-19","850","A"
"2016-06-20","1180","A"
"2016-06-21","1460","A"
"2016-06-22","1530","A"
"2016-06-23","1490","A"
"2016-06-24","1470","A"
"2016-06-25","1340","A"
"2016-06-26","639","A"
"2016-06-27","1550","A"
"2016-06-28","1500","A"
"2016-06-29","1290","A"
"2016-06-30","1290","A"
"2016-07-01","1320","A"
"2016-07-02","867","A"
"2016-07-03","857","A"
"2016-07-04","1080","A"
"2016-07-05","1080","A"
"2016-07-06","1080","A"
"2016-07-07","1230","A"
"2016-07-08","1220","A"
"2016-07-09","1050","A"
"2016-07-10","1060","A"
"2016-07-11","1070","A"
"2016-07-12","1080","A"
"2016-07-13","1210","A"
"2016-07-14","1070","A"
"2016-07-15","1150","A"
"2016-07-16","862","A"
"2016-07-17","866","A"
"2016-07-18","1080","A"
"2016-07-19","1080","A"
"2016-07-20","1050","A"
"2016-07-21","1080","A"
"2016-07-22","1090","A"
"2016-07-23","870","A"
"2016-07-24","807","A"
"2016-07-25","1120","A"
"2016-07-26","1040","A"
"2016-07-27","1070","A"
"2016-07-28","1080","A"
"2016-07-29","1090","A"
"2016-07-30","866","A"
"2016-07-31","865","A"
"2016-08-01","1160","A"
"2016-08-02","1070","A"
"2016-08-03","1070","A"
"2016-08-04","1080","A"
"2016-08-05","1070","A"
"2016-08-06","927","A"
"2016-08-07","924","A"
"2016-08-08","1070","A"
"2016-08-09","1070","A"
"2016-08-10","1110","A"
"2016-08-11","1070","A"
"2016-08-12","1070","A"
"2016-08-13","923","A"
"2016-08-14","940","A"
"2016-08-15","1070","A"
"2016-08-16","1070","A"
"2016-08-17","1070","A"
"2016-08-18","1050","A"
"2016-08-19","1060","A"
"2016-08-20","857","A"
"2016-08-21","797","A"
"2016-08-22","1130","A"
"2016-08-23","1070","A"
"2016-08-24","1070","A"
"2016-08-25","1070","A"
"2016-08-26","1070","A"
"2016-08-27","855","A"
"2016-08-28","858","A"
"2016-08-29","1070","A"
"2016-08-30","1070","A"
"2016-08-31","1070","A"
"2016-09-01","852","A"
"2016-09-02","1080","A"
"2016-09-03","858","A"
"2016-09-04","856","A"
"2016-09-05","1010","A"
"2016-09-06","1140","A"
"2016-09-07","1080","A"
"2016-09-08","1080","A"
"2016-09-09","1070","A"
"2016-09-10","862","A"
"2016-09-11","801","A"
"2016-09-12","1140","A"
"2016-09-13","1080","A"
"2016-09-14","999","A"
"2016-09-15","1090","A"
"2016-09-16","1090","A"
"2016-09-17","872","A"
"2016-09-18","868","A"
"2016-09-19","1090","A"
"2016-09-20","1090","A"
"2016-09-21","1090","A"
"2016-09-22","1020","A"
"2016-09-23","1080","A"
"2016-09-24","990","A"
"2016-09-25","985","A"
"2016-09-26","1210","A"
"2016-09-27","1080","A"
"2016-09-28","1360","A"
"2016-09-29","1100","A"
"2016-09-30","1090","A"
"2016-10-01","808","A"
"2016-10-02","934","A"
"2016-10-03","1100","A"
"2016-10-04","1100","A"
"2016-10-05","1100","A"
"2016-10-06","1100","A"
"2016-10-07","1360","A"
"2016-10-08","1100","A"
"2016-10-09","1100","A"
"2016-10-10","1110","A"
"2016-10-11","1110","A"
"2016-10-12","1110","A"
"2016-10-13","1100","A"
"2016-10-14","1110","A"
"2016-10-15","817","A"
"2016-10-16","886","A"
"2016-10-17","1670","A"
"2016-10-18","1110","A"
"2016-10-19","1110","A"
"2016-10-20","1140","A"
"2016-10-21","1180","A"
"2016-10-22","812","A"
"2016-10-23","1200","A"
"2016-10-24","1210","A"
"2016-10-25","1110","A"
"2016-10-26","1120","A"
"2016-10-27","1110","A"
"2016-10-28","1120","A"
"2016-10-29","893","A"
"2016-10-30","1120","A"
"2016-10-31","1120","A"
"2016-11-01","1100","A"
"2016-11-02","1070","A"
"2016-11-03","1130","A"
"2016-11-04","1130","A"
"2016-11-05","900","A"
"2016-11-06","1070","A"
"2016-11-07","1140","A"
"2016-11-08","1110","A"
"2016-11-09","1090","A"
"2016-11-10","1090","A"
"2016-11-11","1210","A"
"2016-11-12","1020","A"
"2016-11-13","1330","A"
"2016-11-14","1120","A"
"2016-11-15","1110","A"
"2016-11-16","1110","A"
"2016-11-17","1200","A"
"2016-11-18","1110","A"
"2016-11-19","687","A"
"2016-11-20","1300","A"
"2016-11-21","1280","A"
"2016-11-22","1140","A"
"2016-11-23","1140","A"
"2016-11-24","1160","A"
"2016-11-25","1140","A"
"2016-11-26","693","A"
"2016-11-27","1360","A"
"2016-11-28","1150","A"
"2016-11-29","1160","A"
"2016-11-30","1140","A"
"2016-12-01","940","A"
"2016-12-02","943","A"
"2016-12-03","568","A"
"2016-12-04","870","A"
"2016-12-05","871","A"
"2016-12-06","890","A"
"2016-12-07","583","A"
"2016-12-08","860","A"
"2016-12-09","884","A"
"2016-12-10","778","A"
"2016-12-11","894","A"
"2016-12-12","893","A"
"2016-12-13","896","A"
"2016-12-14","1100","A"
"2016-12-15","1100","A"
"2016-12-16","1100","A"
"2016-12-17","548","A"
"2016-12-18","1100","A"
"2016-12-19","1130","A"
"2016-12-20","1120","A"
"2016-12-21","1140","A"
"2016-12-22","1090","A"
"2016-12-23","1070","A"
"2016-12-24","553","A"
"2016-12-25","1400","A"
"2016-12-26","1110","A"
"2016-12-27","1130","A"
"2016-12-28","1130","A"
"2016-12-29","1070","A"
"2016-12-30","1080","A"
"2016-12-31","1030","A"
"2017-01-01","832","A"
"2017-01-02","1070","A"
"2017-01-03","568","A"
"2017-01-04","561","A"
"2017-01-05","879","A"
"2017-01-06","892","A"
"2017-01-07","958","A"
"2017-01-08","757","A"
"2017-01-09","978","A"
"2017-01-10","1070","A"
"2017-01-11","971","A"
"2017-01-12","950","A"
"2017-01-13","1140","A"
"2017-01-14","1230","A"
"2017-01-15","710","A"
"2017-01-16","1060","A"
"2017-01-17","1110","A"
"2017-01-18","1130","A"
"2017-01-19","1180","A"
"2017-01-20","857","A"
"2017-01-21","712","A"
"2017-01-22","562","A"
"2017-01-23","711","A"
"2017-01-24","777","A"
"2017-01-25","771","A"
"2017-01-26","774","A"
"2017-01-27","715","A"
"2017-01-28","711","A"
"2017-01-29","552","A"
"2017-01-30","755","A"
"2017-01-31","711","A"
"2017-02-01","713","A"
"2017-02-02","713","A"
"2017-02-03","714","A"
"2017-02-04","550","A"
"2017-02-05","552","A"
"2017-02-06","710","A"
"2017-02-07","997","A"
"2017-02-08","715","A"
"2017-02-09","719","A"
"2017-02-10","555","A"
"2017-02-11","559","A"
"2017-02-12","722","A"
"2017-02-13","723","A"
"2017-02-14","720","A"
"2017-02-15","721","A"
"2017-02-16","561","A"
"2017-02-17","561","A"
"2017-02-18","709","A"
"2017-02-19","561","A"
"2017-02-20","724","A"
"2017-02-21","720","A"
"2017-02-22","722","A"
"2017-02-23","721","A"
"2017-02-24","755","A"
"2017-02-25","561","A"
"2017-02-26","681","A"
"2017-02-27","759","A"
"2017-02-28","845","A"
"2017-03-01","681","A"
"2017-03-02","517","A"
"2017-03-03","679","A"
"2017-03-04","517","A"
"2017-03-05","517","A"
"2017-03-06","667","A"
"2017-03-07","662","A"
"2017-03-08","660","A"
"2017-03-09","658","A"
"2017-03-10","712","A"
"2017-03-11","498","A"
"2017-03-12","678","A"
"2017-03-13","495","A"
"2017-03-14","664","A"
"2017-03-15","660","A"
"2017-03-16","663","A"
"2017-03-17","658","A"
"2017-03-18","502","A"
"2017-03-19","502","A"
"2017-03-20","656","A"
"2017-03-21","661","A"
"2017-03-22","515","A"
"2017-03-23","683","A"
"2017-03-24","684","A"
"2017-03-25","524","A"
"2017-03-26","526","A"
"2017-03-27","691","A"
"2017-03-28","532","A"
"2017-03-29","529","A"
"2017-03-30","532","A"
"2017-03-31","538","A"
"2017-04-01","532","A"
"2017-04-02","531","A"
"2017-04-03","538","A"
"2017-04-04","539","A"
"2017-04-05","586","A"
"2017-04-06","559","A"
"2017-04-07","543","A"
"2017-04-08","539","A"
"2017-04-09","539","A"
"2017-04-10","540","A"
"2017-04-11","541","A"
"2017-04-12","542","A"
"2017-04-13","543","A"
"2017-04-14","704","A"
"2017-04-15","531","A"
"2017-04-16","531","A"
"2017-04-17","684","A"
"2017-04-18","691","A"
"2017-04-19","687","A"
"2017-04-20","693","A"
"2017-04-21","693","A"
"2017-04-22","531","A"
"2017-04-23","540","A"
"2017-04-24","531","A"
"2017-04-25","531","A"
"2017-04-26","704","A"
"2017-04-27","853","A"
"2017-04-28","680","A"
"2017-04-29","525","A"
"2017-04-30","688","A"
"2017-05-01","689","A"
"2017-05-02","1120","A"
"2017-05-03","518","A"
"2017-05-04","689","A"
"2017-05-05","525","A"
"2017-05-06","526","A"
"2017-05-07","685","A"
"2017-05-08","685","A"
"2017-05-09","1170","A"
"2017-05-10","1120","A"
"2017-05-11","927","A"
"2017-05-12","795","A"
"2017-05-13","522","A"
"2017-05-14","514","A"
"2017-05-15","947","A"
"2017-05-16","922","A"
"2017-05-17","941","A"
"2017-05-18","897","A"
"2017-05-19","708","A"
"2017-05-20","496","A"
"2017-05-21","509","A"
"2017-05-22","514","A"
"2017-05-23","533","A"
"2017-05-24","535","A"
"2017-05-25","531","A"
"2017-05-26","531","A"
"2017-05-27","680","A"
"2017-05-28","670","A"
"2017-05-29","519","A"
"2017-05-30","522","A"
"2017-05-31","519","A"
"2017-06-01","678","A"
"2017-06-02","517","A"
"2017-06-03","667","A"
"2017-06-04","520","A"
"2017-06-05","518","A"
"2017-06-06","675","A"
"2017-06-07","677","A"
"2017-06-08","517","A"
"2017-06-09","835","A"
"2017-06-10","933","A"
"2017-06-11","669","A"
"2017-06-12","1050","A"
"2017-06-13","785","A"
"2017-06-14","720","A"
"2017-06-15","656","A"
"2017-06-16","926","A"
"2017-06-17","510","A"
"2017-06-18","512","A"
"2017-06-19","723","A"
"2017-06-20","589","A"
"2017-06-21","510","A"
"2017-06-22","513","A"
"2017-06-23","518","A"
"2017-06-24","517","A"
"2017-06-25","517","A"
"2017-06-26","662","A"
"2017-06-27","1410","A"
"2017-06-28","960","A"
"2017-06-29","513","A"
"2017-06-30","521","A"
"2017-07-01","533","A"
"2017-07-02","524","A"
"2017-07-03","517","A"
"2017-07-04","671","A"
"2017-07-05","810","A"
"2017-07-06","510","A"
"2017-07-07","512","A"
"2017-07-08","517","A"
"2017-07-09","714","A"
"2017-07-10","970","A"
"2017-07-11","717","A"
"2017-07-12","510","A"
"2017-07-13","854","A"
"2017-07-14","811","A"
"2017-07-15","604","A"
"2017-07-16","801","A"
"2017-07-17","799","A"
"2017-07-18","602","A"
"2017-07-19","747","A"
"2017-07-20","757","A"
"2017-07-21","1200","A"
"2017-07-22","760","A"
"2017-07-23","888","A"
"2017-07-24","803","A"
"2017-07-25","802","A"
"2017-07-26","1090","A"
"2017-07-27","1010","A"
"2017-07-28","881","A"
"2017-07-29","598","A"
"2017-07-30","1320","A"
"2017-07-31","1190","A"
"2017-08-01","805","A"
"2017-08-02","1000","A"
"2017-08-03","1390","A"
"2017-08-04","1040","A"
"2017-08-05","859","A"
"2017-08-06","915","A"
"2017-08-07","649","A"
"2017-08-08","606","A"
"2017-08-09","604","A"
"2017-08-10","605","A"
"2017-08-11","606","A"
"2017-08-12","800","A"
"2017-08-13","598","A"
"2017-08-14","898","A"
"2017-08-15","885","A"
"2017-08-16","881","A"
"2017-08-17","891","A"
"2017-08-18","888","A"
"2017-08-19","1030","A"
"2017-08-20","1030","A"
"2017-08-21","904","A"
"2017-08-22","635","A"
"2017-08-23","1190","A"
"2017-08-24","890","A"
"2017-08-25","890","A"
"2017-08-26","939","A"
"2017-08-27","939","A"
"2017-08-28","1230","A"
"2017-08-29","910","A"
"2017-08-30","906","A"
"2017-08-31","608","A"
"2017-09-01","606","A"
"2017-09-02","811","A"
"2017-09-03","798","A"
"2017-09-04","895","A"
"2017-09-05","898","A"
"2017-09-06","606","A"
"2017-09-07","606","A"
"2017-09-08","1020","A"
"2017-09-09","1100","A"
"2017-09-10","597","A:e"
"2017-09-11","605","A:e"
"2017-09-12","602","A:e"
"2017-09-13","610","A"
"2017-09-14","613","A"
"2017-09-15","614","A"
"2017-09-16","1010","A"
"2017-09-17","806","A"
"2017-09-18","809","A"
"2017-09-19","888","A"
"2017-09-20","904","A"
"2017-09-21","912","A"
"2017-09-22","1040","A"
"2017-09-23","874","A"
"2017-09-24","918","A"
"2017-09-25","851","A"
"2017-09-26","810","A"
"2017-09-27","949","A"
"2017-09-28","824","A"
"2017-09-29","902","A"
"2017-09-30","920","A"
"2017-10-01","920","A"
"2017-10-02","922","A"
"2017-10-03","1110","A"
"2017-10-04","892","A"
"2017-10-05","899","A"
"2017-10-06","821","A"
"2017-10-07","820","A"
"2017-10-08","825","A"
"2017-10-09","610","A"
"2017-10-10","610","A"
"2017-10-11","846","A"
"2017-10-12","825","A"
"2017-10-13","915","A"
"2017-10-14","806","A"
"2017-10-15","806","A"
"2017-10-16","808","A"
"2017-10-17","590","A"
"2017-10-18","1020","A"
"2017-10-19","827","A"
"2017-10-20","923","A"
"2017-10-21","819","A"
"2017-10-22","819","A"
"2017-10-23","776","A"
"2017-10-24","615","A"
"2017-10-25","821","A"
"2017-10-26","613","A"
"2017-10-27","821","A"
"2017-10-28","618","A"
"2017-10-29","621","A"
"2017-10-30","950","A"
"2017-10-31","820","A"
"2017-11-01","941","A"
"2017-11-02","613","A"
"2017-11-03","822","A"
"2017-11-04","769","A"
"2017-11-05","759","A"
"2017-11-06","820","A"
"2017-11-07","613","A"
"2017-11-08","888","A"
"2017-11-09","613","A"
"2017-11-10","613","A"
"2017-11-11","612","A"
"2017-11-12","769","A"
"2017-11-13","820","A"
"2017-11-14","613","A"
"2017-11-15","766","A"
"2017-11-16","819","A"
"2017-11-17","814","A"
"2017-11-18","613","A"
"2017-11-19","613","A"
"2017-11-20","815","A"
"2017-11-21","613","A"
"2017-11-22","611","A"
"2017-11-23","807","A"
"2017-11-24","820","A"
"2017-11-25","822","A"
"2017-11-26","821","A"
"2017-11-27","828","A"
"2017-11-28","613","A"
"2017-11-29","613","A"
"2017-11-30","898","A"
"2017-12-01","907","A"
"2017-12-02","757","A"
"2017-12-03","884","A"
"2017-12-04","759","A"
"2017-12-05","675","A"
"2017-12-06","822","A"
"2017-12-07","821","A"
"2017-12-08","613","A"
"2017-12-09","613","A"
"2017-12-10","613","A"
"2017-12-11","822","A"
"2017-12-12","613","A"
"2017-12-13","816","A"
"2017-12-14","814","A"
"2017-12-15","608","A"
"2017-12-16","802","A"
"2017-12-17","604","A"
"2017-12-18","823","A"
"2017-12-19","606","A"
"2017-12-20","611","A"
"2017-12-21","607","A"
"2017-12-22","606","A"
"2017-12-23","608","A"
"2017-12-24","812","A"
"2017-12-25","812","A"
"2017-12-26","601","A"
"2017-12-27","599","A"
"2017-12-28","806","A"
"2017-12-29","766","A"
"2017-12-30","804","A"
"2017-12-31","805","A"
"2018-01-01","802","A"
"2018-01-02","876","A"
"2018-01-03","613","A"
"2018-01-04","614","A"
"2018-01-05","1220","A"
"2018-01-06","613","A"
"2018-01-07","758","A"
"2018-01-08","805","A"
"2018-01-09","763","A"
"2018-01-10","752","A"
"2018-01-11","750","A"
"2018-01-12","752","A"
"2018-01-13","600","A"
"2018-01-14","597","A"
"2018-01-15","801","A"
"2018-01-16","803","A"
"2018-01-17","596","A"
"2018-01-18","796","A"
"2018-01-19","801","A"
"2018-01-20","799","A"
"2018-01-21","799","A"
"2018-01-22","759","A"
"2018-01-23","804","A"
"2018-01-24","867","A"
"2018-01-25","797","A"
"2018-01-26","590","A"
"2018-01-27","751","A"
"2018-01-28","798","A"
"2018-01-29","795","A"
"2018-01-30","591","A"
"2018-01-31","588","A"
"2018-02-01","780","A"
"2018-02-02","786","A"
"2018-02-03","580","A"
"2018-02-04","604","A"
"2018-02-05","584","A"
"2018-02-06","962","A"
"2018-02-07","591","A"
"2018-02-08","744","A"
"2018-02-09","576","A"
"2018-02-10","575","A"
"2018-02-11","581","A"
"2018-02-12","578","A"
"2018-02-13","568","A"
"2018-02-14","592","A"
"2018-02-15","594","A"
"2018-02-16","574","A"
"2018-02-17","570","A"
"2018-02-18","571","A"
"2018-02-19","767","A"
"2018-02-20","852","A"
"2018-02-21","1780","A"
"2018-02-22","2240","A"
"2018-02-23","2180","A"
"2018-02-24","2230","A"
"2018-02-25","2320","A"
"2018-02-26","2380","A"
"2018-02-27","2830","A"
"2018-02-28","2390","A"
"2018-03-01","2840","A"
"2018-03-02","4110","A"
"2018-03-03","3700","A"
"2018-03-04","3690","A"
"2018-03-05","3560","A"
"2018-03-06","2470","A"
"2018-03-07","2530","A"
"2018-03-08","2710","A"
"2018-03-09","2690","A"
"2018-03-10","2680","A"
"2018-03-11","2460","A"
"2018-03-12","1840","A"
"2018-03-13","2680","A"
"2018-03-14","1760","A"
"2018-03-15","1440","A"
"2018-03-16","1430","A"
"2018-03-17","1250","A"
"2018-03-18","1240","A"
"2018-03-19","1370","A"
"2018-03-20","1920","A"
"2018-03-21","3070","A"
"2018-03-22","3210","A"
"2018-03-23","2660","A"
"2018-03-24","1540","A"
"2018-03-25","1870","A"
"2018-03-26","2460","A"
"2018-03-27","1850","A"
"2018-03-28","2600","A"
"2018-03-29","2620","A"
"2018-03-30","2570","A"
"2018-03-31","2510","A"
"2018-04-01","2560","A"
"2018-04-02","2580","A"
"2018-04-03","2600","A"
"2018-04-04","2390","A"
"2018-04-05","1430","A"
"2018-04-06","1330","A"
"2018-04-07","1350","A"
"2018-04-08","1320","A"
"2018-04-09","1510","A"
"2018-04-10","1380","A"
"2018-04-11","1440","A"
"2018-04-12","2380","A"
"2018-04-13","2980","A"
"2018-04-14","3350","A"
"2018-04-15","2000","A"
"2018-04-16","1920","A"
"2018-04-17","1450","A"
"2018-04-18","1460","A"
"2018-04-19","1410","A"
"2018-04-20","1480","A"
"2018-04-21","583","A"
"2018-04-22","583","A"
"2018-04-23","1480","A"
"2018-04-24","1490","A"
"2018-04-25","1440","A"
"2018-04-26","2370","A"
"2018-04-27","3180","A"
"2018-04-28","2200","A"
"2018-04-29","2980","A"
"2018-04-30","3600","A"
"2018-05-01","3080","A"
"2018-05-02","2590","A"
"2018-05-03","3010","A"
"2018-05-04","2840","A"
"2018-05-05","1770","A"
"2018-05-06","1950","A"
"2018-05-07","2560","A"
"2018-05-08","2410","A"
"2018-05-09","2420","A"
"2018-05-10","2610","A"
"2018-05-11","2420","A"
"2018-05-12","2410","A"
"2018-05-13","2530","A"
"2018-05-14","2640","A"
"2018-05-15","2430","A"
"2018-05-16","1960","A"
"2018-05-17","1970","A"
"2018-05-18","1970","A"
"2018-05-19","1310","A"
"2018-05-20","1310","A"
"2018-05-21","2180","A"
"2018-05-22","2420","A"
"2018-05-23","613","A"
"2018-05-24","1480","A"
"2018-05-25","621","A"
"2018-05-26","618","A"
"2018-05-27","762","A"
"2018-05-28","681","A"
"2018-05-29","1490","A"
"2018-05-30","3580","A"
"2018-05-31","6640","A"
"2018-06-01","3220","A"
"2018-06-02","3680","A"
"2018-06-03","5600","A"
"2018-06-04","6300","A"
"2018-06-05","6930","A"
"2018-06-06","8540","A"
"2018-06-07","7560","A"
"2018-06-08","7640","A"
"2018-06-09","5660","A"
"2018-06-10","5670","A"
"2018-06-11","6530","A"
"2018-06-12","7520","A"
"2018-06-13","6770","A"
"2018-06-14","3340","A"
"2018-06-15","1450","A"
"2018-06-16","1460","A"
"2018-06-17","1460","A"
"2018-06-18","1890","A"
"2018-06-19","2810","A"
"2018-06-20","3280","A"
"2018-06-21","3480","A"
"2018-06-22","3220","A"
"2018-06-23","1780","A"
"2018-06-24","1940","A"
"2018-06-25","3190","A"
"2018-06-26","2690","A"
"2018-06-27","3110","A"
"2018-06-28","3270","A"
"2018-06-29","3080","A"
"2018-06-30","1410","A"
"2018-07-01","1310","A"
"2018-07-02","2910","A"
"2018-07-03","2390","A"
"2018-07-04","1450","A"
"2018-07-05","1640","A"
"2018-07-06","1400","A"
"2018-07-07","1310","A"
"2018-07-08","1450","A"
"2018-07-09","2540","A"
"2018-07-10","1910","A"
"2018-07-11","1920","A"
"2018-07-12","1920","A"
"2018-07-13","1920","A"
"2018-07-14","1390","A"
"2018-07-15","1500","A"
"2018-07-16","1970","A"
"2018-07-17","1900","A"
"2018-07-18","1880","A"
"2018-07-19","1910","A"
"2018-07-20","1910","A"
"2018-07-21","1330","A"
"2018-07-22","1460","A"
"2018-07-23","2010","A"
"2018-07-24","1880","A"
"2018-07-25","587","A"
"2018-07-26","2120","A"
"2018-07-27","1900","A"
"2018-07-28","1430","A"
"2018-07-29","1430","A"
"2018-07-30","2410","A"
"2018-07-31","2380","A"
"2018-08-01","1910","A"
"2018-08-02","1920","A"
"2018-08-03","1460","A"
"2018-08-04","1450","A"
"2018-08-05","2200","A"
"2018-08-06","3360","A"
"2018-08-07","635","A"
"2018-08-08","3260","A"
"2018-08-09","3890","A"
"2018-08-10","3960","A"
"2018-08-11","1720","A"
"2018-08-12","1710","A"
"2018-08-13","4100","A"
"2018-08-14","4090","A:e"
"2018-08-15","4040","A"
"2018-08-16","4140","A"
"2018-08-17","4150","A"
"2018-08-18","1460","A"
"2018-08-19","1450","A"
"2018-08-20","2790","A"
"2018-08-21","2400","A"
"2018-08-22","2320","A"
"2018-08-23","2140","A"
"2018-08-24","1990","A"
"2018-08-25","1390","A"
"2018-08-26","1440","A"
"2018-08-27","1980","A"
"2018-08-28","2400","A"
"2018-08-29","1630","A"
"2018-08-30","1880","A"
"2018-08-31","1490","A"
"2018-09-01","955","A"
"2018-09-02","1020","A"
"2018-09-03","1020","A"
"2018-09-04","1540","A"
"2018-09-05","1160","A"
"2018-09-06","1150","A"
"2018-09-07","1310","A"
"2018-09-08","959","A"
"2018-09-09","1030","A"
"2018-09-10","1080","A"
"2018-09-11","1010","A"
"2018-09-12","1020","A"
"2018-09-13","1470","A"
"2018-09-14","1480","A"
"2018-09-15","1030","A"
"2018-09-16","1030","A"
"2018-09-17","1470","A"
"2018-09-18","1470","A"
"2018-09-19","1480","A"
"2018-09-20","1430","A"
"2018-09-21","1460","A"
"2018-09-22","992","A"
"2018-09-23","1050","A"
"2018-09-24","1680","A"
"2018-09-25","1470","A"
"2018-09-26","1470","A"
"2018-09-27","1450","A"
"2018-09-28","741","A"
"2018-09-29","1270","A"
"2018-09-30","1000","A"
"2018-10-01","1520","A"
"2018-10-02","1490","A"
"2018-10-03","1900","A"
"2018-10-04","1940","A"
"2018-10-05","1460","A"
"2018-10-06","1020","A"
"2018-10-07","1010","A"
"2018-10-08","1900","A"
"2018-10-09","1880","A"
"2018-10-10","1580","A"
"2018-10-11","1500","A"
"2018-10-12","1430","A"
"2018-10-13","1070","A"
"2018-10-14","1180","A"
"2018-10-15","1710","A"
"2018-10-16","1490","A"
"2018-10-17","1420","A"
"2018-10-18","1240","A"
"2018-10-19","1450","A"
"2018-10-20","1020","A"
"2018-10-21","1020","A"
"2018-10-22","1450","A"
"2018-10-23","1880","A"
"2018-10-24","1460","A"
"2018-10-25","1470","A"
"2018-10-26","1250","A"
"2018-10-27","1030","A"
"2018-10-28","1020","A"
"2018-10-29","1960","A"
"2018-10-30","1500","A"
"2018-10-31","1450","A"
"2018-11-01","1490","A"
"2018-11-02","1030","A"
"2018-11-03","1070","A"
"2018-11-04","609","A"
"2018-11-05","1480","A"
"2018-11-06","1480","A"
"2018-11-07","1500","A"
"2018-11-08","1480","A"
"2018-11-09","1500","A"
"2018-11-10","1040","A"
"2018-11-11","1030","A"
"2018-11-12","725","A"
"2018-11-13","643","A"
"2018-11-14","618","A"
"2018-11-15","2740","A"
"2018-11-16","6800","A"
"2018-11-17","6700","A"
"2018-11-18","6720","A"
"2018-11-19","6950","A"
"2018-11-20","3950","A"
"2018-11-21","2340","A"
"2018-11-22","1880","A"
"2018-11-23","1800","A"
"2018-11-24","1240","A"
"2018-11-25","1420","A"
"2018-11-26","1760","A"
"2018-11-27","2350","A"
"2018-11-28","2440","A"
"2018-11-29","2320","A"
"2018-11-30","2160","A"
"2018-12-01","1470","A"
"2018-12-02","1450","A"
"2018-12-03","4480","A"
"2018-12-04","7110","A"
"2018-12-05","4260","A"
"2018-12-06","5510","A"
"2018-12-07","4990","A"
"2018-12-08","1470","A"
"2018-12-09","618","A"
"2018-12-10","5790","A"
"2018-12-11","7710","A"
"2018-12-12","8050","A"
"2018-12-13","6740","A"
"2018-12-14","844","A"
"2018-12-15","4730","A"
"2018-12-16","7700","A"
"2018-12-17","5270","A"
"2018-12-18","6730","A"
"2018-12-19","4830","A"
"2018-12-20","1450","A"
"2018-12-21","1450","A"
"2018-12-22","2840","A"
"2018-12-23","3030","A"
"2018-12-24","3250","A"
"2018-12-25","3500","A"
"2018-12-26","3340","A"
"2018-12-27","1860","A"
"2018-12-28","800","A"
"2018-12-29","658","A"
"2018-12-30","3500","A"
"2018-12-31","852","A"
"2019-01-01","3230","A"
"2019-01-02","5590","A"
"2019-01-03","643","A"
"2019-01-04","594","A"
"2019-01-05","6410","A"
"2019-01-06","8400","A"
"2019-01-07","8420","A"
"2019-01-08","8440","A"
"2019-01-09","8490","A"
"2019-01-10","8500","A"
"2019-01-11","8500","A"
"2019-01-12","5940","A"
"2019-01-13","5610","A"
"2019-01-14","6990","A"
"2019-01-15","8610","A"
"2019-01-16","8610","A"
"2019-01-17","5970","A"
"2019-01-18","5470","A"
"2019-01-19","577","A"
"2019-01-20","580","A"
"2019-01-21","6460","A"
"2019-01-22","7300","A"
"2019-01-23","849","A"
"2019-01-24","593","A"
"2019-01-25","7470","A"
"2019-01-26","7900","A"
"2019-01-27","7600","A"
"2019-01-28","5630","A"
"2019-01-29","572","A"
"2019-01-30","6420","A"
"2019-01-31","8250","A"
"2019-02-01","8610","A"
"2019-02-02","4280","A"
"2019-02-03","574","A"
"2019-02-04","570","A"
"2019-02-05","573","A"
"2019-02-06","6470","A"
"2019-02-07","7660","A"
"2019-02-08","7660","A"
"2019-02-09","6250","A"
"2019-02-10","5930","A"
"2019-02-11","575","A"
"2019-02-12","591","A"
"2019-02-13","4060","A"
"2019-02-14","8720","A"
"2019-02-15","4420","A"
"2019-02-16","582","A"
"2019-02-17","578","A"
"2019-02-18","582","A"
"2019-02-19","1450","A"
"2019-02-20","587","A"
"2019-02-21","625","A"
"2019-02-22","585","A"
"2019-02-23","3590","A"
"2019-02-24","5090","A"
"2019-02-25","8890","A"
"2019-02-26","8880","A"
"2019-02-27","8890","A"
"2019-02-28","4330","A"
"2019-03-01","7370","A"
"2019-03-02","6820","A"
"2019-03-03","3150","A"
"2019-03-04","4160","A"
"2019-03-05","8070","A"
"2019-03-06","8120","A"
"2019-03-07","8080","A"
"2019-03-08","7890","A"
"2019-03-09","8000","A"
"2019-03-10","8010","A"
"2019-03-11","8050","A"
"2019-03-12","8080","A"
"2019-03-13","8140","A"
"2019-03-14","7200","A"
"2019-03-15","6150","A"
"2019-03-16","8120","A"
"2019-03-17","8150","A"
"2019-03-18","8170","A"
"2019-03-19","8190","A"
"2019-03-20","8200","A"
"2019-03-21","8190","A"
"2019-03-22","7100","A"
"2019-03-23","4690","A"
"2019-03-24","3760","A"
"2019-03-25","3960","A"
"2019-03-26","4050","A"
"2019-03-27","3580","A"
"2019-03-28","3640","A"
"2019-03-29","3990","A"
"2019-03-30","3370","A"
"2019-03-31","3370","A"
"2019-04-01","3420","A"
"2019-04-02","3350","A"
"2019-04-03","3420","A"
"2019-04-04","2300","A"
"2019-04-05","3160","A"
"2019-04-06","3020","A"
"2019-04-07","3080","A"
"2019-04-08","3720","A"
"2019-04-09","5670","A"
"2019-04-10","5700","A"
"2019-04-11","5900","A"
"2019-04-12","5900","A"
"2019-04-13","5660","A"
"2019-04-14","4440","A"
"2019-04-15","5720","A"
"2019-04-16","5810","A"
"2019-04-17","6020","A"
"2019-04-18","5640","A"
"2019-04-19","2480","A"
"2019-04-20","623","A"
"2019-04-21","6170","A"
"2019-04-22","6470","A"
"2019-04-23","6150","A"
"2019-04-24","6700","A"
"2019-04-25","4540","A"
"2019-04-26","4720","A"
"2019-04-27","6370","A"
"2019-04-28","6790","A"
"2019-04-29","6810","A"
"2019-04-30","6030","A"
"2019-05-01","6070","A"
"2019-05-02","6100","A"
"2019-05-03","6100","A"
"2019-05-04","4620","A"
"2019-05-05","3160","A"
"2019-05-06","3860","A"
"2019-05-07","3340","A"
"2019-05-08","4680","A"
"2019-05-09","4030","A"
"2019-05-10","4680","A"
"2019-05-11","614","A"
"2019-05-12","619","A"
"2019-05-13","2950","A"
"2019-05-14","4590","A"
"2019-05-15","4310","A"
"2019-05-16","4910","A"
"2019-05-17","4900","A"
"2019-05-18","2870","A"
"2019-05-19","2850","A"
"2019-05-20","4820","A"
"2019-05-21","5220","A"
"2019-05-22","3800","A"
"2019-05-23","3730","A"
"2019-05-24","2510","A"
"2019-05-25","1420","A"
"2019-05-26","1400","A"
"2019-05-27","2440","A"
"2019-05-28","2130","A"
"2019-05-29","1480","A"
"2019-05-30","1510","A"
"2019-05-31","1910","A"
"2019-06-01","1050","A"
"2019-06-02","1090","A"
"2019-06-03","1960","A"
"2019-06-04","1500","A"
"2019-06-05","1500","A"
"2019-06-06","1490","A"
"2019-06-07","1470","A"
"2019-06-08","611","A"
"2019-06-09","959","A"
"2019-06-10","1550","A"
"2019-06-11","3310","A"
"2019-06-12","3140","A"
"2019-06-13","2420","A"
"2019-06-14","2400","A"
"2019-06-15","1010","A"
"2019-06-16","1010","A"
"2019-06-17","2250","A"
"2019-06-18","2200","A"
"2019-06-19","2400","A"
"2019-06-20","2390","A"
"2019-06-21","2390","A"
"2019-06-22","1360","A"
"2019-06-23","1430","A"
"2019-06-24","3360","A"
"2019-06-25","3290","A"
"2019-06-26","2620","A"
"2019-06-27","1940","A"
"2019-06-28","1910","A"
"2019-06-29","1150","A"
"2019-06-30","1220","A"
"2019-07-01","2430","A"
"2019-07-02","2180","A"
"2019-07-03","2130","A"
"2019-07-04","1290","A"
"2019-07-05","1460","A"
"2019-07-06","1300","A"
"2019-07-07","1110","A"
"2019-07-08","1390","A"
"2019-07-09","1430","A"
"2019-07-10","1440","A"
"2019-07-11","1570","A"
"2019-07-12","1440","A"
"2019-07-13","578","A"
"2019-07-14","857","A"
"2019-07-15","1660","A"
"2019-07-16","1910","A"
"2019-07-17","2160","A"
"2019-07-18","1910","A"
"2019-07-19","1910","A"
"2019-07-20","1290","A"
"2019-07-21","1450","A"
"2019-07-22","2480","A"
"2019-07-23","1900","A"
"2019-07-24","1900","A"
"2019-07-25","2120","A"
"2019-07-26","2350","A"
"2019-07-27","1110","A"
"2019-07-28","1210","A"
"2019-07-29","2000","A"
"2019-07-30","1850","A"
"2019-07-31","1920","A"
"2019-08-01","1920","A"
"2019-08-02","1860","A"
"2019-08-03","946","A"
"2019-08-04","1010","A"
"2019-08-05","1780","A"
"2019-08-06","1490","A"
"2019-08-07","1450","A"
"2019-08-08","1650","A"
"2019-08-09","1650","A"
"2019-08-10","1010","A"
"2019-08-11","583","A"
"2019-08-12","1460","A"
"2019-08-13","1940","A"
"2019-08-14","1890","A"
"2019-08-15","1330","A"
"2019-08-16","1090","A"
"2019-08-17","954","A"
"2019-08-18","1020","A"
"2019-08-19","1940","A"
"2019-08-20","1450","A"
"2019-08-21","1450","A"
"2019-08-22","1840","A"
"2019-08-23","1940","A"
"2019-08-24","956","A"
"2019-08-25","1020","A"
"2019-08-26","1510","A"
"2019-08-27","1820","A"
"2019-08-28","1930","A"
"2019-08-29","1860","A"
"2019-08-30","1950","A"
"2019-08-31","956","A"
"2019-09-01","1000","A"
"2019-09-02","1380","A"
"2019-09-03","1730","A"
"2019-09-04","1450","A"
"2019-09-05","1730","A"
"2019-09-06","1430","A"
"2019-09-07","1010","A"
"2019-09-08","1020","A"
"2019-09-09","1950","A"
"2019-09-10","1790","A"
"2019-09-11","1980","A"
"2019-09-12","1450","A"
"2019-09-13","1440","A"
"2019-09-14","1310","A"
"2019-09-15","1150","A"
"2019-09-16","1780","A"
"2019-09-17","1200","A"
"2019-09-18","1640","A"
"2019-09-19","1760","A"
"2019-09-20","1500","A"
"2019-09-21","1030","A"
"2019-09-22","903","A"
"2019-09-23","1500","A"
"2019-09-24","1460","A"
"2019-09-25","1620","A"
"2019-09-26","1720","A"
"2019-09-27","1730","A"
"2019-09-28","907","A"
"2019-09-29","895","A"
"2019-09-30","1560","A"
"2019-10-01","1510","A"
"2019-10-02","1510","A"
"2019-10-03","1510","A"
"2019-10-04","1510","A"
"2019-10-05","905","A"
"2019-10-06","818","A"
"2019-10-07","1520","A"
"2019-10-08","1260","A"
"2019-10-09","1260","A"
"2019-10-10","1260","A"
"2019-10-11","1430","A"
"2019-10-12","816","A"
"2019-10-13","819","A"
"2019-10-14","1500","A"
"2019-10-15","1510","A"
"2019-10-16","1040","A"
"2019-10-17","1310","A"
"2019-10-18","1290","A"
"2019-10-19","864","A"
"2019-10-20","937","A"
"2019-10-21","1530","A"
"2019-10-22","1490","A"
"2019-10-23","1530","A"
"2019-10-24","1290","A"
"2019-10-25","970","A"
"2019-10-26","900","A"
"2019-10-27","935","A"
"2019-10-28","1350","A"
"2019-10-29","1040","A"
"2019-10-30","1260","A"
"2019-10-31","1300","A"
"2019-11-01","1300","A"
"2019-11-02","816","A"
"2019-11-03","884","A"
"2019-11-04","1320","A"
"2019-11-05","1290","A"
"2019-11-06","1220","A"
"2019-11-07","1290","A"
"2019-11-08","1260","A"
"2019-11-09","882","A"
"2019-11-10","592","A"
"2019-11-11","913","A"
"2019-11-12","2030","A"
"2019-11-13","2430","A"
"2019-11-14","1280","A"
"2019-11-15","1290","A"
"2019-11-16","810","A"
"2019-11-17","804","A"
"2019-11-18","1510","A"
"2019-11-19","1510","A"
"2019-11-20","1510","A"
"2019-11-21","1510","A"
"2019-11-22","1030","A"
"2019-11-23","895","A"
"2019-11-24","895","A"
"2019-11-25","1290","A"
"2019-11-26","1040","A"
"2019-11-27","1240","A"
"2019-11-28","1470","A"
"2019-11-29","1510","A"
"2019-11-30","878","A"
"2019-12-01","884","A"
"2019-12-02","1290","A"
"2019-12-03","1520","A"
"2019-12-04","1470","A"
"2019-12-05","1220","A"
"2019-12-06","1060","A"
"2019-12-07","900","A"
"2019-12-08","894","A"
"2019-12-09","1040","A"
"2019-12-10","963","A"
"2019-12-11","1810","A"
"2019-12-12","2570","A"
"2019-12-13","1040","A"
"2019-12-14","597","A"
"2019-12-15","590","A"
"2019-12-16","701","A"
"2019-12-17","1710","A"
"2019-12-18","1510","A"
"2019-12-19","1840","A"
"2019-12-20","1390","A"
"2019-12-21","576","A"
"2019-12-22","577","A"
"2019-12-23","596","A"
"2019-12-24","1290","A"
"2019-12-25","885","A"
"2019-12-26","1220","A"
"2019-12-27","1020","A"
"2019-12-28","575","A"
"2019-12-29","575","A"
"2019-12-30","884","A"
"2019-12-31","1220","A"
"2020-01-01","1440","A"
"2020-01-02","1500","A"
"2020-01-03","616","A"
"2020-01-04","591","A"
"2020-01-05","588","A"
"2020-01-06","1420","A"
"2020-01-07","1960","A"
"2020-01-08","1960","A"
"2020-01-09","1940","A"
"2020-01-10","575","A"
"2020-01-11","596","A"
"2020-01-12","588","A"
"2020-01-13","587","A"
"2020-01-14","587","A"
"2020-01-15","581","A"
"2020-01-16","1430","A"
"2020-01-17","1240","A"
"2020-01-18","575","A"
"2020-01-19","575","A"
"2020-01-20","2410","A"
"2020-01-21","6080","A"
"2020-01-22","4680","A"
"2020-01-23","3490","A"
"2020-01-24","3920","A"
"2020-01-25","1220","A"
"2020-01-26","1000","A"
"2020-01-27","2390","A"
"2020-01-28","2750","A"
"2020-01-29","2810","A"
"2020-01-30","2400","A"
"2020-01-31","2070","A"
"2020-02-01","1050","A"
"2020-02-02","1000","A"
"2020-02-03","2410","A"
"2020-02-04","575","A"
"2020-02-05","576","A"
"2020-02-06","670","A"
"2020-02-07","2060","A"
"2020-02-08","4460","A"
"2020-02-09","4030","A"
"2020-02-10","584","A"
"2020-02-11","595","A"
"2020-02-12","3650","A"
"2020-02-13","3830","A"
"2020-02-14","3640","A"
"2020-02-15","5490","A"
"2020-02-16","5740","A"
"2020-02-17","5750","A"
"2020-02-18","3240","A"
"2020-02-19","584","A"
"2020-02-20","5260","A"
"2020-02-21","8020","A"
"2020-02-22","8080","A"
"2020-02-23","3770","A"
"2020-02-24","5500","A"
"2020-02-25","5410","A"
"2020-02-26","7720","A"
"2020-02-27","7800","A"
"2020-02-28","7170","A"
"2020-02-29","8370","A"
"2020-03-01","8390","A"
"2020-03-02","8430","A"
"2020-03-03","5880","A"
"2020-03-04","830","A"
"2020-03-05","602","A"
"2020-03-06","5440","A"
"2020-03-07","7450","A"
"2020-03-08","7460","A"
"2020-03-09","7520","A"
"2020-03-10","7530","A"
"2020-03-11","7590","A"
"2020-03-12","8580","A"
"2020-03-13","8600","A"
"2020-03-14","8600","A"
"2020-03-15","8660","A"
"2020-03-16","8660","A"
"2020-03-17","8720","A"
"2020-03-18","8660","A"
"2020-03-19","8690","A"
"2020-03-20","5670","A"
"2020-03-21","4760","A"
"2020-03-22","3910","A"
"2020-03-23","4730","A"
"2020-03-24","4880","A"
"2020-03-25","4120","A"
"2020-03-26","4970","A"
"2020-03-27","8580","A"
"2020-03-28","8740","A"
"2020-03-29","8760","A"
"2020-03-30","5200","A"
"2020-03-31","5030","A"
"2020-04-01","4800","A"
"2020-04-02","4180","A"
"2020-04-03","4170","A"
"2020-04-04","3750","A"
"2020-04-05","3600","A"
"2020-04-06","3780","A"
"2020-04-07","2810","A"
"2020-04-08","2920","A"
"2020-04-09","2910","A"
"2020-04-10","2620","A"
"2020-04-11","2510","A"
"2020-04-12","2320","A"
"2020-04-13","2200","A"
"2020-04-14","6430","A"
"2020-04-15","5730","A"
"2020-04-16","5910","A"
"2020-04-17","5750","A"
"2020-04-18","4160","A"
"2020-04-19","3810","A"
"2020-04-20","3430","A"
"2020-04-21","3420","A"
"2020-04-22","3260","A"
"2020-04-23","3400","A"
"2020-04-24","3390","A"
"2020-04-25","4250","A"
"2020-04-26","5050","A"
"2020-04-27","5400","A"
"2020-04-28","3380","A"
"2020-04-29","3430","A"
"2020-04-30","3370","A"
"2020-05-01","3370","A"
"2020-05-02","3300","A"
"2020-05-03","3300","A"
"2020-05-04","3340","A"
"2020-05-05","3400","A"
"2020-05-06","3410","A"
"2020-05-07","2460","A"
"2020-05-08","2440","A"
"2020-05-09","2270","A"
"2020-05-10","2350","A"
"2020-05-11","2340","A"
"2020-05-12","2480","A"
"2020-05-13","3400","A"
"2020-05-14","3410","A"
"2020-05-15","4280","A"
"2020-05-16","3320","A"
"2020-05-17","3410","A"
"2020-05-18","4310","A"
"2020-05-19","4280","A"
"2020-05-20","3320","A"
"2020-05-21","3330","A"
"2020-05-22","3370","A"
"2020-05-23","2300","A"
"2020-05-24","2450","A"
"2020-05-25","2470","A"
"2020-05-26","3490","A"
"2020-05-27","4210","A"
"2020-05-28","4240","A"
"2020-05-29","4280","A"
"2020-05-30","2340","A"
"2020-05-31","2460","A"
"2020-06-01","3510","A"
"2020-06-02","2470","A"
"2020-06-03","2380","A"
"2020-06-04","1970","A"
"2020-06-05","1970","A"
"2020-06-06","1450","A"
"2020-06-07","1560","A"
"2020-06-08","2770","A"
"2020-06-09","2750","A"
"2020-06-10","2910","A"
"2020-06-11","2870","A"
"2020-06-12","2950","A"
"2020-06-13","1390","A"
"2020-06-14","1470","A"
"2020-06-15","2030","A"
"2020-06-16","1480","A"
"2020-06-17","1520","A"
"2020-06-18","1500","A"
"2020-06-19","1490","A"
"2020-06-20","1340","A"
"2020-06-21","1490","A"
"2020-06-22","1660","A"
"2020-06-23","3270","A"
"2020-06-24","3390","A"
"2020-06-25","3380","A"
"2020-06-26","3380","A"
"2020-06-27","1430","A"
"2020-06-28","1510","A"
"2020-06-29","2520","A"
"2020-06-30","1870","A"
"2020-07-01","1970","A"
"2020-07-02","1970","A"
"2020-07-03","1400","A"
"2020-07-04","1420","A"
"2020-07-05","1490","A"
"2020-07-06","1650","A"
"2020-07-07","1480","A"
"2020-07-08","1500","A"
"2020-07-09","1500","A"
"2020-07-10","1490","A"
"2020-07-11","1330","A"
"2020-07-12","1500","A"
"2020-07-13","1680","A"
"2020-07-14","1550","A"
"2020-07-15","1510","A"
"2020-07-16","1520","A"
"2020-07-17","1520","A"
"2020-07-18","613","A"
"2020-07-19","618","A"
"2020-07-20","1400","A"
"2020-07-21","1350","A"
"2020-07-22","1290","A"
"2020-07-23","1310","A"
"2020-07-24","1310","A"
"2020-07-25","830","A"
"2020-07-26","766","A"
"2020-07-27","1370","A"
"2020-07-28","1260","A"
"2020-07-29","1270","A"
"2020-07-30","1260","A"
"2020-07-31","1250","A"
"2020-08-01","864","A"
"2020-08-02","910","A"
"2020-08-03","1120","A"
"2020-08-04","1060","A"
"2020-08-05","1050","A"
"2020-08-06","1050","A"
"2020-08-07","1050","A"
"2020-08-08","774","A"
"2020-08-09","831","A"
"2020-08-10","1110","A"
"2020-08-11","1040","A"
"2020-08-12","1260","A"
"2020-08-13","1280","A"
"2020-08-14","1250","A"
"2020-08-15","891","A"
"2020-08-16","1010","A"
"2020-08-17","2120","A"
"2020-08-18","1980","A"
"2020-08-19","1870","A"
"2020-08-20","1900","A"
"2020-08-21","1910","A"
"2020-08-22","1340","A"
"2020-08-23","1490","A"
"2020-08-24","1410","A"
"2020-08-25","2490","A"
"2020-08-26","2490","A"
"2020-08-27","1490","A"
"2020-08-28","1440","A"
"2020-08-29","887","A"
"2020-08-30","1020","A"
"2020-08-31","1640","A"
"2020-09-01","1490","A"
"2020-09-02","1490","A"
"2020-09-03","1480","A"
"2020-09-04","1500","A"
"2020-09-05","963","A"
"2020-09-06","1030","A"
"2020-09-07","660","A"
"2020-09-08","1020","A"
"2020-09-09","1250","A"
"2020-09-10","1840","A"
"2020-09-11","1040","A"
"2020-09-12","1140","A"
"2020-09-13","1050","A"
"2020-09-14","1040","A"
"2020-09-15","2200","A"
"2020-09-16","599","A"
"2020-09-17","662","A"
"2020-09-18","610","A"
"2020-09-19","606","A"
"2020-09-20","606","A"
"2020-09-21","2460","A"
"2020-09-22","2340","A"
"2020-09-23","2260","A"
"2020-09-24","2330","A"
"2020-09-25","2490","A"
"2020-09-26","1680","A"
"2020-09-27","1850","A"
"2020-09-28","2630","A"
"2020-09-29","2970","A"
"2020-09-30","2910","A"
"2020-10-01","2910","A"
"2020-10-02","2890","A"
"2020-10-03","1900","A"
"2020-10-04","2170","A"
"2020-10-05","2330","A"
"2020-10-06","2470","A"
"2020-10-07","2710","A"
"2020-10-08","2470","A"
"2020-10-09","2450","A"
"2020-10-10","1630","A"
"2020-10-11","876","A"
"2020-10-12","807","A"
"2020-10-13","5850","A"
"2020-10-14","8710","A"
"2020-10-15","8790","A"
"2020-10-16","8790","A"
"2020-10-17","8950","A"
"2020-10-18","7230","A"
"2020-10-19","7190","A"
"2020-10-20","6010","A"
"2020-10-21","7900","A"
"2020-10-22","6090","A"
"2020-10-23","4210","A"
"2020-10-24","2820","A"
"2020-10-25","624","A"
"2020-10-26","606","A"
"2020-10-27","3420","A"
"2020-10-28","1030","A"
"2020-10-29","634","A"
"2020-10-30","5700","A"
"2020-10-31","5780","A"
"2020-11-01","5560","A"
"2020-11-02","6140","A"
"2020-11-03","6110","A"
"2020-11-04","6310","A"
"2020-11-05","6120","A"
"2020-11-06","5160","A"
"2020-11-07","4890","A"
"2020-11-08","5140","A"
"2020-11-09","5420","A"
"2020-11-10","4390","A"
"2020-11-11","3980","A"
"2020-11-12","3810","A"
"2020-11-13","3750","A"
"2020-11-14","2050","A"
"2020-11-15","2640","A"
"2020-11-16","2350","A"
"2020-11-17","2350","A"
"2020-11-18","1930","A"
"2020-11-19","2000","A"
"2020-11-20","2490","A"
"2020-11-21","2490","A"
"2020-11-22","2520","A"
"2020-11-23","2010","A"
"2020-11-24","1940","A"
"2020-11-25","2020","A"
"2020-11-26","1990","A"
"2020-11-27","1990","A"
"2020-11-28","1900","A"
"2020-11-29","1900","A"
"2020-11-30","2020","A"
"2020-12-01","1860","A"
"2020-12-02","1980","A"
"2020-12-03","1910","A"
"2020-12-04","1900","A"
"2020-12-05","1800","A"
"2020-12-06","1840","A"
"2020-12-07","1890","A"
"2020-12-08","1890","A"
"2020-12-09","1900","A"
"2020-12-10","1900","A"
"2020-12-11","1810","A"
"2020-12-12","1960","A"
"2020-12-13","1970","A"
"2020-12-14","2000","A"
"2020-12-15","1970","A"
"2020-12-16","1970","A"
"2020-12-17","2100","A"
"2020-12-18","1970","A"
"2020-12-19","1970","A"
"2020-12-20","1890","A"
"2020-12-21","1940","A"
"2020-12-22","1600","A"
"2020-12-23","1980","A"
"2020-12-24","1890","A"
"2020-12-25","1970","A"
"2020-12-26","1930","A"
"2020-12-27","1960","A"
"2020-12-28","4260","A"
"2020-12-29","4060","A"
"2020-12-30","4280","A"
"2020-12-31","4070","A"
"2021-01-01","3660","A"
"2021-01-02","1900","A"
"2021-01-03","1900","A"
"2021-01-04","5660","A"
"2021-01-05","6060","A"
"2021-01-06","6200","A"
"2021-01-07","4100","A"
"2021-01-08","4360","A"
"2021-01-09","2480","A"
"2021-01-10","2460","A"
"2021-01-11","2480","A"
"2021-01-12","2350","A"
"2021-01-13","2500","A"
"2021-01-14","2490","A"
"2021-01-15","2500","A"
"2021-01-16","2180","A"
"2021-01-17","2050","A"
"2021-01-18","2500","A"
"2021-01-19","2480","A"
"2021-01-20","2500","A"
"2021-01-21","2480","A"
"2021-01-22","1980","A"
"2021-01-23","1520","A"
"2021-01-24","1500","A"
"2021-01-25","1460","A"
"2021-01-26","2060","A"
"2021-01-27","1520","A"
"2021-01-28","4410","A"
"2021-01-29","4230","A"
"2021-01-30","3360","A"
"2021-01-31","3220","A"
"2021-02-01","3220","A"
"2021-02-02","3440","A"
"2021-02-03","2940","A"
"2021-02-04","2430","A"
"2021-02-05","2350","A"
"2021-02-06","1990","A"
"2021-02-07","1890","A"
"2021-02-08","2380","A"
"2021-02-09","2480","A"
"2021-02-10","2390","A"
"2021-02-11","2530","A"
"2021-02-12","3460","A"
"2021-02-13","2360","A"
"2021-02-14","2250","A"
"2021-02-15","2530","A"
"2021-02-16","3800","A"
"2021-02-17","4000","A"
"2021-02-18","4310","A"
"2021-02-19","4330","A"
"2021-02-20","3170","A"
"2021-02-21","3020","A"
"2021-02-22","4450","A"
"2021-02-23","3420","A"
"2021-02-24","3470","A"
"2021-02-25","2520","A"
"2021-02-26","2540","A"
"2021-02-27","2530","A"
"2021-02-28","4390","A"
"2021-03-01","3490","A"
"2021-03-02","3400","A"
"2021-03-03","2540","A"
"2021-03-04","2560","A"
"2021-03-05","1550","A"
"2021-03-06","1550","A"
"2021-03-07","1530","A"
"2021-03-08","3450","A"
"2021-03-09","1530","A"
"2021-03-10","1600","A"
"2021-03-11","1540","A"
"2021-03-12","2530","A"
"2021-03-13","1530","A"
"2021-03-14","1550","A"
"2021-03-15","2560","A"
"2021-03-16","1500","A"
"2021-03-17","1610","A"
"2021-03-18","1530","A"
"2021-03-19","2020","A"
"2021-03-20","1530","A"
"2021-03-21","1530","A"
"2021-03-22","4440","A"
"2021-03-23","4180","A"
"2021-03-24","4190","A"
"2021-03-25","2430","A"
"2021-03-26","2400","A"
"2021-03-27","2520","A"
"2021-03-28","5310","A"
"2021-03-29","6270","A"
"2021-03-30","5350","A"
"2021-03-31","5470","A"
"2021-04-01","4360","A"
"2021-04-02","6240","A"
"2021-04-03","4240","A"
"2021-04-04","3930","A"
"2021-04-05","5620","A"
"2021-04-06","5400","A"
"2021-04-07","5460","A"
"2021-04-08","4350","A"
"2021-04-09","4370","A"
"2021-04-10","1290","A"
"2021-04-11","1290","A"
"2021-04-12","3490","A"
"2021-04-13","3940","A"
"2021-04-14","3060","A"
"2021-04-15","2550","A"
"2021-04-16","2780","A"
"2021-04-17","1650","A"
"2021-04-18","1530","A"
"2021-04-19","2590","A"
"2021-04-20","3530","A"
"2021-04-21","3890","A"
"2021-04-22","4500","A"
"2021-04-23","2570","A"
"2021-04-24","654","A"
"2021-04-25","647","A"
"2021-04-26","3520","A"
"2021-04-27","3530","A"
"2021-04-28","3460","A"
"2021-04-29","3090","A"
"2021-04-30","2860","A"
"2021-05-01","1310","A"
"2021-05-02","1320","A"
"2021-05-03","1800","A"
"2021-05-04","1580","A"
"2021-05-05","1630","A"
"2021-05-06","1530","A"
"2021-05-07","5950","A"
"2021-05-08","2450","A"
"2021-05-09","2060","A"
"2021-05-10","1590","A"
"2021-05-11","1540","A"
"2021-05-12","4440","A"
"2021-05-13","4400","A"
"2021-05-14","6180","A"
"2021-05-15","6260","A"
"2021-05-16","5290","A"
"2021-05-17","4440","A"
"2021-05-18","3290","A"
"2021-05-19","2510","A"
"2021-05-20","3080","A"
"2021-05-21","3440","A"
"2021-05-22","1090","A"
"2021-05-23","2720","A"
"2021-05-24","6200","A"
"2021-05-25","2640","A"
"2021-05-26","2600","A"
"2021-05-27","4240","A"
"2021-05-28","3740","A"
"2021-05-29","2620","A"
"2021-05-30","2610","A"
"2021-05-31","2600","A"
"2021-06-01","6310","A"
"2021-06-02","637","A"
"2021-06-03","2890","A"
"2021-06-04","6500","A"
"2021-06-05","2600","A"
"2021-06-06","2630","A"
"2021-06-07","3710","A"
"2021-06-08","3250","A"
"2021-06-09","2890","A"
"2021-06-10","2100","A"
"2021-06-11","1590","A"
"2021-06-12","1020","A"
"2021-06-13","1090","A"
"2021-06-14","2190","A"
"2021-06-15","2270","A"
"2021-06-16","1530","A"
"2021-06-17","1580","A"
"2021-06-18","1090","A"
"2021-06-19","643","A"
"2021-06-20","650","A"
"2021-06-21","650","A"
"2021-06-22","1100","A"
"2021-06-23","1110","A"
"2021-06-24","1090","A"
"2021-06-25","1310","A"
"2021-06-26","1100","A"
"2021-06-27","1100","A"
"2021-06-28","1100","A"
"2021-06-29","1100","A"
"2021-06-30","1100","A"
"2021-07-01","1100","A"
"2021-07-02","1100","A"
"2021-07-03","863","A"
"2021-07-04","874","A"
"2021-07-05","1100","A"
"2021-07-06","1090","A"
"2021-07-07","1090","A"
"2021-07-08","1090","A"
"2021-07-09","1090","A"
"2021-07-10","889","A"
"2021-07-11","936","A"
"2021-07-12","1130","A"
"2021-07-13","1090","A"
"2021-07-14","1080","A"
"2021-07-15","1070","A"
"2021-07-16","1080","A"
"2021-07-17","874","A"
"2021-07-18","920","A"
"2021-07-19","1120","A"
"2021-07-20","1060","A"
"2021-07-21","2020","A"
"2021-07-22","4310","A"
"2021-07-23","4370","A"
"2021-07-24","2420","A"
"2021-07-25","2530","A"
"2021-07-26","3170","A"
"2021-07-27","2530","A"
"2021-07-28","3030","A"
"2021-07-29","2710","A"
"2021-07-30","1520","A"
"2021-07-31","1210","A"
"2021-08-01","606","A"
"2021-08-02","1260","A"
"2021-08-03","1220","A"
"2021-08-04","1050","A"
"2021-08-05","605","A"
"2021-08-06","1490","A"
"2021-08-07","1200","A"
"2021-08-08","1200","A"
"2021-08-09","1440","A"
"2021-08-10","2040","A"
"2021-08-11","2040","A"
"2021-08-12","2030","A"
"2021-08-13","2570","A"
"2021-08-14","1060","A"
"2021-08-15","1050","A"
"2021-08-16","1520","A"
"2021-08-17","1050","A"
"2021-08-18","1030","A"
"2021-08-19","1940","A"
"2021-08-20","2490","A"
"2021-08-21","2310","A"
"2021-08-22","2490","A"
"2021-08-23","4250","A"
"2021-08-24","5170","A"
"2021-08-25","5820","A"
"2021-08-26","5400","A"
"2021-08-27","5340","A"
"2021-08-28","4140","A"
"2021-08-29","4260","A"
"2021-08-30","4030","A"
"2021-08-31","985","A"
"2021-09-01","2750","A"
"2021-09-02","4300","A"
"2021-09-03","978","A"
"2021-09-04","913","A"
"2021-09-05","968","A"
"2021-09-06","2350","A"
"2021-09-07","3620","A"
"2021-09-08","549","A"
"2021-09-09","2170","A"
"2021-09-10","3390","A"
"2021-09-11","898","A"
"2021-09-12","982","A"
"2021-09-13","2520","A"
"2021-09-14","3160","A"
"2021-09-15","3340","A"
"2021-09-16","2310","A"
"2021-09-17","2670","A"
"2021-09-18","988","A"
"2021-09-19","982","A"
"2021-09-20","3020","A"
"2021-09-21","2240","A"
"2021-09-22","2890","A"
"2021-09-23","2750","A"
"2021-09-24","2960","A"
"2021-09-25","1700","A"
"2021-09-26","1220","A"
"2021-09-27","3970","A"
"2021-09-28","2900","A"
"2021-09-29","2750","A"
"2021-09-30","2170","A"
"2021-10-01","2490","A"
"2021-10-02","2190","A"
"2021-10-03","2180","A"
"2021-10-04","2700","A"
"2021-10-05","2450","A"
"2021-10-06","1480","A"
"2021-10-07","1490","A"
"2021-10-08","2340","A"
"2021-10-09","1450","A"
"2021-10-10","1450","A"
"2021-10-11","2380","A"
"2021-10-12","5120","A"
"2021-10-13","5670","A"
"2021-10-14","6280","A"
"2021-10-15","6220","A"
"2021-10-16","3240","A"
"2021-10-17","3180","A"
"2021-10-18","4760","A"
"2021-10-19","3790","A"
"2021-10-20","3860","A"
"2021-10-21","3640","A"
"2021-10-22","3660","A"
"2021-10-23","2290","A"
"2021-10-24","2500","A"
"2021-10-25","2480","A"
"2021-10-26","2490","A"
"2021-10-27","2480","A"
"2021-10-28","2210","A"
"2021-10-29","2500","A"
"2021-10-30","1080","A"
"2021-10-31","1060","A"
"2021-11-01","2370","A"
"2021-11-02","2090","A"
"2021-11-03","2580","A"
"2021-11-04","2510","A"
"2021-11-05","1450","A"
"2021-11-06","1770","A"
"2021-11-07","1660","A"
"2021-11-08","2110","A"
"2021-11-09","2300","A"
"2021-11-10","2100","A"
"2021-11-11","2140","A"
"2021-11-12","2110","A"
"2021-11-13","2150","A"
"2021-11-14","1660","A"
"2021-11-15","2150","A"
"2021-11-16","1700","A"
"2021-11-17","1660","A"
"2021-11-18","1450","A"
"2021-11-19","1440","A"
"2021-11-20","1460","A"
"2021-11-21","1430","A"
"2021-11-22","1470","A"
"2021-11-23","2810","A"
"2021-11-24","1490","A"
"2021-11-25","1450","A"
"2021-11-26","1460","A"
"2021-11-27","1470","A"
"2021-11-28","1510","A"
"2021-11-29","1450","A"
"2021-11-30","1480","A"
"2021-12-01","1480","A"
"2021-12-02","1480","A"
"2021-12-03","1420","A"
"2021-12-04","1140","A"
"2021-12-05","1440","A"
"2021-12-06","1720","A"
"2021-12-07","1710","A"
"2021-12-08","1480","A"
"2021-12-09","1470","A"
"2021-12-10","1460","A"
"2021-12-11","568","A"
"2021-12-12","1470","A"
"2021-12-13","1430","A"
"2021-12-14","1430","A"
"2021-12-15","1420","A"
"2021-12-16","1440","A"
"2021-12-17","1240","A"
"2021-12-18","1140","A"
"2021-12-19","1700","A"
"2021-12-20","1410","A"
"2021-12-21","1410","A"
"2021-12-22","1420","A"
"2021-12-23","1430","A"
"2021-12-24","1490","A"
"2021-12-25","586","A"
"2021-12-26","1430","A"
"2021-12-27","1480","A"
"2021-12-28","1460","A"
"2021-12-29","1450","A"
"2021-12-30","1490","A"
"2021-12-31","1460","A"
"2022-01-01","1420","A"
"2022-01-02","1450","A"
"2022-01-03","1480","A"
"2022-01-04","2750","A"
"2022-01-05","2350","A"
"2022-01-06","2640","A"
"2022-01-07","2450","A"
"2022-01-08","1610","A"
"2022-01-09","2380","A"
"2022-01-10","2870","A"
"2022-01-11","4490","A"
"2022-01-12","4130","A"
"2022-01-13","2500","A"
"2022-01-14","2480","A"
"2022-01-15","3220","A"
"2022-01-16","2130","A"
"2022-01-17","2440","A"
"2022-01-18","3020","A"
"2022-01-19","2130","A"
"2022-01-20","2280","A"
"2022-01-21","2280","A"
"2022-01-22","1790","A"
"2022-01-23","1610","A"
"2022-01-24","2790","A"
"2022-01-25","2720","A"
"2022-01-26","1840","A"
"2022-01-27","1410","A"
"2022-01-28","1420","A"
"2022-01-29","1430","A"
"2022-01-30","1430","A"
"2022-01-31","1940","A"
"2022-02-01","1660","A"
"2022-02-02","1420","A"
"2022-02-03","1960","A"
"2022-02-04","1950","A"
"2022-02-05","1410","A"
"2022-02-06","1410","A"
"2022-02-07","5230","A"
"2022-02-08","5620","A"
"2022-02-09","5790","A"
"2022-02-10","5830","A"
"2022-02-11","5800","A"
"2022-02-12","5840","A"
"2022-02-13","3820","A"
"2022-02-14","6260","A"
"2022-02-15","3510","A"
"2022-02-16","3150","A"
"2022-02-17","3030","A"
"2022-02-18","2180","A"
"2022-02-19","2440","A"
"2022-02-20","3230","A"
"2022-02-21","3650","A"
"2022-02-22","3600","A"
"2022-02-23","3510","A"
"2022-02-24","2630","A"
"2022-02-25","2630","A"
"2022-02-26","2460","A"
"2022-02-27","2750","A"
"2022-02-28","4110","A"
"2022-03-01","4330","A"
"2022-03-02","3850","A"
"2022-03-03","3330","A"
"2022-03-04","2510","A"
"2022-03-05","2520","A"
"2022-03-06","2450","A"
"2022-03-07","3800","A"
"2022-03-08","4000","A:e"
"2022-03-09","3160","A"
"2022-03-10","3240","A"
"2022-03-11","3350","A"
"2022-03-12","3490","A"
"2022-03-13","4390","A"
"2022-03-14","3870","A"
"2022-03-15","3870","A"
"2022-03-16","3890","A"
"2022-03-17","3880","A"
"2022-03-18","3870","A"
"2022-03-19","3360","A"
"2022-03-20","3390","A"
"2022-03-21","3750","A"
"2022-03-22","5260","A"
"2022-03-23","5680","A"
"2022-03-24","3870","A"
"2022-03-25","2470","A"
"2022-03-26","3790","A"
"2022-03-27","7060","A"
"2022-03-28","7140","A"
"2022-03-29","5060","A"
"2022-03-30","4160","A"
"2022-03-31","4450","A"
"2022-04-01","3820","A"
"2022-04-02","3920","A"
"2022-04-03","3470","A"
"2022-04-04","3640","A"
"2022-04-05","2580","A"
"2022-04-06","2460","A"
"2022-04-07","2800","A"
"2022-04-08","3430","A"
"2022-04-09","3380","A"
"2022-04-10","3420","A"
"2022-04-11","4240","A"
"2022-04-12","4230","A"
"2022-04-13","3710","A"
"2022-04-14","4010","A"
"2022-04-15","2830","A"
"2022-04-16","1940","A"
"2022-04-17","1940","A"
"2022-04-18","3480","A"
"2022-04-19","3440","A"
"2022-04-20","2460","A"
"2022-04-21","1440","A"
"2022-04-22","2060","A"
"2022-04-23","1970","A"
"2022-04-24","2040","A"
"2022-04-25","3510","A"
"2022-04-26","2550","A"
"2022-04-27","1980","A"
"2022-04-28","2040","A"
"2022-04-29","2040","A"
"2022-04-30","1940","A"
"2022-05-01","1490","A"
"2022-05-02","2550","A"
"2022-05-03","2540","A"
"2022-05-04","2960","A"
"2022-05-05","1510","A"
"2022-05-06","1550","A"
"2022-05-07","1500","A"
"2022-05-08","1550","A"
"2022-05-09","1540","A"
"2022-05-10","2030","A"
"2022-05-11","1970","A"
"2022-05-12","2040","A"
"2022-05-13","2040","A"
"2022-05-14","1510","A"
"2022-05-15","1510","A"
"2022-05-16","2060","A"
"2022-05-17","2050","A"
"2022-05-18","2570","A"
"2022-05-19","2730","A"
"2022-05-20","2560","A"
"2022-05-21","1060","A"
"2022-05-22","1070","A"
"2022-05-23","1090","A"
"2022-05-24","1080","A"
"2022-05-25","1530","A"
"2022-05-26","1570","A"
"2022-05-27","2730","A"
"2022-05-28","2350","A"
"2022-05-29","2540","A"
"2022-05-30","2530","A"
"2022-05-31","3670","A"
"2022-06-01","3970","A"
"2022-06-02","3520","A"
"2022-06-03","3040","A"
"2022-06-04","1870","A"
"2022-06-05","2050","A"
"2022-06-06","2730","A"
"2022-06-07","3050","A"
"2022-06-08","3050","A"
"2022-06-09","628","A"
"2022-06-10","1080","A"
"2022-06-11","1010","A"
"2022-06-12","1080","A"
"2022-06-13","1550","A"
"2022-06-14","1610","A"
"2022-06-15","1900","A"
"2022-06-16","1780","A"
"2022-06-17","1560","A"
"2022-06-18","1060","A"
"2022-06-19","979","A"
"2022-06-20","1520","A"
"2022-06-21","1620","A"
"2022-06-22","1510","A"
"2022-06-23","1810","A"
"2022-06-24","1550","A"
"2022-06-25","1010","A"
"2022-06-26","1090","A"
"2022-06-27","2040","A"
"2022-06-28","2550","A"
"2022-06-29","2520","A"
"2022-06-30","2540","A"
"2022-07-01","2040","A"
"2022-07-02","1440","A"
"2022-07-03","1080","A"
"2022-07-04","1090","A"
"2022-07-05","2480","A"
"2022-07-06","2220","A"
"2022-07-07","2030","A"
"2022-07-08","2440","A"
"2022-07-09","1400","A"
"2022-07-10","1560","A"
"2022-07-11","2240","A"
"2022-07-12","2050","A"
"2022-07-13","2050","A"
"2022-07-14","2010","A"
"2022-07-15","1950","A"
"2022-07-16","1870","A"
"2022-07-17","1640","A"
"2022-07-18","2630","A"
"2022-07-19","2060","A"
"2022-07-20","2060","A"
"2022-07-21","2090","A"
"2022-07-22","2060","A"
"2022-07-23","1400","A"
"2022-07-24","1570","A"
"2022-07-25","2240","A"
"2022-07-26","2050","A"
"2022-07-27","2550","A"
"2022-07-28","2580","A"
"2022-07-29","2070","A"
"2022-07-30","1100","A"
"2022-07-31","1090","A"
"2022-08-01","1090","A"
"2022-08-02","1310","A"
"2022-08-03","1310","A"
"2022-08-04","1100","A"
"2022-08-05","1310","A"
"2022-08-06","1020","A"
"2022-08-07","1100","A"
"2022-08-08","1390","A"
"2022-08-09","1100","A"
"2022-08-10","1100","A"
"2022-08-11","1100","A"
"2022-08-12","1090","A"
"2022-08-13","1400","A"
"2022-08-14","1200","A"
"2022-08-15","1640","A"
"2022-08-16","1090","A"
"2022-08-17","1090","A"
"2022-08-18","1070","A"
"2022-08-19","1100","A"
"2022-08-20","1030","A"
"2022-08-21","1100","A"
"2022-08-22","1170","A"
"2022-08-23","1090","A"
"2022-08-24","1090","A"
"2022-08-25","1100","A"
"2022-08-26","1100","A"
"2022-08-27","1240","A"
"2022-08-28","1100","A"
"2022-08-29","1280","A"
"2022-08-30","2620","A"
"2022-08-31","1320","A"
"2022-09-01","1350","A"
"2022-09-02","1320","A"
"2022-09-03","916","A"
"2022-09-04","965","A"
"2022-09-05","1080","A"
"2022-09-06","2670","A"
"2022-09-07","4440","A"
"2022-09-08","2470","A"
"2022-09-09","1240","A"
"2022-09-10","1020","A"
"2022-09-11","1100","A"
"2022-09-12","2850","A"
"2022-09-13","2190","A"
"2022-09-14","1160","A"
"2022-09-15","1100","A"
"2022-09-16","1580","A"
"2022-09-17","912","A"
"2022-09-18","971","A"
"2022-09-19","1150","A"
"2022-09-20","1100","A"
"2022-09-21","1100","A"
"2022-09-22","1340","A"
"2022-09-23","1790","A"
"2022-09-24","1430","A"
"2022-09-25","1840","A"
"2022-09-26","1310","A"
"2022-09-27","1100","A"
"2022-09-28","1090","A"
"2022-09-29","1100","A"
"2022-09-30","1100","A"
"2022-10-01","967","A"
"2022-10-02","966","A"
"2022-10-03","1340","A"
"2022-10-04","1100","A"
"2022-10-05","1110","A"
"2022-10-06","1110","A"
"2022-10-07","1120","A"
"2022-10-08","975","A"
"2022-10-09","956","A"
"2022-10-10","1110","A"
"2022-10-11","1120","A"
"2022-10-12","1110","A"
"2022-10-13","1120","A"
"2022-10-14","1120","A"
"2022-10-15","1120","A"
"2022-10-16","984","A"
"2022-10-17","1130","A"
"2022-10-18","1130","A"
"2022-10-19","1140","A"
"2022-10-20","1140","A"
"2022-10-21","1130","A"
"2022-10-22","981","A"
"2022-10-23","968","A"
"2022-10-24","1130","A"
"2022-10-25","1130","A"
"2022-10-26","1130","A"
"2022-10-27","1120","A"
"2022-10-28","1100","A"
"2022-10-29","955","A"
"2022-10-30","1050","A"
"2022-10-31","1190","A"
"2022-11-01","1130","A"
"2022-11-02","1130","A"
"2022-11-03","1160","A"
"2022-11-04","1160","A"
"2022-11-05","991","A"
"2022-11-06","992","A"
"2022-11-07","1140","A"
"2022-11-08","1350","A"
"2022-11-09","1120","A"
"2022-11-10","1120","A"
"2022-11-11","1120","A"
"2022-11-12","907","A"
"2022-11-13","961","A"
"2022-11-14","1100","A"
"2022-11-15","1070","A"
"2022-11-16","1130","A"
"2022-11-17","1590","A"
"2022-11-18","1120","A"
"2022-11-19","1100","A"
"2022-11-20","966","A"
"2022-11-21","1260","A"
"2022-11-22","1010","A"
"2022-11-23","1010","A"
"2022-11-24","1020","A"
"2022-11-25","1030","A"
"2022-11-26","979","A"
"2022-11-27","971","A"
"2022-11-28","1150","A"
"2022-11-29","1160","A"
"2022-11-30","1170","A"
"2022-12-01","1010","A"
"2022-12-02","1040","A"
"2022-12-03","957","A"
"2022-12-04","967","A"
"2022-12-05","1020","A"
"2022-12-06","1020","A"
"2022-12-07","985","A"
"2022-12-08","1120","A"
"2022-12-09","1140","A"
"2022-12-10","1450","A"
"2022-12-11","1520","A"
"2022-12-12","2330","A"
"2022-12-13","2320","A"
"2022-12-14","1460","A"
"2022-12-15","1160","A"
"2022-12-16","1110","A"
"2022-12-17","939","A"
"2022-12-18","939","A"
"2022-12-19","980","A"
"2022-12-20","1130","A"
"2022-12-21","993","A"
"2022-12-22","1160","A"
"2022-12-23","3330","A"
"2022-12-24","3080","A"
"2022-12-25","3100","A"
"2022-12-26","1750","A"
"2022-12-27","1910","A"
"2022-12-28","1460","A"
"2022-12-29","1840","A"
"2022-12-30","1900","A"
"2022-12-31","3050","A"
"2023-01-01","3740","A"
"2023-01-02","3920","A"
"2023-01-03","2230","A"
"2023-01-04","1460","A"
"2023-01-05","804","A"
"2023-01-06","995","A"
"2023-01-07","873","A"
"2023-01-08","876","A"
"2023-01-09","985","A"
"2023-01-10","982","A"
"2023-01-11","979","A"
"2023-01-12","1010","A"
"2023-01-13","992","A"
"2023-01-14","1990","A"
"2023-01-15","1880","A"
"2023-01-16","995","A"
"2023-01-17","1910","A"
"2023-01-18","2400","A"
"2023-01-19","2500","A"
"2023-01-20","2820","A"
"2023-01-21","613","A"
"2023-01-22","628","A"
"2023-01-23","2000","A"
"2023-01-24","1090","A"
"2023-01-25","931","A"
"2023-01-26","2800","A"
"2023-01-27","2530","A"
"2023-01-28","2470","A"
"2023-01-29","1980","A"
"2023-01-30","1970","A"
"2023-01-31","1470","A"
"2023-02-01","917","A"
"2023-02-02","2390","A"
"2023-02-03","6880","A"
"2023-02-04","6900","A"
"2023-02-05","4310","A"
"2023-02-06","4320","A"
"2023-02-07","1530","A"
"2023-02-08","1480","A"
"2023-02-09","1490","A"
"2023-02-10","1450","A"
"2023-02-11","891","A"
"2023-02-12","911","A"
"2023-02-13","1550","A"
"2023-02-14","3350","A"
"2023-02-15","3370","A"
"2023-02-16","4170","A"
"2023-02-17","2430","A"
"2023-02-18","1080","A"
"2023-02-19","1040","A"
"2023-02-20","2640","A"
"2023-02-21","4130","A"
"2023-02-22","4520","A"
"2023-02-23","3760","A"
"2023-02-24","3250","A"
"2023-02-25","2740","A"
"2023-02-26","2790","A"
"2023-02-27","2200","A"
"2023-02-28","2480","A"
"2023-03-01","3080","A"
"2023-03-02","2780","A"
"2023-03-03","2800","A"
"2023-03-04","1160","A"
"2023-03-05","1720","A"
"2023-03-06","2230","A"
"2023-03-07","2760","A"
"2023-03-08","3050","A"
"2023-03-09","2820","A"
"2023-03-10","3000","A"
"2023-03-11","3010","A"
"2023-03-12","3030","A"
"2023-03-13","2990","A"
"2023-03-14","2930","A"
"2023-03-15","1770","A"
"2023-03-16","1460","A"
"2023-03-17","854","A"
"2023-03-18","1470","A"
"2023-03-19","1490","A"
"2023-03-20","2250","A"
"2023-03-21","3460","A"
"2023-03-22","3810","A"
"2023-03-23","3940","A"
"2023-03-24","1500","A"
"2023-03-25","1080","A"
"2023-03-26","1080","A"
"2023-03-27","657","A"
"2023-03-28","652","A"
"2023-03-29","937","A"
"2023-03-30","2580","A"
"2023-03-31","1300","A"
"2023-04-01","2710","A"
"2023-04-02","2760","A"
"2023-04-03","1890","A"
"2023-04-04","3480","A"
"2023-04-05","3510","A"
"2023-04-06","3500","A"
"2023-04-07","2400","A"
"2023-04-08","956","A"
"2023-04-09","946","A"
"2023-04-10","3240","A"
"2023-04-11","2510","A"
"2023-04-12","3420","A"
"2023-04-13","3320","A"
"2023-04-14","3440","A"
"2023-04-15","3370","A"
"2023-04-16","3370","A"
"2023-04-17","3280","A"
"2023-04-18","3360","A"
"2023-04-19","3450","A"
"2023-04-20","4410","A"
"2023-04-21","4350","A"
"2023-04-22","4370","A"
"2023-04-23","3710","A"
"2023-04-24","2570","A"
"2023-04-25","4510","A"
"2023-04-26","3490","A"
"2023-04-27","3470","A"
"2023-04-28","3490","A"
"2023-04-29","2550","A"
"2023-04-30","1980","A"
"2023-05-01","3600","A"
"2023-05-02","3060","A"
"2023-05-03","2650","A"
"2023-05-04","3720","A"
"2023-05-05","3530","A"
"2023-05-06","2200","A"
"2023-05-07","2200","A"
"2023-05-08","4420","A"
"2023-05-09","7030","A"
"2023-05-10","5170","A"
"2023-05-11","5270","A"
"2023-05-12","4460","A"
"2023-05-13","2700","A"
"2023-05-14","2620","A"
"2023-05-15","3340","A"
"2023-05-16","2490","A"
"2023-05-17","3570","A"
"2023-05-18","3390","A"
"2023-05-19","2100","A"
"2023-05-20","2010","A"
"2023-05-21","2020","A"
"2023-05-22","4870","A"
"2023-05-23","2720","A"
"2023-05-24","2500","A"
"2023-05-25","2640","A"
"2023-05-26","2570","A"
"2023-05-27","1500","A"
"2023-05-28","1570","A"
"2023-05-29","1800","A"
"2023-05-30","2530","A"
"2023-05-31","2660","A"
"2023-06-01","2660","A"
"2023-06-02","2350","A"
"2023-06-03","1510","A"
"2023-06-04","1590","A"
"2023-06-05","2740","A"
"2023-06-06","2680","A"
"2023-06-07","2670","A"
"2023-06-08","2670","A"
"2023-06-09","1590","A"
"2023-06-10","1520","A"
"2023-06-11","1200","A"
"2023-06-12","1250","A"
"2023-06-13","1140","A"
"2023-06-14","1140","A"
"2023-06-15","1150","A"
"2023-06-16","1140","A"
"2023-06-17","1050","A"
"2023-06-18","1130","A"
"2023-06-19","762","A"
"2023-06-20","1130","A"
"2023-06-21","1130","A"
"2023-06-22","1130","A"
"2023-06-23","1110","A"
"2023-06-24","1040","A"
"2023-06-25","1210","A"
"2023-06-26","1170","A"
"2023-06-27","670","A"
"2023-06-28","1120","A"
"2023-06-29","1140","A"
"2023-06-30","1110","A"
"2023-07-01","1040","A"
"2023-07-02","2050","A"
"2023-07-03","1680","A"
"2023-07-04","1040","A"
"2023-07-05","1210","A"
"2023-07-06","1590","A"
"2023-07-07","1100","A"
"2023-07-08","1110","A"
"2023-07-09","1110","A"
"2023-07-10","1110","A"
"2023-07-11","1120","A"
"2023-07-12","1120","A"
"2023-07-13","1120","A"
"2023-07-14","1120","A"
"2023-07-15","1050","A"
"2023-07-16","1120","A"
"2023-07-17","1670","A"
"2023-07-18","1870","A"
"2023-07-19","2030","A"
"2023-07-20","2080","A"
"2023-07-21","1100","A"
"2023-07-22","1030","A"
"2023-07-23","1090","A"
"2023-07-24","1180","A"
"2023-07-25","1250","A"
"2023-07-26","1090","A"
"2023-07-27","1090","A"
"2023-07-28","1500","A"
"2023-07-29","1020","A"
"2023-07-30","1180","A"
"2023-07-31","1560","A"
"2023-08-01","1840","A"
"2023-08-02","2800","A"
"2023-08-03","2850","A"
"2023-08-04","2280","A"
"2023-08-05","1230","A"
"2023-08-06","1290","A"
"2023-08-07","2350","A"
"2023-08-08","2280","A"
"2023-08-09","2350","A"
"2023-08-10","2340","A"
"2023-08-11","2090","A"
"2023-08-12","1020","A"
"2023-08-13","1250","A"
"2023-08-14","2330","A"
"2023-08-15","1230","A"
"2023-08-16","1220","A"
"2023-08-17","1220","A"
"2023-08-18","1220","A"
"2023-08-19","1140","A"
"2023-08-20","1210","A"
"2023-08-21","1710","A"
"2023-08-22","1560","A"
"2023-08-23","1540","A"
"2023-08-24","1640","A"
"2023-08-25","1640","A"
"2023-08-26","1130","A"
"2023-08-27","1190","A"
"2023-08-28","1650","A"
"2023-08-29","2110","A"
"2023-08-30","1650","A"
"2023-08-31","2530","A"
"2023-09-01","1760","A"
"2023-09-02","1130","A"
"2023-09-03","1220","A"
"2023-09-04","2500","A"
"2023-09-05","3780","A"
"2023-09-06","3680","A"
"2023-09-07","3670","A"
"2023-09-08","3580","A"
"2023-09-09","1530","A"
"2023-09-10","1620","A"
"2023-09-11","2760","A"
"2023-09-12","2860","A"
"2023-09-13","2810","A"
"2023-09-14","2840","A"
"2023-09-15","2890","A"
"2023-09-16","1690","A"
"2023-09-17","1650","A"
"2023-09-18","1850","A"
"2023-09-19","1600","A"
"2023-09-20","1270","A"
"2023-09-21","1340","A"
"2023-09-22","1270","A"
"2023-09-23","1290","A"
"2023-09-24","1200","A"
"2023-09-25","1340","A"
"2023-09-26","1290","A"
"2023-09-27","1250","A"
"2023-09-28","1260","A"
"2023-09-29","1320","A"
"2023-09-30","1250","A"
"2023-10-01","1270","A"
"2023-10-02","1310","A"
"2023-10-03","1280","A"
"2023-10-04","1330","A"
"2023-10-05","1290","A"
"2023-10-06","1270","A"
"2023-10-07","1090","A"
"2023-10-08","1100","A"
"2023-10-09","1310","A"
"2023-10-10","1250","A"
"2023-10-11","1270","A"
"2023-10-12","1250","A"
"2023-10-13","1240","A"
"2023-10-14","1080","A"
"2023-10-15","1020","A"
"2023-10-16","1200","A"
"2023-10-17","1190","A"
"2023-10-18","1160","A"
"2023-10-19","1180","A"
"2023-10-20","1080","A"
"2023-10-21","999","A"
"2023-10-22","1010","A"
"2023-10-23","1160","A"
"2023-10-24","1160","A"
"2023-10-25","1170","A"
"2023-10-26","1160","A"
"2023-10-27","1160","A"
"2023-10-28","1000","A"
"2023-10-29","998","A"
"2023-10-30","1220","A"
"2023-10-31","1710","A"
"2023-11-01","1730","A"
"2023-11-02","1720","A"
"2023-11-03","1680","A"
"2023-11-04","1510","A"
"2023-11-05","1180","A"
"2023-11-06","1820","A"
"2023-11-07","1500","A"
"2023-11-08","1400","A"
"2023-11-09","1340","A"
"2023-11-10","1130","A"
"2023-11-11","1110","A"
"2023-11-12","1070","A"
"2023-11-13","1060","A"
"2023-11-14","1040","A"
"2023-11-15","1050","A"
"2023-11-16","1050","A"
"2023-11-17","1060","A"
"2023-11-18","1100","A"
"2023-11-19","1110","A"
"2023-11-20","1090","A"
"2023-11-21","638","A"
"2023-11-22","1030","A"
"2023-11-23","1080","A"
"2023-11-24","1020","A"
"2023-11-25","961","A"
"2023-11-26","1020","A"
"2023-11-27","1120","A"
"2023-11-28","1210","A"
"2023-11-29","1230","A"
"2023-11-30","1240","A"
"2023-12-01","1110","A"
"2023-12-02","636","A"
"2023-12-03","1280","A"
"2023-12-04","850","A"
"2023-12-05","1190","A"
"2023-12-06","987","A"
"2023-12-07","999","A"
"2023-12-08","1100","A"
"2023-12-09","874","A"
"2023-12-10","897","A"
"2023-12-11","991","A"
"2023-12-12","970","A"
"2023-12-13","995","A"
"2023-12-14","1000","A"
"2023-12-15","1010","A"
"2023-12-16","739","A"
"2023-12-17","851","A"
"2023-12-18","973","A"
"2023-12-19","979","A"
"2023-12-20","1010","A"
"2023-12-21","970","A"
"2023-12-22","960","A"
"2023-12-23","760","A"
"2023-12-24","759","A"
"2023-12-25","988","A"
"2023-12-26","1040","A"
"2023-12-27","971","A"
"2023-12-28","964","A"
"2023-12-29","967","A"
"2023-12-30","967","A"
"2023-12-31","655","A"
"2024-01-01","1180","A"
"2024-01-02","985","A"
"2024-01-03","949","A"
"2024-01-04","1030","A"
"2024-01-05","1020","A"
"2024-01-06","846","A"
"2024-01-07","840","A"
"2024-01-08","980","A"
"2024-01-09","1120","A"
"2024-01-10","553","A"
"2024-01-11","543","A"
"2024-01-12","547","A"
"2024-01-13","701","A"
"2024-01-14","694","A"
"2024-01-15","900","A"
"2024-01-16","907","A"
"2024-01-17","905","A"
"2024-01-18","895","A"
"2024-01-19","899","A"
"2024-01-20","845","A"
"2024-01-21","980","A"
"2024-01-22","899","A"
"2024-01-23","896","A"
"2024-01-24","953","A"
"2024-01-25","991","A"
"2024-01-26","846","A"
"2024-01-27","540","A"
"2024-01-28","843","A"
"2024-01-29","946","A"
"2024-01-30","949","A"
"2024-01-31","939","A"
"2024-02-01","871","A"
"2024-02-02","882","A"
"2024-02-03","826","A"
"2024-02-04","804","A"
"2024-02-05","955","A"
"2024-02-06","1040","A"
"2024-02-07","975","A"
"2024-02-08","977","A"
"2024-02-09","969","A"
"2024-02-10","968","A"
"2024-02-11","976","A"
"2024-02-12","1000","A"
"2024-02-13","812","A"
"2024-02-14","1990","A"
"2024-02-15","1910","A"
"2024-02-16","1910","A"
"2024-02-17","1890","A"
"2024-02-18","2360","A"
"2024-02-19","3330","A"
"2024-02-20","2090","A"
"2024-02-21","4190","A"
"2024-02-22","3530","A"
"2024-02-23","3820","A"
"2024-02-24","3720","A"
"2024-02-25","3860","A"
"2024-02-26","3030","A"
"2024-02-27","3490","A"
"2024-02-28","3210","A"
"2024-02-29","2830","A"
"2024-03-01","3110","A"
"2024-03-02","3360","A"
"2024-03-03","2800","A"
"2024-03-04","3170","A"
"2024-03-05","5500","A"
"2024-03-06","4480","A"
"2024-03-07","3960","A"
"2024-03-08","1380","A"
"2024-03-09","1410","A"
"2024-03-10","1390","A"
"2024-03-11","1550","A"
"2024-03-12","3860","A"
"2024-03-13","5790","A"
"2024-03-14","5780","A"
"2024-03-15","4120","A"
"2024-03-16","1460","A"
"2024-03-17","1460","A"
"2024-03-18","5740","A"
"2024-03-19","2880","A"
"2024-03-20","2920","A"
"2024-03-21","2830","A"
"2024-03-22","814","A"
"2024-03-23","667","A"
"2024-03-24","3210","A"
"2024-03-25","2500","A"
"2024-03-26","1940","A"
"2024-03-27","3720","A"
"2024-03-28","3730","A"
"2024-03-29","3700","A"
"2024-03-30","1690","A"
"2024-03-31","1470","A"
"2024-04-01","1810","A"
"2024-04-02","1530","A"
"2024-04-03","2410","A"
"2024-04-04","2030","A"
"2024-04-05","1970","A"
"2024-04-06","2440","A"
"2024-04-07","2430","A"
"2024-04-08","2460","A"
"2024-04-09","4670","A"
"2024-04-10","2490","A"
"2024-04-11","2500","A"
"2024-04-12","2190","A"
"2024-04-13","1420","A"
"2024-04-14","1420","A"
"2024-04-15","1030","A"
"2024-04-16","1890","A"
"2024-04-17","1910","A"
"2024-04-18","1860","A"
"2024-04-19","2140","A"
"2024-04-20","1080","A"
"2024-04-21","1880","A"
"2024-04-22","1880","A"
"2024-04-23","1830","A"
"2024-04-24","1870","A"
"2024-04-25","1860","A"
"2024-04-26","1390","A"
"2024-04-27","1900","A"
"2024-04-28","2000","A"
"2024-04-29","2070","A"
"2024-04-30","2380","A"
"2024-05-01","2750","A"
"2024-05-02","2740","A"
"2024-05-03","2730","A"
"2024-05-04","2590","A"
"2024-05-05","2640","A"
"2024-05-06","964","A"
"2024-05-07","1480","A"
"2024-05-08","1470","A"
"2024-05-09","1480","A"
"2024-05-10","3310","A"
"2024-05-11","4350","A"
"2024-05-12","4270","A"
"2024-05-13","3810","A"
"2024-05-14","2380","A"
"2024-05-15","2310","A"
"2024-05-16","2300","A"
"2024-05-17","2320","A"
"2024-05-18","1860","A"
"2024-05-19","1500","A"
"2024-05-20","1460","A"
"2024-05-21","1460","A"
"2024-05-22","1480","A"
"2024-05-23","1480","A"
"2024-05-24","1100","A"
"2024-05-25","1010","A"
"2024-05-26","1070","A"
"2024-05-27","1810","A"
"2024-05-28","1970","A"
"2024-05-29","2210","A"
"2024-05-30","2220","A"
"2024-05-31","890","A"
"2024-06-01","893","A"
"2024-06-02","1060","A"
"2024-06-03","1550","A"
"2024-06-04","1900","A"
"2024-06-05","1470","A"
"2024-06-06","1880","A"
"2024-06-07","1880","A"
"2024-06-08","1140","A"
"2024-06-09","1240","A"
"2024-06-10","2100","A"
"2024-06-11","2170","A"
"2024-06-12","2160","A"
"2024-06-13","2560","A"
"2024-06-14","2550","A"
"2024-06-15","2170","A"
"2024-06-16","1940","A"
"2024-06-17","1850","A"
"2024-06-18","1550","A"
"2024-06-19","1670","A"
"2024-06-20","1420","A"
"2024-06-21","1120","A"
"2024-06-22","949","A"
"2024-06-23","1030","A"
"2024-06-24","966","A"
"2024-06-25","1920","A"
"2024-06-26","1060","A"
"2024-06-27","1110","A"
"2024-06-28","1120","A"
"2024-06-29","1050","A"
"2024-06-30","1120","A"
"2024-07-01","956","A"
"2024-07-02","1540","A"
"2024-07-03","1090","A"
"2024-07-04","1440","A"
"2024-07-05","1410","A"
"2024-07-06","1060","A"
"2024-07-07","1030","A"
"2024-07-08","1120","A"
"2024-07-09","1040","A"
"2024-07-10","1130","A"
"2024-07-11","1060","A"
"2024-07-12","1180","A"
"2024-07-13","994","A"
"2024-07-14","1100","A"
"2024-07-15","1130","A"
"2024-07-16","1060","A"
"2024-07-17","1070","A"
"2024-07-18","1150","A"
"2024-07-19","994","A"
"2024-07-20","1110","A"
"2024-07-21","1120","A"
"2024-07-22","1080","A"
"2024-07-23","1110","A"
"2024-07-24","1000","A"
"2024-07-25","1130","A"
"2024-07-26","1060","A"
"2024-07-27","1070","A"
"2024-07-28","1060","A"
"2024-07-29","1050","A"
"2024-07-30","1120","A"
"2024-07-31","1050","A"
"2024-08-01","1070","A"
"2024-08-02","1340","A"
"2024-08-03","1220","A"
"2024-08-04","1340","A"
"2024-08-05","1440","A"
"2024-08-06","1310","A"
"2024-08-07","1310","A"
"2024-08-08","1310","A"
"2024-08-09","1370","A"
"2024-08-10","1240","A"
"2024-08-11","1340","A"
"2024-08-12","1410","A"
"2024-08-13","1680","A"
"2024-08-14","2350","A"
"2024-08-15","3630","A"
"2024-08-16","3620","A"
"2024-08-17","1400","A"
"2024-08-18","1380","A"
"2024-08-19","1810","A"
"2024-08-20","1330","A"
"2024-08-21","1330","A"
"2024-08-22","1310","A"
"2024-08-23","1340","A"
"2024-08-24","1190","A"
"2024-08-25","1290","A"
"2024-08-26","1380","A"
"2024-08-27","1770","A"
"2024-08-28","1740","A"
"2024-08-29","1720","A"
"2024-08-30","1300","A"
"2024-08-31","663","A"
"2024-09-01","1460","A"
"2024-09-02","1050","A"
"2024-09-03","1340","A"
"2024-09-04","1300","A"
"2024-09-05","1390","A"
"2024-09-06","1370","A"
"2024-09-07","1240","A"
"2024-09-08","1300","A"
"2024-09-09","1370","A"
"2024-09-10","1400","A"
"2024-09-11","1110","A"
"2024-09-12","1250","A"
"2024-09-13","1300","A"
"2024-09-14","919","A"
"2024-09-15","1230","A"
"2024-09-16","1280","A"
"2024-09-17","1310","A"
"2024-09-18","1310","A"
"2024-09-19","1250","A"
"2024-09-20","1240","A"
"2024-09-21","1210","A"
"2024-09-22","1210","A"
"2024-09-23","1220","A"
"2024-09-24","1200","A"
"2024-09-25","1250","A"
"2024-09-26","686","A"
"2024-09-27","741","A"
"2024-09-28","661","A"
"2024-09-29","951","A"
"2024-09-30","653","A"
"2024-10-01","1380","A"
"2024-10-02","2620","A"
"2024-10-03","1700","A"
"2024-10-04","1700","A"
"2024-10-05","1190","A"
"2024-10-06","1190","A"
"2024-10-07","1180","A"
"2024-10-08","1230","A"
"2024-10-09","1200","A"
"2024-10-10","1740","A"
"2024-10-11","2080","A"
"2024-10-12","2150","A"
"2024-10-13","1750","A"
"2024-10-14","1770","A"
"2024-10-15","1250","A"
"2024-10-16","1460","A"
"2024-10-17","1650","A"
"2024-10-18","1690","A"
"2024-10-19","1660","A"
"2024-10-20","1660","A"
"2024-10-21","1670","A"
"2024-10-22","2410","A"
"2024-10-23","2540","A"
"2024-10-24","2510","A"
"2024-10-25","2570","A"
"2024-10-26","2570","A"
"2024-10-27","1880","A"
"2024-10-28","1710","A"
"2024-10-29","1820","A"
"2024-10-30","1840","A"
"2024-10-31","1840","A"
"2024-11-01","1390","A"
"2024-11-02","1370","A"
"2024-11-03","817","A"
"2024-11-04","2020","A"
"2024-11-05","1080","A"
"2024-11-06","1420","A"
"2024-11-07","1360","A"
"2024-11-08","1370","A"
"2024-11-09","1380","A"
"2024-11-10","1420","A"
"2024-11-11","1330","A"
"2024-11-12","1630","A"
"2024-11-13","2090","A"
"2024-11-14","1270","A"
"2024-11-15","1300","A"
"2024-11-16","1020","A"
"2024-11-17","1410","A"
"2024-11-18","1830","A"
"2024-11-19","1310","A"
"2024-11-20","1410","A"
"2024-11-21","1400","A"
"2024-11-22","1310","A"
"2024-11-23","1370","A"
"2024-11-24","1340","A"
"2024-11-25","1320","A"
"2024-11-26","1300","A"
"2024-11-27","1310","A"
"2024-11-28","1300","A"
"2024-11-29","1310","A"
"2024-11-30","1070","A"
"2024-12-01","1450","A"
"2024-12-02","1390","A"
"2024-12-03","1710","A"
"2024-12-04","2090","A"
"2024-12-05","1310","A"
"2024-12-06","1580","A"
"2024-12-07","1250","A"
"2024-12-08","1250","A"
"2024-12-09","1250","A"
"2024-12-10","1290","A"
"2024-12-11","659","A"
"2024-12-12","953","A"
"2024-12-13","966","A"
"2024-12-14","949","A"
"2024-12-15","751","A"
"2024-12-16","1150","A"
"2024-12-17","932","A"
"2024-12-18","953","A"
"2024-12-19","947","A"
"2024-12-20","957","A"
"2024-12-21","938","A"
"2024-12-22","937","A"
"2024-12-23","926","A"
"2024-12-24","957","A"
"2024-12-25","954","A"
"2024-12-26","954","A"
"2024-12-27","882","A"
"2024-12-28","994","A"
"2024-12-29","654","A"
"2024-12-30","634","A"
"2024-12-31","751","A"
"2025-01-01","951","A"
"2025-01-02","1260","A"
"2025-01-03","950","A"
"2025-01-04","941","A"
"2025-01-05","942","A"
"2025-01-06","937","A"
"2025-01-07","946","A"
"2025-01-08","947","A"
"2025-01-09","928","A"
"2025-01-10","864","A"
"2025-01-11","1010","A"
"2025-01-12","945","A"
"2025-01-13","863","A"
"2025-01-14","936","A"
"2025-01-15","936","A"
"2025-01-16","943","A"
"2025-01-17","941","A"
"2025-01-18","947","A"
"2025-01-19","749","A"
"2025-01-20","1140","A"
"2025-01-21","934","A"
"2025-01-22","958","A"
"2025-01-23","927","A"
"2025-01-24","917","A"
"2025-01-25","943","A"
"2025-01-26","939","A"
"2025-01-27","942","A"
"2025-01-28","844","A"
"2025-01-29","942","A"
"2025-01-30","927","A"
"2025-01-31","944","A"
"2025-02-01","944","A"
"2025-02-02","943","A"
"2025-02-03","947","A"
"2025-02-04","943","A"
"2025-02-05","1060","A"
"2025-02-06","944","A"
"2025-02-07","942","A"
"2025-02-08","944","A"
"2025-02-09","946","A"
"2025-02-10","1460","A"
"2025-02-11","1510","A"
"2025-02-12","1540","A"
"2025-02-13","1580","A"
"2025-02-14","3350","A"
"2025-02-15","3010","A"
"2025-02-16","1730","A"
"2025-02-17","1710","A"
"2025-02-18","2490","A"
"2025-02-19","2590","A"
"2025-02-20","1720","A"
"2025-02-21","3210","A"
"2025-02-22","2500","A"
"2025-02-23","3500","A"
"2025-02-24","1510","A"
"2025-02-25","1860","A"
"2025-02-26","1640","A"
"2025-02-27","1390","A"
"2025-02-28","1910","A"
"2025-03-01","1640","A"
"2025-03-02","1660","A"
"2025-03-03","2080","A"
"2025-03-04","2130","A"
"2025-03-05","2430","A"
"2025-03-06","2350","A"
"2025-03-07","2170","A"
"2025-03-08","2100","A"
"2025-03-09","2110","A"
"2025-03-10","1740","A"
"2025-03-11","2550","A"
"2025-03-12","1940","A"
"2025-03-13","1920","A"
"2025-03-14","1890","A"
"2025-03-15","1840","A"
"2025-03-16","1970","A"
"2025-03-17","1960","A"
"2025-03-18","1910","A"
"2025-03-19","1920","A"
"2025-03-20","1200","A"
"2025-03-21","1320","A"
"2025-03-22","1710","A"
"2025-03-23","1010","A"
"2025-03-24","1020","A"
"2025-03-25","1200","A"
"2025-03-26","1220","A"
"2025-03-27","1260","A"
"2025-03-28","1260","A"
"2025-03-29","1210","A"
"2025-03-30","1220","A"
"2025-03-31","1220","A"
"2025-04-01","1210","A"
"2025-04-02","1220","A"
"2025-04-03","1210","A"
"2025-04-04","1300","A"
"2025-04-05","1270","A"
"2025-04-06","1050","A"
"2025-04-07","1070","A"
"2025-04-08","1080","A"
"2025-04-09","2080","A"
"2025-04-10","1950","A"
"2025-04-11","2130","A"
"2025-04-12","938","A"
"2025-04-13","1060","A"
"2025-04-14","1670","A"
"2025-04-15","1690","A"
"2025-04-16","1690","A"
"2025-04-17","1600","A"
"2025-04-18","1550","A"
"2025-04-19","1650","A"
"2025-04-20","1630","A"
"2025-04-21","1640","A"
"2025-04-22","1900","A"
"2025-04-23","1970","A"
"2025-04-24","1780","A"
"2025-04-25","1970","A"
"2025-04-26","2400","A"
"2025-04-27","2350","A"
"2025-04-28","2540","A"
"2025-04-29","2520","A"
"2025-04-30","2540","A"
"2025-05-01","2950","A"
"2025-05-02","3040","A"
"2025-05-03","2810","A"
"2025-05-04","2810","A"
"2025-05-05","3070","A"
"2025-05-06","3490","A"
"2025-05-07","2440","A"
"2025-05-08","2550","A"
"2025-05-09","2080","A"
"2025-05-10","1100","A"
"2025-05-11","1110","A"
"2025-05-12","1140","A"
"2025-05-13","1600","A"
"2025-05-14","1570","A"
"2025-05-15","2550","A"
"2025-05-16","1990","A"
"2025-05-17","2060","A"
"2025-05-18","2020","A"
"2025-05-19","3000","A"
"2025-05-20","3450","A"
"2025-05-21","4350","A"
"2025-05-22","4180","A"
"2025-05-23","4400","A"
"2025-05-24","2370","A"
"2025-05-25","2550","A"
"2025-05-26","2540","A"
"2025-05-27","5110","A"
"2025-05-28","1540","A"
"2025-05-29","1530","A"
"2025-05-30","1570","A"
"2025-05-31","1470","A"
"2025-06-01","1540","A"
"2025-06-02","3090","A"
"2025-06-03","1560","A"
"2025-06-04","2540","A"
"2025-06-05","1560","A"
"2025-06-06","1560","A"
"2025-06-07","1460","A"
"2025-06-08","1540","A"
"2025-06-09","1650","A"
"2025-06-10","1560","A"
"2025-06-11","1540","A"
"2025-06-12","1560","A"
"2025-06-13","1570","A"
"2025-06-14","1470","A"
"2025-06-15","1540","A"
"2025-06-16","1520","A"
"2025-06-17","1560","A"
"2025-06-18","1570","A"
"2025-06-19","1450","A"
"2025-06-20","1560","A"
"2025-06-21","1120","A"
"2025-06-22","1160","A"
"2025-06-23","1460","A"
"2025-06-24","1590","A"
"2025-06-25","1930","A"
"2025-06-26","1950","A"
"2025-06-27","1660","A"
"2025-06-28","1460","A"
"2025-06-29","1530","A"
"2025-06-30","1610","A"
"2025-07-01","1550","A"
"2025-07-02","1550","A"
"2025-07-03","1550","A"
"2025-07-04","1450","A"
"2025-07-05","1520","A"
"2025-07-06","1530","A"
"2025-07-07","1620","A"
"2025-07-08","2950","A"
"2025-07-09","2970","A"
"2025-07-10","2950","A"
"2025-07-11","2520","A"
"2025-07-12","1840","A"
"2025-07-13","2040","A"
"2025-07-14","1260","A"
"2025-07-15","1520","A"
"2025-07-16","1550","A"
"2025-07-17","1550","A"
"2025-07-18","1550","A"
"2025-07-19","1430","A"
"2025-07-20","1370","A"
"2025-07-21","1350","A"
"2025-07-22","2530","A"
"2025-07-23","2540","A"
"2025-07-24","2520","A"
"2025-07-25","2470","A"
"2025-07-26","2340","A"
"2025-07-27","2300","A"
"2025-07-28","2720","A"
"2025-07-29","2460","A"
"2025-07-30","2530","A"
"2025-07-31","2550","A"
"2025-08-01","2550","A"
"2025-08-02","1840","A"
"2025-08-03","1820","A"
"2025-08-04","1710","A"
"2025-08-05","1820","A"
"2025-08-06","1620","A"
"2025-08-07","1800","A"
"2025-08-08","1800","A"
"2025-08-09","1460","A"
"2025-08-10","1530","A"
"2025-08-11","1690","A"
"2025-08-12","1560","A"
"2025-08-13","1620","A"
"2025-08-14","1590","A"
"2025-08-15","1580","A"
"2025-08-16","1200","A"
"2025-08-17","1290","A"
"2025-08-18","1620","A"
"2025-08-19","1450","A"
"2025-08-20","1550","A"
"2025-08-21","1330","A"
"2025-08-22","1440","A"
"2025-08-23","1300","A"
"2025-08-24","1290","A"
"2025-08-25","1650","A"
"2025-08-26","1550","A"
"2025-08-27","1520","A"
"2025-08-28","1490","A"
"2025-08-29","1510","A"
"2025-08-30","1230","A"
"2025-08-31","1070","A"
"2025-09-01","1510","A"
"2025-09-02","1620","A"
"2025-09-03","1760","A"
"2025-09-04","1780","A"
"2025-09-05","1770","A"
"2025-09-06","1760","A"
"2025-09-07","1680","A"
"2025-09-08","1880","A"
"2025-09-09","1830","A"
"2025-09-10","1820","A"
"2025-09-11","1750","A"
"2025-09-12","1740","A"
"2025-09-13","1290","A"
"2025-09-14","1310","A"
"2025-09-15","1890","A"
"2025-09-16","1710","A"
"2025-09-17","1810","A"
"2025-09-18","1810","A"
"2025-09-19","2100","A"
"2025-09-20","1790","A"
"2025-09-21","858","A"
"2025-09-22","1080","A"
"2025-09-23","1980","A"
"2025-09-24","2000","A"
"2025-09-25","1560","A"
"2025-09-26","1610","A"
"2025-09-27","1410","A"
"2025-09-28","1270","A"
"2025-09-29","1300","A"
"2025-09-30","1440","A"
"2025-10-01","1380","A"
"2025-10-02","1290","A"
"2025-10-03","1290","A"
"2025-10-04","1590","A"
"2025-10-05","1500","A"
"2025-10-06","1610","A"
"2025-10-07","2300","A"
"2025-10-08","1720","A"
"2025-10-09","1520","A"
"2025-10-10","2290","A"
"2025-10-11","2090","A"
"2025-10-12","1950","A"
"2025-10-13","2100","A"
"2025-10-14","1690","A"
"2025-10-15","1800","A"
"2025-10-16","1820","A"
"2025-10-17","1780","A"
"2025-10-18","1800","A"
"2025-10-19","1520","A"
"2025-10-20","1700","A"
"2025-10-21","1670","A"
"2025-10-22","1510","A"
"2025-10-23","1550","A"
"2025-10-24","1350","A"
"2025-10-25","1280","A"
"2025-10-26","1340","A"
"2025-10-27","1600","A"
"2025-10-28","2340","A"
"2025-10-29","1380","A"
"2025-10-30","1570","A"
"2025-10-31","1450","A"
"2025-11-01","1340","A"
"2025-11-02","1350","A"
"2025-11-03","1370","A"
"2025-11-04","1340","A"
"2025-11-05","2250","A"
"2025-11-06","1510","A"
"2025-11-07","1880","A"
"2025-11-08","1350","A"
"2025-11-09","1410","A"
"2025-11-10","1140","A"
"2025-11-11","2360","A"
"2025-11-12","1850","A"
"2025-11-13","1340","A"
"2025-11-14","2210","A"
"2025-11-15","2140","A"
"2025-11-16","2000","A"
"2025-11-17","2020","A"
"2025-11-18","1830","A"
"2025-11-19","1840","A"
"2025-11-20","1840","A"
"2025-11-21","1840","A"
"2025-11-22","1350","A"
"2025-11-23","1310","A"
"2025-11-24","1380","A"
"2025-11-25","1360","A"
"2025-11-26","1090","A"
"2025-11-27","905","A"
"2025-11-28","1560","A"
"2025-11-29","1150","A"
"2025-11-30","933","A"
"2025-12-01","1160","A"
"2025-12-02","1240","A"
"2025-12-03","1160","A"
"2025-12-04","849","A"
"2025-12-05","857","A"
"2025-12-06","854","A"
"2025-12-07","852","A"
"2025-12-08","854","A"
"2025-12-09","850","A"
"2025-12-10","852","A"
"2025-12-11","739","A"
"2025-12-12","1040","A"
"2025-12-13","850","A"
"2025-12-14","851","A"
"2025-12-15","852","A"
"2025-12-16","852","A"
"2025-12-17","853","A"
"2025-12-18","847","A"
"2025-12-19","851","A"
"2025-12-20","851","A"
"2025-12-21","854","A"
"2025-12-22","850","A"
"2025-12-23","858","A"
"2025-12-24","857","A"
"2025-12-25","637","A"
"2025-12-26","861","A"
"2025-12-27","1080","A"
"2025-12-28","637","A"
"2025-12-29","1080","A"
"2025-12-30","846","A"
"2025-12-31","858","A"
"2026-01-01","858","A"
"2026-01-02","792","A"
"2026-01-03","1010","A"
"2026-01-04","864","A"
"2026-01-05","912","A"
"2026-01-06","846","A"
"2026-01-07","843","A"
"2026-01-08","833","A"
"2026-01-09","841","A"
"2026-01-10","846","A"
"2026-01-11","841","A"
"2026-01-12","837","A"
"2026-01-13","942","A"
"2026-01-14","1040","A"
"2026-01-15","930","A"
"2026-01-16","993","A"
"2026-01-17","942","A"
"2026-01-18","890","A"
"2026-01-19","995","A"
"2026-01-20","944","A"
"2026-01-21","913","A"
"2026-01-22","940","A"
"2026-01-23","952","A"
"2026-01-24","1010","A"
"2026-01-25","1010","A"
"2026-01-26","1010","A"
"2026-01-27","1060","A"
"2026-01-28","955","A"
"2026-01-29","957","A"
"2026-01-30","949","A"
"2026-01-31","965","A"
"2026-02-01","1070","A"
"2026-02-02","974","A"
"2026-02-03","950","A"
"2026-02-04","841","A"
"2026-02-05","957","A"
"2026-02-06","953","A"
"2026-02-07","944","A"
"2026-02-08","958","A"
"2026-02-09","953","A"
"2026-02-10","953","A"
"2026-02-11","940","A"
"2026-02-12","938","A"
"2026-02-13","845","A"
"2026-02-14","959","A"
"2026-02-15","971","A"
"2026-02-16","958","A"
"2026-02-17","1220","A"
"2026-02-18","1100","A"
"2026-02-19","741","A"
"2026-02-20","1170","A"
"2026-02-21","842","A"
"2026-02-22","965","A"
"2026-02-23","953","A"
"2026-02-24","929","A"
"2026-02-25","942","A"
"2026-02-26","956","A"
"2026-02-27","960","A"
"2026-02-28","815","A"
"2026-03-01","820","A"
"2026-03-02","1090","A"
"2026-03-03","954","A"
"2026-03-04","931","A"
"2026-03-05","935","A"
"2026-03-06","922","A"
"2026-03-07","717","A"
"2026-03-08","1100","A"
"2026-03-09","1000","A"
"2026-03-10","905","A"
"2026-03-11","938","A"
"2026-03-12","895","A"
"2026-03-13","894","A"
"2026-03-14","929","A"
"2026-03-15","925","A"
"2026-03-16","1350","A"
"2026-03-17","1470","A"
"2026-03-18","1500","A"
"2026-03-19","1430","A"
"2026-03-20","1550","A"
"2026-03-21","1500","A"
"2026-03-22","1490","A"
"2026-03-23","1490","A"
"2026-03-24","1490","A"
"2026-03-25","1500","A"
"2026-03-26","1450","A"
"2026-03-27","834","A"
"2026-03-28","826","A"
"2026-03-29","823","A"
"2026-03-30","819","A"
"2026-03-31","823","A"
"2026-04-01","780","A"
"2026-04-02","840","A"
"2026-04-03","827","A"
"2026-04-04","852","A"
"2026-04-05","842","A"
"2026-04-06","856","A"
"2026-04-07","825","A"
"2026-04-08","827","A"
"2026-04-09","827","A"
"2026-04-10","829","A"
"2026-04-11","827","A"
"2026-04-12","826","A"
"2026-04-13","976","A"
"2026-04-14","840","P"
"2026-04-15","841","P"
"2026-04-16","831","P"
"2026-04-17","844","P"
"2026-04-18","840","P"
"2026-04-19","841","P"
"2026-04-20","848","P"
"2026-04-21","840","P"
"2026-04-23","843","P"
"2026-04-24","831","P"
"2026-04-25","1000","P"
"2026-04-26","850","P"
"2026-04-27","848","P"
"2026-04-28","849","P"
"2026-04-29","857","P"
"2026-04-30","854","P"
"2026-05-01","994","P"
"2026-05-02","970","P"
"2026-05-03","924","P"
"2026-05-04","1020","P"
"2026-05-05","974","P"
"2026-05-06","954","P"
"2026-05-07","1010","P"
"2026-05-08","1000","P"
"2026-05-09","939","P"
"2026-05-10","987","P"
"2026-05-11","991","P"
"2026-05-12","1020","P"
"2026-05-13","972","P"
"2026-05-14","975","P"
"2026-05-15","976","P"
"2026-05-16","975","P"
"2026-05-17","975","P"
"2026-05-18","974","P"
"2026-05-19","976","P"
"2026-05-20","981","P"
"2026-05-21","992","P"
"2026-05-22","997","P"
"2026-05-23","941","P"
"2026-05-24","1000","P"
"2026-05-25","1000","P"
"2026-05-26","1030","P"
"2026-05-27","668","P"
"2026-05-28","829","P"
"2026-05-29","817","P"
"2026-05-30","937","P"
"2026-05-31","978","P"
"2026-06-01","1040","P"
"2026-06-02","984","P"
"2026-06-03","848","P"
"2026-06-04","1250","P"
"2026-06-05","951","P"
"2026-06-06","989","P"
"2026-06-07","1060","P"
"2026-06-08","1040","P"
"2026-06-09","977","P"
"2026-06-10","979","P"
"2026-06-11","967","P"
"2026-06-12","984","P"
"2026-06-13","921","P"
"2026-06-14","1030","P"
"2026-06-15","978","P"
"2026-06-16","966","P"
"2026-06-17","961","P"
"2026-06-18","982","P"
"2026-06-19","647","P"
"2026-06-20","975","P"
"2026-06-21","980","P"
"2026-06-22","971","P"
"2026-06-23","959","P"
"2026-06-24","972","P"
"2026-06-25","976","P"
"2026-06-26","967","P"
"2026-06-27","986","P"
"2026-06-28","955","P"
