Date,Depth_m,Temp_C,DO_mgL
2000-04-20,0.1,16.14,11.3
2000-04-20,1.0,15.91,11.3
2000-04-20,2.0,15.44,11.39
2000-04-20,3.0,14.77,11.54
2000-04-20,4.0,14.4,11.67
2000-04-20,5.0,14.28,11.79
2000-04-20,6.0,14.13,11.63
2000-04-20,7.0,14.04,11.59
2000-04-20,8.0,13.71,11.73
2000-04-20,9.0,13.38,11.72
2000-04-20,10.0,13.18,11.7
2000-04-20,11.0,12.8,11.7
2000-04-20,12.0,12.53,11.67
2000-04-20,13.0,12.48,11.64
2000-04-20,14.0,12.22,11.65
2000-04-20,15.0,11.81,11.84
2000-04-20,15.9,11.22,11.9
2000-04-20,16.0,11.23,11.77
2000-04-20,17.0,10.63,11.82
2000-04-20,18.0,10.29,11.7
2000-04-20,18.9,9.83,11.71
2000-04-20,20.0,9.45,11.6
2000-04-20,22.0,8.78,11.6
2000-04-20,24.0,8.41,11.46
2000-04-20,26.0,8.22,11.27
2000-04-20,28.0,8.05,11.1
2000-04-20,30.0,7.88,10.78
2000-04-20,35.0,7.65,10.35
2000-04-20,40.0,7.56,9.99
2000-04-20,45.0,7.52,9.66
2000-05-17,0.1,21.96,8.94
2000-05-17,1.0,21.93,8.85
2000-05-17,2.0,21.84,8.84
2000-05-17,3.0,21.79,8.8
2000-05-17,4.0,21.75,8.84
2000-05-17,5.0,21.46,8.88
2000-05-17,6.0,19.31,9.61
2000-05-17,7.0,16.99,10.13
2000-05-17,8.0,16.39,10.33
2000-05-17,9.0,15.43,10.35
2000-05-17,10.0,14.71,10.29
2000-05-17,11.0,14.15,10.04
2000-05-17,12.0,13.27,9.7
2000-05-17,13.0,12.87,9.48
2000-05-17,14.0,12.2,9.0
2000-05-17,15.0,11.64,8.58
2000-05-17,16.0,11.24,8.37
2000-05-17,17.0,10.74,8.03
2000-05-17,18.0,10.4,7.86
2000-05-17,19.0,9.91,7.78
2000-05-17,20.0,9.58,7.45
2000-05-17,22.0,9.03,7.05
2000-05-17,24.0,8.56,6.7
2000-05-17,26.0,8.28,6.65
2000-05-17,28.0,8.16,6.48
2000-05-17,30.0,8.03,6.98
2000-05-17,35.0,7.84,6.8
2000-05-17,40.0,7.8,6.47
2000-05-17,45.0,7.8,5.49
2000-06-14,0.1,27.93,7.95
2000-06-14,1.0,27.53,7.96
2000-06-14,2.0,26.78,8.39
2000-06-14,3.0,25.99,8.57
2000-06-14,4.0,25.19,9.03
2000-06-14,5.0,24.5,9.23
2000-06-14,6.0,24.04,9.32
2000-06-14,7.0,22.01,9.45
2000-06-14,8.0,20.44,9.83
2000-06-14,9.0,17.03,10.49
2000-06-14,10.0,16.08,10.25
2000-06-14,11.0,15.12,10.1
2000-06-14,12.0,14.6,9.82
2000-06-14,13.0,13.95,9.46
2000-06-14,14.0,13.46,9.13
2000-06-14,15.0,12.68,8.3
2000-06-14,16.0,12.19,7.93
2000-06-14,17.0,11.68,7.6
2000-06-14,18.0,11.18,7.32
2000-06-14,19.0,10.55,6.63
2000-06-14,20.0,10.1,6.27
2000-06-14,22.0,9.39,6.28
2000-06-14,24.0,9.06,6.19
2000-06-14,26.0,8.65,6.05
2000-06-14,28.0,8.38,5.62
2000-06-14,30.0,8.21,5.14
2000-06-14,35.0,8.0,4.51
2000-06-14,40.0,7.98,4.44
2000-06-14,44.7,7.98,4.36
2000-07-11,0.1,28.93,7.65
2000-07-11,1.0,28.85,7.57
2000-07-11,2.0,28.79,7.53
2000-07-11,3.0,28.69,7.58
2000-07-11,4.0,27.99,7.82
2000-07-11,5.0,27.47,7.98
2000-07-11,6.0,25.98,8.44
2000-07-11,7.0,24.33,8.79
2000-07-11,8.0,22.04,8.7
2000-07-11,9.0,19.81,9.28
2000-07-11,10.0,17.75,8.82
2000-07-11,11.1,16.71,8.74
2000-07-11,12.0,15.86,8.75
2000-07-11,13.0,14.95,8.65
2000-07-11,14.0,14.19,7.74
2000-07-11,15.0,13.58,7.38
2000-07-11,16.0,12.96,6.95
2000-07-11,16.9,12.39,6.28
2000-07-11,18.0,11.91,5.95
2000-07-11,19.1,11.38,5.58
2000-07-11,20.0,10.87,5.47
2000-07-11,22.0,10.21,5.15
2000-07-11,24.0,9.65,4.5
2000-07-11,26.0,9.21,4.31
2000-07-11,28.0,8.78,4.79
2000-07-11,30.1,8.5,3.59
2000-07-11,35.0,8.19,3.85
2000-07-11,40.0,8.14,2.38
2000-07-11,44.1,8.14,3.23
2000-08-16,0.1,28.44,7.66
2000-08-16,1.0,28.43,7.65
2000-08-16,2.0,28.43,7.67
2000-08-16,3.0,28.4,7.64
2000-08-16,4.0,28.39,7.64
2000-08-16,5.0,28.38,7.9
2000-08-16,6.0,28.21,7.68
2000-08-16,7.0,28.07,7.63
2000-08-16,8.0,27.04,7.47
2000-08-16,9.0,25.12,7.53
2000-08-16,10.0,22.21,7.72
2000-08-16,11.0,19.8,7.63
2000-08-16,12.0,17.46,7.04
2000-08-16,13.0,16.34,6.79
2000-08-16,14.0,15.56,6.41
2000-08-16,15.0,14.84,5.73
2000-08-16,16.0,13.86,4.78
2000-08-16,17.0,13.22,4.72
2000-08-16,18.0,12.67,4.28
2000-08-16,19.0,12.09,3.64
2000-08-16,20.0,11.6,3.99
2000-08-16,22.0,10.78,3.16
2000-08-16,24.0,10.25,2.9
2000-08-16,25.9,9.71,2.52
2000-08-16,28.0,9.33,2.11
2000-08-16,30.0,8.91,1.49
2000-08-16,35.0,8.48,0.39
2000-08-16,40.0,8.44,0.16
2000-08-16,43.8,8.45,0.69
2000-09-13,0.1,25.8,8.08
2000-09-13,1.0,25.79,7.96
2000-09-13,2.0,25.6,8.01
2000-09-13,3.0,25.41,8.02
2000-09-13,4.0,25.17,7.92
2000-09-13,5.0,24.91,7.83
2000-09-13,6.0,24.82,7.5
2000-09-13,7.0,24.75,7.43
2000-09-13,8.0,24.58,7.1
2000-09-13,9.0,24.41,7.07
2000-09-13,10.0,24.18,7.03
2000-09-13,11.0,23.6,6.36
2000-09-13,12.0,21.26,4.54
2000-09-13,13.0,18.02,3.43
2000-09-13,14.0,16.43,3.41
2000-09-13,15.0,15.36,3.16
2000-09-13,16.0,14.56,3.28
2000-09-13,17.0,13.96,3.02
2000-09-13,18.0,13.47,2.93
2000-09-13,19.0,13.08,2.78
2000-09-13,20.0,12.58,1.78
2000-09-13,22.0,11.79,2.1
2000-09-13,24.0,10.98,1.24
2000-09-13,26.0,10.2,0.78
2000-09-13,28.0,9.66,0.41
2000-09-13,30.0,9.34,0.74
2000-09-13,35.0,8.87,0.24
2000-09-13,40.0,8.77,0.1
2000-09-13,43.1,8.71,0.11
2000-10-11,0.1,20.12,8.12
2000-10-11,1.0,20.1,8.16
2000-10-11,2.0,20.09,8.06
2000-10-11,3.0,20.1,8.08
2000-10-11,4.0,20.1,8.02
2000-10-11,5.0,20.09,8.04
2000-10-11,6.0,20.08,8.01
2000-10-11,7.0,20.07,7.99
2000-10-11,8.0,20.07,8.01
2000-10-11,9.0,20.05,7.86
2000-10-11,10.0,20.05,7.93
2000-10-11,11.0,20.03,7.89
2000-10-11,12.0,20.01,7.86
2000-10-11,13.0,19.98,7.85
2000-10-11,14.0,19.93,7.83
2000-10-11,15.0,19.6,7.63
2000-10-11,16.0,17.18,0.69
2000-10-11,17.0,15.32,0.47
2000-10-11,18.0,14.58,0.62
2000-10-11,19.0,14.08,0.4
2000-10-11,20.0,13.55,0.36
2000-10-11,22.0,12.58,0.3
2000-10-11,24.0,12.01,0.21
2000-10-11,26.0,11.23,0.14
2000-10-11,28.0,10.34,0.71
2000-10-11,30.0,9.91,0.13
2000-10-11,35.0,9.27,0.13
2000-10-11,40.0,9.17,0.7
2001-04-04,0.1,11.55,9.93
2001-04-04,1.0,11.3,9.72
2001-04-04,2.0,11.28,9.29
2001-04-04,3.0,10.97,9.29
2001-04-04,4.0,10.87,9.27
2001-04-04,5.0,10.48,9.24
2001-04-04,6.0,9.96,9.18
2001-04-04,7.0,9.98,9.16
2001-04-04,8.0,9.83,9.12
2001-04-04,9.0,9.72,9.0
2001-04-04,10.0,9.69,8.93
2001-04-04,11.0,9.69,8.89
2001-04-04,12.0,9.68,8.74
2001-04-04,13.0,9.63,8.71
2001-04-04,14.0,9.59,8.69
2001-04-04,15.0,9.59,8.68
2001-04-04,16.0,9.57,8.65
2001-04-04,17.0,9.54,8.57
2001-04-04,18.0,9.53,8.28
2001-04-04,19.0,9.47,8.15
2001-04-04,20.0,9.32,8.12
2001-04-04,22.0,9.28,7.99
2001-04-04,24.0,9.17,7.65
2001-04-04,26.0,9.03,7.58
2001-04-04,28.0,8.84,7.29
2001-04-04,30.0,8.56,7.01
2001-04-04,35.0,7.37,6.45
2001-04-04,40.0,7.23,5.9
2001-05-09,0.1,21.37,8.5
2001-05-09,1.0,21.2,8.3
2001-05-09,2.0,21.07,8.53
2001-05-09,4.0,20.83,8.45
2001-05-09,5.0,20.78,8.46
2001-05-09,6.0,20.32,8.52
2001-05-09,7.0,18.31,8.95
2001-05-09,9.0,12.64,9.94
2001-05-09,10.0,11.37,9.88
2001-05-09,11.0,10.83,9.54
2001-05-09,12.0,10.52,9.12
2001-05-09,13.0,10.2,9.01
2001-05-09,14.0,10.04,8.69
2001-05-09,15.0,9.97,8.44
2001-05-09,16.0,9.88,8.41
2001-05-09,17.0,9.78,8.33
2001-05-09,18.0,9.65,8.27
2001-05-09,19.0,9.53,8.38
2001-05-09,20.0,9.49,8.33
2001-05-09,22.0,9.29,7.9
2001-05-09,24.0,9.07,7.85
2001-05-09,26.0,8.83,7.58
2001-05-09,28.0,8.63,7.33
2001-05-09,30.0,8.42,6.88
2001-05-09,40.0,7.96,5.4
2001-06-06,0.1,24.4,8.03
2001-06-06,1.0,24.14,7.9
2001-06-06,2.0,23.65,7.95
2001-06-06,3.0,23.0,8.0
2001-06-06,4.0,22.66,8.13
2001-06-06,5.0,22.25,8.15
2001-06-06,6.0,20.97,8.54
2001-06-06,7.0,20.07,9.13
2001-06-06,8.0,16.99,9.98
2001-06-06,9.0,15.04,10.34
2001-06-06,10.0,13.37,10.48
2001-06-06,11.0,12.07,10.15
2001-06-06,12.0,11.38,9.5
2001-06-06,13.0,10.89,8.85
2001-06-06,14.0,10.6,8.55
2001-06-06,15.0,10.35,8.3
2001-06-06,16.0,10.13,7.83
2001-06-06,17.0,9.99,8.0
2001-06-06,18.0,9.84,7.48
2001-06-06,19.0,9.72,7.24
2001-06-06,20.0,9.61,7.03
2001-06-06,22.0,9.39,7.23
2001-06-06,24.0,9.24,6.87
2001-06-06,26.0,9.06,6.59
2001-06-06,28.0,8.9,6.3
2001-06-06,30.0,8.71,5.89
2001-06-06,35.0,8.34,4.71
2001-06-06,40.0,8.24,4.07
2001-07-11,0.1,28.05,7.21
2001-07-11,1.0,27.92,7.1
2001-07-11,2.0,27.64,6.84
2001-07-11,3.0,27.01,7.01
2001-07-11,4.0,26.06,7.06
2001-07-11,5.0,25.6,7.37
2001-07-11,6.1,24.37,7.22
2001-07-11,7.0,22.83,7.55
2001-07-11,8.0,20.27,7.36
2001-07-11,9.0,18.0,7.98
2001-07-11,10.0,16.04,8.44
2001-07-11,11.0,14.18,8.24
2001-07-11,12.0,12.8,8.21
2001-07-11,13.0,11.79,7.68
2001-07-11,14.0,11.37,7.26
2001-07-11,14.9,10.93,6.84
2001-07-11,15.9,10.63,6.65
2001-07-11,17.0,10.38,6.2
2001-07-11,17.9,10.2,5.91
2001-07-11,19.0,10.03,5.91
2001-07-11,20.1,9.84,5.67
2001-07-11,22.0,9.63,5.71
2001-07-11,24.0,9.44,5.63
2001-07-11,26.0,9.26,5.49
2001-07-11,28.0,9.04,5.15
2001-07-11,30.0,8.87,4.48
2001-07-11,35.0,8.58,2.88
2001-07-11,40.0,8.5,2.07
2001-08-08,0.1,27.92,7.3
2001-08-08,1.0,27.9,7.15
2001-08-08,2.0,27.85,7.08
2001-08-08,3.0,27.83,6.92
2001-08-08,4.0,27.8,7.41
2001-08-08,5.0,27.78,7.41
2001-08-08,6.3,27.75,7.33
2001-08-08,7.0,26.19,6.32
2001-08-08,8.0,23.7,5.83
2001-08-08,9.0,19.82,6.37
2001-08-08,10.0,17.66,6.15
2001-08-08,11.0,15.69,6.55
2001-08-08,12.0,13.88,6.41
2001-08-08,13.0,12.64,5.94
2001-08-08,14.0,11.88,5.64
2001-08-08,15.0,11.33,5.47
2001-08-08,15.9,10.99,5.43
2001-08-08,17.0,10.58,5.1
2001-08-08,18.0,10.44,5.04
2001-08-08,19.0,10.3,4.98
2001-08-08,20.0,10.14,4.95
2001-08-08,21.9,9.88,4.88
2001-08-08,23.9,9.67,4.68
2001-08-08,26.0,9.48,4.44
2001-08-08,28.0,9.27,3.93
2001-08-08,30.0,9.09,3.5
2001-08-08,34.9,8.81,1.72
2001-08-08,40.0,8.7,0.83
2001-10-03,0.1,22.36,7.97
2001-10-03,1.0,22.34,7.67
2001-10-03,2.0,22.23,7.9
2001-10-03,3.0,22.18,7.61
2001-10-03,4.0,22.14,7.61
2001-10-03,5.0,22.12,7.79
2001-10-03,6.0,22.11,8.06
2001-10-03,7.0,22.1,7.86
2001-10-03,8.0,22.1,7.6
2001-10-03,9.0,22.07,7.43
2001-10-03,10.0,22.04,7.51
2001-10-03,11.0,21.93,7.23
2001-10-03,12.0,20.14,3.89
2001-10-03,13.0,16.39,2.8
2001-10-03,14.0,14.56,2.78
2001-10-03,15.0,13.13,2.64
2001-10-03,16.0,12.04,2.57
2001-10-03,17.0,11.73,2.65
2001-10-03,18.0,11.23,2.68
2001-10-03,19.0,10.93,2.39
2001-10-03,20.0,10.76,2.36
2001-10-03,22.0,10.33,2.45
2001-10-03,24.0,10.09,2.31
2001-10-03,26.0,9.84,2.03
2001-10-03,28.0,9.63,1.6
2001-10-03,30.0,9.41,0.82
2001-10-03,35.0,9.13,0.09
2001-10-03,40.0,9.03,0.08
2002-04-03,0.1,15.21,10.01
2002-04-03,1.0,15.0,10.29
2002-04-03,2.0,14.39,10.55
2002-04-03,3.0,14.2,10.42
2002-04-03,4.0,13.81,10.38
2002-04-03,5.0,12.85,10.06
2002-04-03,6.0,11.68,10.58
2002-04-03,7.0,11.54,10.36
2002-04-03,8.0,11.12,10.82
2002-04-03,9.0,10.43,10.31
2002-04-03,10.0,10.14,10.0
2002-04-03,11.0,9.68,9.99
2002-04-03,12.0,9.34,9.73
2002-04-03,13.0,9.09,9.82
2002-04-03,14.0,8.84,9.81
2002-04-03,15.0,8.75,9.68
2002-04-03,16.0,8.62,9.47
2002-04-03,17.0,8.54,9.43
2002-04-03,18.0,8.48,9.41
2002-04-03,19.0,8.42,9.46
2002-04-03,20.0,8.37,9.34
2002-04-03,22.0,8.29,9.24
2002-04-03,24.0,8.24,9.06
2002-04-03,26.0,8.19,9.33
2002-04-03,28.0,8.16,9.08
2002-04-03,30.0,8.14,9.17
2002-04-03,35.0,8.06,8.91
2002-04-03,40.0,8.04,8.43
2002-05-16,0.1,21.33,8.82
2002-05-16,1.0,21.28,8.63
2002-05-16,2.0,21.07,8.72
2002-05-16,3.0,20.7,8.67
2002-05-16,4.0,20.24,8.72
2002-05-16,5.0,20.0,8.85
2002-05-16,6.0,19.84,8.58
2002-05-16,7.0,19.4,8.85
2002-05-16,8.0,18.25,9.06
2002-05-16,9.0,16.62,9.22
2002-05-16,10.0,14.4,9.4
2002-05-16,11.0,12.9,9.22
2002-05-16,12.0,11.39,9.03
2002-05-16,13.0,10.68,9.1
2002-05-16,14.0,10.09,8.34
2002-05-16,15.0,9.77,8.16
2002-05-16,16.0,9.47,8.36
2002-05-16,17.0,9.32,8.43
2002-05-16,18.0,9.2,7.76
2002-05-16,19.0,9.1,7.74
2002-05-16,20.0,9.0,7.69
2002-05-16,22.0,8.81,7.6
2002-05-16,24.0,8.73,7.38
2002-05-16,26.0,8.67,7.35
2002-05-16,28.0,8.59,7.36
2002-05-16,30.0,8.55,7.23
2002-05-16,35.0,8.44,7.08
2002-05-16,40.0,8.37,6.53
2002-06-05,0.1,26.94,7.67
2002-06-05,1.0,26.93,7.46
2002-06-05,2.0,26.87,7.44
2002-06-05,3.0,26.86,7.28
2002-06-05,4.0,25.93,7.9
2002-06-05,5.0,23.91,8.39
2002-06-05,6.0,20.97,8.74
2002-06-05,7.0,20.38,8.74
2002-06-05,8.0,19.43,8.79
2002-06-05,9.0,18.28,8.36
2002-06-05,10.0,16.99,8.32
2002-06-05,11.0,13.14,8.22
2002-06-05,12.0,11.65,7.93
2002-06-05,13.0,10.51,7.74
2002-06-05,14.0,10.11,7.49
2002-06-05,15.0,9.9,6.99
2002-06-05,16.0,9.61,7.12
2002-06-05,17.0,9.37,6.92
2002-06-05,18.0,9.17,6.87
2002-06-05,19.0,9.02,6.66
2002-06-05,20.0,8.97,6.54
2002-06-05,22.0,8.87,6.42
2002-06-05,24.0,8.79,6.47
2002-06-05,26.0,8.74,6.42
2002-06-05,28.0,8.66,6.46
2002-06-05,30.0,8.61,6.46
2002-06-05,35.0,8.52,6.14
2002-06-05,40.0,8.46,5.59
2002-07-10,0.1,29.06,7.23
2002-07-10,1.0,28.92,7.12
2002-07-10,2.0,28.81,7.06
2002-07-10,3.0,28.51,7.1
2002-07-10,4.0,27.43,7.17
2002-07-10,5.0,26.07,7.09
2002-07-10,6.0,24.23,7.34
2002-07-10,7.0,22.94,7.0
2002-07-10,8.0,21.0,7.07
2002-07-10,9.0,18.65,6.41
2002-07-10,10.0,16.82,6.61
2002-07-10,11.0,15.06,5.91
2002-07-10,12.0,13.35,6.53
2002-07-10,13.0,12.12,6.47
2002-07-10,14.0,11.47,6.36
2002-07-10,15.0,10.81,5.9
2002-07-10,16.0,10.31,5.87
2002-07-10,17.0,9.94,5.63
2002-07-10,18.0,9.71,5.58
2002-07-10,19.0,9.49,5.47
2002-07-10,20.0,9.37,5.51
2002-07-10,22.0,9.12,5.3
2002-07-10,24.0,9.03,5.19
2002-07-10,26.0,8.91,5.11
2002-07-10,28.0,8.85,5.11
2002-07-10,30.0,8.79,4.82
2002-07-10,35.0,8.69,4.43
2002-08-07,0.1,28.85,7.44
2002-08-07,1.0,28.85,7.4
2002-08-07,2.0,28.87,7.33
2002-08-07,3.0,28.87,7.24
2002-08-07,4.0,28.87,7.25
2002-08-07,5.0,28.86,7.24
2002-08-07,6.0,28.86,7.24
2002-08-07,7.0,28.85,7.27
2002-08-07,8.0,28.85,7.3
2002-08-07,9.0,28.67,7.27
2002-08-07,10.0,28.48,7.31
2002-08-07,11.0,26.33,7.39
2002-08-07,12.0,20.93,7.34
2002-08-07,13.0,17.88,5.77
2002-08-07,14.0,15.92,5.74
2002-08-07,15.0,14.79,5.7
2002-08-07,16.0,13.24,5.16
2002-08-07,17.0,11.6,4.95
2002-08-07,18.0,10.99,4.62
2002-08-07,19.0,10.45,4.33
2002-08-07,20.0,10.15,4.22
2002-08-07,22.0,9.59,4.19
2002-08-07,24.0,9.3,4.15
2002-08-07,26.0,9.16,3.99
2002-08-07,28.0,8.99,3.8
2002-08-07,30.0,8.88,3.5
2002-08-07,35.0,8.8,2.95
2002-08-07,40.0,8.78,2.28
2002-09-04,0.1,28.02,7.15
2002-09-04,1.0,27.46,7.27
2002-09-04,2.0,27.36,7.34
2002-09-04,3.0,27.12,7.03
2002-09-04,4.0,26.93,7.37
2002-09-04,5.0,26.71,7.44
2002-09-04,6.0,26.54,7.21
2002-09-04,7.0,26.44,7.0
2002-09-04,8.0,26.32,6.88
2002-09-04,9.0,26.21,7.02
2002-09-04,10.0,23.82,5.35
2002-09-04,11.0,19.2,3.41
2002-09-04,12.0,16.42,3.33
2002-09-04,13.0,14.91,3.26
2002-09-04,14.0,13.68,3.63
2002-09-04,15.0,12.22,3.34
2002-09-04,16.0,11.39,3.15
2002-09-04,17.0,11.07,3.05
2002-09-04,18.0,10.48,3.09
2002-09-04,19.0,10.14,3.02
2002-09-04,19.9,9.95,2.88
2002-09-04,22.0,9.7,2.77
2002-09-04,24.0,9.41,2.6
2002-09-04,26.0,9.23,2.43
2002-09-04,28.0,9.12,2.31
2002-09-04,30.0,9.01,2.01
2002-09-04,35.0,8.93,1.4
2002-09-04,40.0,8.9,0.89
2002-10-02,0.1,24.01,7.82
2002-10-02,1.0,23.89,7.31
2002-10-02,2.0,23.83,7.31
2002-10-02,3.0,23.79,7.31
2002-10-02,4.0,23.7,7.05
2002-10-02,5.0,23.42,7.11
2002-10-02,6.0,23.28,7.22
2002-10-02,7.0,23.24,7.42
2002-10-02,8.0,23.21,7.17
2002-10-02,9.0,23.17,6.99
2002-10-02,10.0,23.16,6.81
2002-10-02,11.0,23.15,6.9
2002-10-02,12.0,23.06,7.13
2002-10-02,13.0,20.88,4.05
2002-10-02,14.0,15.97,1.57
2002-10-02,15.0,13.96,1.57
2002-10-02,16.0,12.58,1.58
2002-10-02,17.0,11.77,1.52
2002-10-02,18.0,11.29,1.66
2002-10-02,19.0,10.83,1.67
2002-10-02,20.0,10.54,1.66
2002-10-02,22.0,10.14,1.51
2002-10-02,24.0,9.74,1.33
2002-10-02,26.0,9.46,1.19
2002-10-02,28.0,9.31,0.92
2002-10-02,30.0,9.16,0.54
2002-10-02,35.0,9.06,0.14
2002-10-02,40.0,9.0,0.1
2003-04-02,0.1,12.51,11.0
2003-04-02,1.0,12.44,10.62
2003-04-02,2.1,12.35,10.5
2003-04-02,3.0,11.62,10.65
2003-04-02,4.0,10.61,10.79
2003-04-02,5.1,10.55,10.54
2003-04-02,6.0,10.39,10.56
2003-04-02,7.0,10.28,10.66
2003-04-02,8.0,10.07,10.55
2003-04-02,8.9,9.79,10.49
2003-04-02,10.0,9.56,10.51
2003-04-02,11.0,9.43,10.54
2003-04-02,12.0,9.33,10.31
2003-04-02,12.9,8.64,10.49
2003-04-02,14.0,8.18,10.36
2003-04-02,15.0,7.99,10.31
2003-04-02,16.0,7.85,10.21
2003-04-02,17.0,7.84,10.15
2003-04-02,18.0,7.71,10.07
2003-04-02,19.0,7.61,10.11
2003-04-02,20.1,7.55,10.04
2003-04-02,22.0,7.39,9.96
2003-04-02,24.0,7.36,9.9
2003-04-02,24.1,7.36,9.97
2003-04-02,25.9,7.31,10.01
2003-04-02,28.0,7.27,10.05
2003-04-02,30.0,7.25,9.98
2003-04-02,35.0,7.16,9.99
2003-04-02,40.1,7.0,9.43
2003-05-06,0.1,19.66,8.74
2003-05-06,1.0,19.65,8.39
2003-05-06,2.0,19.62,8.42
2003-05-06,3.0,19.49,8.77
2003-05-06,4.0,19.22,8.74
2003-05-06,5.0,18.49,9.07
2003-05-06,6.0,17.05,9.4
2003-05-06,7.0,15.53,9.67
2003-05-06,8.0,14.58,9.62
2003-05-06,9.0,13.76,9.44
2003-05-06,10.0,13.09,9.24
2003-05-06,11.0,12.38,8.97
2003-05-06,12.0,12.0,8.91
2003-05-06,13.0,11.25,8.62
2003-05-06,14.0,10.46,8.59
2003-05-06,15.0,9.55,8.52
2003-05-06,16.0,9.24,8.46
2003-05-06,17.0,8.59,8.33
2003-05-06,18.0,8.45,8.25
2003-05-06,19.0,8.32,8.22
2003-05-06,20.0,8.23,8.19
2003-05-06,22.0,8.07,8.16
2003-05-06,24.0,7.9,8.18
2003-05-06,26.0,7.76,8.15
2003-05-06,28.0,7.71,8.13
2003-05-06,30.0,7.59,8.06
2003-05-06,35.0,7.45,8.09
2003-05-06,40.0,7.4,7.81
2003-05-06,45.0,7.4,7.8
2003-06-04,0.1,21.45,8.33
2003-06-04,1.0,21.33,8.2
2003-06-04,2.0,20.79,8.33
2003-06-04,3.0,20.44,8.31
2003-06-04,4.0,20.26,8.06
2003-06-04,5.0,20.2,8.11
2003-06-04,5.9,19.81,8.06
2003-06-04,7.0,19.27,7.49
2003-06-04,8.0,18.58,7.4
2003-06-04,9.0,17.78,6.82
2003-06-04,9.8,16.88,6.86
2003-06-04,11.0,15.56,6.56
2003-06-04,12.1,13.85,6.78
2003-06-04,13.0,13.03,6.71
2003-06-04,14.0,12.59,6.71
2003-06-04,15.0,11.79,6.75
2003-06-04,16.1,10.92,6.74
2003-06-04,17.0,10.2,6.61
2003-06-04,18.0,9.83,6.74
2003-06-04,19.0,9.48,6.78
2003-06-04,20.1,9.08,6.69
2003-06-04,22.0,8.7,6.6
2003-06-04,24.0,8.38,6.7
2003-06-04,26.0,8.08,6.74
2003-06-04,28.0,7.93,6.68
2003-06-04,30.0,7.84,6.57
2003-06-04,35.0,7.64,6.55
2003-06-04,40.0,7.59,6.5
2003-06-04,44.9,7.58,6.44
2003-07-09,0.1,27.3,7.79
2003-07-09,1.0,27.29,7.72
2003-07-09,2.0,27.21,7.78
2003-07-09,3.0,25.74,8.2
2003-07-09,4.0,24.83,7.86
2003-07-09,5.0,24.46,7.55
2003-07-09,6.0,24.11,7.07
2003-07-09,7.0,23.62,6.5
2003-07-09,8.0,22.74,5.83
2003-07-09,9.0,21.94,5.38
2003-07-09,10.0,20.58,5.0
2003-07-09,11.0,19.9,4.97
2003-07-09,12.0,18.99,4.39
2003-07-09,13.0,18.19,4.4
2003-07-09,14.0,17.16,4.14
2003-07-09,15.0,16.64,4.05
2003-07-09,16.0,15.81,3.89
2003-07-09,17.0,14.51,3.99
2003-07-09,18.0,14.0,3.95
2003-07-09,19.0,13.15,3.88
2003-07-09,20.0,12.4,3.88
2003-07-09,22.0,11.22,4.45
2003-07-09,24.0,10.16,4.68
2003-07-09,26.0,9.38,4.72
2003-07-09,28.0,8.71,4.81
2003-07-09,30.0,8.43,4.77
2003-07-09,35.0,8.0,4.62
2003-07-09,40.0,7.92,4.47
2003-07-09,45.0,7.89,4.45
2003-08-06,0.1,27.55,7.94
2003-08-06,1.0,27.57,7.72
2003-08-06,2.0,27.57,7.62
2003-08-06,3.0,27.52,7.57
2003-08-06,4.0,27.13,7.89
2003-08-06,5.0,26.47,8.2
2003-08-06,6.0,25.32,8.16
2003-08-06,7.0,24.53,7.77
2003-08-06,8.0,23.53,6.24
2003-08-06,9.0,23.03,5.04
2003-08-06,10.0,22.26,3.32
2003-08-06,11.0,21.53,2.57
2003-08-06,12.0,20.93,2.03
2003-08-06,13.0,20.1,2.11
2003-08-06,14.0,19.37,2.2
2003-08-06,15.0,18.65,1.84
2003-08-06,16.0,17.83,2.05
2003-08-06,17.0,17.11,1.95
2003-08-06,18.0,16.48,1.88
2003-08-06,19.0,15.73,2.05
2003-08-06,20.0,14.71,2.14
2003-08-06,22.0,12.92,2.66
2003-08-06,24.0,11.59,3.06
2003-08-06,26.0,10.69,3.16
2003-08-06,28.0,9.82,3.23
2003-08-06,30.0,9.14,3.14
2003-08-06,35.0,8.23,2.67
2003-08-06,40.0,8.1,2.25
2003-08-06,45.0,8.09,2.15
2003-10-08,0.1,22.13,7.11
2003-10-08,1.0,22.13,7.04
2003-10-08,2.0,22.15,7.04
2003-10-08,4.0,22.14,7.01
2003-10-08,5.0,22.14,6.98
2003-10-08,5.9,22.14,7.0
2003-10-08,7.0,22.13,6.98
2003-10-08,8.0,22.12,7.02
2003-10-08,9.1,22.12,7.02
2003-10-08,10.0,22.12,7.01
2003-10-08,11.0,22.12,6.94
2003-10-08,11.9,22.11,6.87
2003-10-08,13.0,22.1,6.93
2003-10-08,13.9,22.1,6.93
2003-10-08,15.0,22.1,6.82
2003-10-08,16.0,22.1,6.96
2003-10-08,17.0,22.08,6.92
2003-10-08,18.0,21.31,2.06
2003-10-08,19.0,19.17,0.26
2003-10-08,20.0,18.51,0.17
2003-10-08,22.0,17.07,0.16
2003-10-08,24.1,15.31,0.15
2003-10-08,26.0,14.04,0.15
2003-10-08,28.1,12.73,0.15
2003-10-08,30.0,11.66,0.16
2003-10-08,35.1,9.62,0.15
2003-10-08,40.0,9.03,0.15
2004-04-15,0.1,13.21,10.29
2004-04-15,1.0,12.9,10.48
2004-04-15,2.0,12.77,10.17
2004-04-15,3.0,12.72,10.35
2004-04-15,4.0,12.63,10.15
2004-04-15,5.0,12.57,10.2
2004-04-15,6.0,12.53,10.27
2004-04-15,7.0,12.51,10.17
2004-04-15,8.0,12.44,10.33
2004-04-15,9.0,12.26,10.3
2004-04-15,10.0,12.07,10.22
2004-04-15,11.0,11.96,10.09
2004-04-15,12.0,10.59,10.06
2004-04-15,13.0,10.07,10.07
2004-04-15,14.0,9.33,9.73
2004-04-15,15.0,8.81,9.78
2004-04-15,16.0,8.42,9.73
2004-04-15,17.0,8.08,9.58
2004-04-15,18.0,7.85,9.49
2004-04-15,19.0,7.72,9.36
2004-04-15,20.0,7.69,9.33
2004-04-15,22.0,7.63,9.3
2004-04-15,24.0,7.5,9.23
2004-04-15,26.0,7.35,9.12
2004-04-15,28.0,7.34,9.07
2004-04-15,30.0,7.27,9.09
2004-04-15,35.0,7.07,9.13
2004-04-15,40.0,7.0,9.07
2004-05-05,0.1,16.86,10.04
2004-05-05,1.0,16.77,10.01
2004-05-05,2.0,16.55,9.98
2004-05-05,3.0,16.32,10.07
2004-05-05,4.0,15.89,10.15
2004-05-05,5.0,15.33,10.29
2004-05-05,6.0,15.13,10.27
2004-05-05,7.0,14.5,10.46
2004-05-05,8.0,13.45,10.69
2004-05-05,9.0,12.82,10.66
2004-05-05,10.0,12.3,10.63
2004-05-05,11.0,12.07,10.37
2004-05-05,12.0,11.63,10.07
2004-05-05,13.0,11.33,9.8
2004-05-05,14.0,11.08,9.62
2004-05-05,16.0,9.6,9.48
2004-05-05,17.0,9.3,9.13
2004-05-05,18.0,8.83,8.85
2004-05-05,19.0,8.49,8.69
2004-05-05,20.0,8.2,8.64
2004-05-05,22.0,7.96,8.54
2004-05-05,24.0,7.73,10.08
2004-05-05,26.0,7.55,8.7
2004-05-05,28.0,7.46,8.36
2004-05-05,29.0,7.42,8.32
2004-05-05,35.0,7.24,8.13
2004-05-05,40.0,7.19,7.85
2004-05-05,45.0,7.18,7.67
2004-06-03,0.1,24.23,8.51
2004-06-03,1.0,23.61,8.59
2004-06-03,2.0,23.38,8.33
2004-06-03,3.0,23.26,8.36
2004-06-03,4.0,22.94,8.53
2004-06-03,5.0,22.06,9.04
2004-06-03,6.0,19.84,9.82
2004-06-03,7.0,17.52,10.02
2004-06-03,8.0,15.91,9.78
2004-06-03,8.9,15.09,9.84
2004-06-03,10.0,13.89,9.73
2004-06-03,11.0,13.22,9.57
2004-06-03,12.0,12.52,9.37
2004-06-03,13.0,12.05,8.86
2004-06-03,14.0,11.54,8.53
2004-06-03,15.0,10.88,8.23
2004-06-03,16.0,10.2,7.85
2004-06-03,17.0,9.67,7.53
2004-06-03,18.0,9.13,7.42
2004-06-03,19.0,8.85,7.31
2004-06-03,20.0,8.6,6.89
2004-06-03,22.0,8.12,7.1
2004-06-03,24.0,7.89,6.92
2004-06-03,26.0,7.69,6.99
2004-06-03,28.0,7.59,7.04
2004-06-03,30.0,7.52,6.87
2004-06-03,35.0,7.36,6.69
2004-06-03,40.0,7.33,6.32
2004-06-03,45.2,7.32,6.32
2004-07-08,0.1,27.92,7.46
2004-07-08,1.0,27.86,7.57
2004-07-08,2.0,27.64,7.63
2004-07-08,3.0,27.38,7.64
2004-07-08,4.0,26.5,7.88
2004-07-08,5.0,25.98,8.14
2004-07-08,6.0,24.54,8.6
2004-07-08,7.0,23.17,9.14
2004-07-08,9.0,21.31,9.5
2004-07-08,10.0,16.6,9.41
2004-07-08,11.0,15.2,9.0
2004-07-08,12.0,13.88,8.55
2004-07-08,13.0,12.98,8.26
2004-07-08,14.0,12.46,8.0
2004-07-08,15.0,11.97,7.55
2004-07-08,16.0,11.55,7.07
2004-07-08,17.0,10.88,6.51
2004-07-08,18.0,10.28,6.32
2004-07-08,19.0,9.84,6.02
2004-07-08,20.0,9.35,5.97
2004-07-08,22.0,8.92,5.85
2004-07-08,24.0,8.47,5.77
2004-07-08,26.0,8.22,5.76
2004-07-08,28.0,7.98,5.61
2004-07-08,30.0,7.77,5.48
2004-07-08,35.0,7.56,5.13
2004-07-08,40.0,7.52,4.81
2004-07-08,45.0,7.51,4.72
2004-08-04,0.1,29.72,6.97
2004-08-04,1.0,29.57,7.06
2004-08-04,2.0,29.5,6.86
2004-08-04,3.0,29.42,7.0
2004-08-04,4.0,29.37,6.76
2004-08-04,5.0,29.33,7.02
2004-08-04,6.0,29.14,7.08
2004-08-04,7.0,28.76,6.95
2004-08-04,8.0,27.09,7.2
2004-08-04,9.0,23.18,8.3
2004-08-04,10.0,20.38,8.62
2004-08-04,11.0,18.27,8.8
2004-08-04,12.0,16.12,8.25
2004-08-04,13.0,14.93,8.04
2004-08-04,14.0,13.87,7.7
2004-08-04,15.0,13.01,7.23
2004-08-04,16.0,12.44,6.46
2004-08-04,17.0,11.51,6.03
2004-08-04,18.0,11.1,5.35
2004-08-04,19.0,10.75,5.27
2004-08-04,20.0,10.3,5.09
2004-08-04,22.0,9.46,4.9
2004-08-04,24.0,8.86,4.77
2004-08-04,26.0,8.52,4.62
2004-08-04,28.0,8.23,4.46
2004-08-04,30.0,8.02,4.33
2004-08-04,35.0,7.7,3.7
2004-08-04,40.0,7.66,3.36
2004-08-04,45.0,7.66,3.33
2004-09-02,0.1,27.35,6.81
2004-09-02,1.0,27.4,6.85
2004-09-02,2.0,27.4,6.98
2004-09-02,3.0,27.4,6.98
2004-09-02,4.0,27.39,6.99
2004-09-02,5.0,27.4,7.01
2004-09-02,7.0,27.41,7.03
2004-09-02,8.0,27.4,7.03
2004-09-02,9.0,27.39,7.03
2004-09-02,10.0,27.36,7.05
2004-09-02,11.0,24.17,6.95
2004-09-02,12.0,20.19,7.06
2004-09-02,13.0,17.82,6.88
2004-09-02,14.0,15.86,6.63
2004-09-02,15.0,14.25,6.4
2004-09-02,16.0,13.26,6.1
2004-09-02,17.0,12.88,5.9
2004-09-02,18.0,12.09,5.31
2004-09-02,19.0,11.48,5.05
2004-09-02,20.0,10.94,4.65
2004-09-02,22.0,10.18,4.28
2004-09-02,24.0,9.49,4.14
2004-09-02,26.0,9.07,3.95
2004-09-02,28.0,8.7,3.81
2004-09-02,30.0,8.4,3.59
2004-09-02,35.0,7.92,2.57
2004-09-02,40.0,7.85,1.97
2004-10-07,0.1,22.61,9.08
2004-10-07,1.0,22.67,8.67
2004-10-07,2.0,22.66,8.44
2004-10-07,3.0,22.65,8.34
2004-10-07,4.0,22.63,7.88
2004-10-07,5.0,22.6,8.17
2004-10-07,6.0,22.57,8.03
2004-10-07,7.0,22.57,8.24
2004-10-07,8.0,22.57,8.05
2004-10-07,9.0,22.57,8.12
2004-10-07,10.0,22.56,8.1
2004-10-07,11.0,22.56,8.17
2004-10-07,12.0,22.56,7.95
2004-10-07,13.0,22.53,8.01
2004-10-07,14.0,22.48,7.61
2004-10-07,15.0,22.22,6.94
2004-10-07,16.0,22.16,6.72
2004-10-07,17.0,21.9,6.51
2004-10-07,18.0,21.09,5.46
2004-10-07,19.0,18.95,3.33
2004-10-07,20.0,15.9,1.64
2004-10-07,22.0,13.35,1.26
2004-10-07,24.0,12.01,1.36
2004-10-07,26.0,11.06,0.87
2004-10-07,28.0,10.53,0.84
2004-10-07,30.0,10.03,0.69
2004-10-07,35.0,9.04,0.23
2004-10-07,40.0,8.76,0.16
2004-10-07,45.0,8.7,0.14
2005-04-13,0.1,16.07,10.29
2005-04-13,1.0,15.68,10.3
2005-04-13,2.0,15.33,10.26
2005-04-13,2.9,15.06,10.39
2005-04-13,4.1,15.01,10.39
2005-04-13,5.0,14.86,10.3
2005-04-13,6.0,14.45,10.21
2005-04-13,7.1,13.56,10.25
2005-04-13,8.0,12.25,10.34
2005-04-13,9.0,12.17,10.54
2005-04-13,10.0,12.03,10.09
2005-04-13,11.0,11.42,10.3
2005-04-13,12.0,11.2,10.23
2005-04-13,13.0,11.09,10.04
2005-04-13,13.9,10.9,10.02
2005-04-13,14.0,10.94,9.99
2005-04-13,15.1,10.69,10.04
2005-04-13,16.0,10.67,9.83
2005-04-13,17.0,10.53,9.82
2005-04-13,18.1,10.51,12.74
2005-04-13,19.0,10.48,9.85
2005-04-13,19.9,10.44,9.73
2005-04-13,22.4,10.29,9.81
2005-04-13,24.3,10.18,9.87
2005-04-13,26.3,10.06,9.8
2005-04-13,26.6,10.01,9.69
2005-04-13,28.0,9.87,9.52
2005-04-13,30.0,9.58,9.43
2005-04-13,30.4,9.56,9.33
2005-04-13,35.3,9.25,9.23
2005-04-13,40.3,9.07,9.25
2005-04-13,46.6,8.87,9.25
2005-04-13,50.2,8.79,9.13
2005-04-13,50.4,8.76,9.03
2005-04-13,60.2,8.61,9.31
2005-04-13,65.0,8.58,8.21
2005-05-04,0.1,16.32,9.95
2005-05-04,1.0,15.98,9.96
2005-05-04,2.0,15.65,10.23
2005-05-04,3.0,15.56,10.19
2005-05-04,4.0,15.5,10.3
2005-05-04,5.0,15.45,10.43
2005-05-04,6.0,15.44,10.48
2005-05-04,7.0,15.24,12.49
2005-05-04,8.0,15.08,10.79
2005-05-04,9.0,13.83,10.71
2005-05-04,10.0,13.36,10.64
2005-05-04,11.0,13.02,10.55
2005-05-04,12.0,12.62,10.48
2005-05-04,13.0,12.07,10.29
2005-05-04,14.0,11.55,10.08
2005-05-04,15.0,11.32,9.83
2005-05-04,16.0,11.09,9.59
2005-05-04,17.0,10.66,9.56
2005-05-04,18.0,10.51,9.39
2005-05-04,19.0,10.33,9.22
2005-05-04,20.0,10.24,8.98
2005-05-04,22.0,9.89,8.8
2005-05-04,24.0,9.74,8.73
2005-05-04,26.0,9.62,8.67
2005-05-04,28.0,9.42,8.55
2005-05-04,30.0,9.25,8.39
2005-05-04,35.0,8.98,8.08
2005-05-04,40.0,8.89,7.57
2005-06-09,0.1,25.71,7.92
2005-06-09,1.0,25.6,7.98
2005-06-09,2.0,25.23,7.83
2005-06-09,3.0,23.94,8.45
2005-06-09,4.0,22.86,8.77
2005-06-09,5.0,21.83,8.83
2005-06-09,6.0,20.97,8.54
2005-06-09,7.0,20.54,8.51
2005-06-09,8.0,19.95,7.97
2005-06-09,9.0,18.83,8.13
2005-06-09,10.0,17.76,7.85
2005-06-09,11.0,16.66,7.92
2005-06-09,12.0,15.7,7.81
2005-06-09,13.0,14.33,7.51
2005-06-09,14.0,13.41,7.2
2005-06-09,15.0,12.51,7.29
2005-06-09,16.0,12.31,7.18
2005-06-09,17.0,11.79,7.15
2005-06-09,18.0,11.41,6.93
2005-06-09,19.0,11.07,6.94
2005-06-09,20.0,10.85,6.94
2005-06-09,22.0,10.49,6.88
2005-06-09,24.0,10.27,6.7
2005-06-09,26.0,9.98,6.65
2005-06-09,28.0,9.79,6.45
2005-06-09,30.0,9.54,6.41
2005-06-09,35.0,9.26,5.67
2005-06-09,40.0,9.16,5.46
2005-06-09,45.0,9.13,4.98
2005-07-14,0.1,26.39,7.61
2005-07-14,1.0,26.34,7.58
2005-07-14,2.0,26.28,7.41
2005-07-14,3.0,26.19,7.43
2005-07-14,4.0,26.04,7.4
2005-07-14,5.0,25.41,7.12
2005-07-14,6.0,24.95,6.77
2005-07-14,7.0,24.34,6.76
2005-07-14,8.0,22.44,6.19
2005-07-14,9.0,21.2,5.52
2005-07-14,10.0,20.48,5.28
2005-07-14,11.0,19.45,4.82
2005-07-14,12.0,18.41,4.88
2005-07-14,13.0,18.37,4.72
2005-07-14,14.0,17.38,4.73
2005-07-14,15.0,16.44,4.36
2005-07-14,16.0,15.64,4.27
2005-07-14,17.0,14.82,4.27
2005-07-14,18.0,13.83,4.29
2005-07-14,19.0,13.05,4.29
2005-07-14,20.0,12.55,4.34
2005-07-14,22.0,12.18,4.53
2005-07-14,24.0,11.47,4.68
2005-07-14,26.0,11.15,4.71
2005-07-14,28.0,10.67,4.8
2005-07-14,30.0,10.51,4.85
2005-07-14,35.0,10.25,4.82
2005-07-14,40.0,9.68,4.18
2005-07-14,45.0,9.52,3.55
2005-08-10,0.1,28.8,7.55
2005-08-10,1.0,28.32,7.48
2005-08-10,2.0,28.16,7.52
2005-08-10,3.0,28.07,7.61
2005-08-10,4.0,27.99,7.56
2005-08-10,5.0,27.92,7.81
2005-08-10,6.0,27.83,7.69
2005-08-10,7.0,27.73,7.53
2005-08-10,8.0,27.63,7.43
2005-08-10,9.0,27.15,6.96
2005-08-10,10.0,24.3,5.12
2005-08-10,11.0,21.7,2.78
2005-08-10,12.0,20.73,2.33
2005-08-10,13.0,19.77,2.01
2005-08-10,14.0,18.93,2.08
2005-08-10,15.0,18.16,2.12
2005-08-10,16.0,17.37,2.09
2005-08-10,17.0,16.38,2.18
2005-08-10,18.0,15.63,2.32
2005-08-10,19.0,14.9,2.47
2005-08-10,20.0,13.86,2.72
2005-08-10,22.0,12.8,2.7
2005-08-10,24.0,12.02,2.97
2005-08-10,26.0,11.39,3.19
2005-08-10,28.0,10.82,3.23
2005-08-10,30.0,10.51,3.15
2005-08-10,32.0,10.27,2.9
2005-08-10,34.0,9.98,2.31
2005-08-10,36.0,9.84,1.89
2005-08-10,38.0,9.76,1.46
2005-08-10,40.0,9.72,1.15
2005-08-10,42.0,9.66,1.0
2005-08-10,44.0,9.66,0.79
2005-08-10,45.0,9.65,0.72
2005-09-14,0.1,27.21,8.35
2005-09-14,1.0,27.11,8.34
2005-09-14,2.0,27.07,8.66
2005-09-14,3.0,27.01,8.96
2005-09-14,4.0,26.91,8.9
2005-09-14,5.0,26.85,9.04
2005-09-14,6.0,26.78,9.41
2005-09-14,7.0,26.75,9.4
2005-09-14,8.0,26.7,9.31
2005-09-14,9.0,26.62,9.03
2005-09-14,10.0,25.95,8.22
2005-09-14,11.0,24.57,5.41
2005-09-14,12.0,23.4,4.86
2005-09-14,13.0,22.53,4.63
2005-09-14,14.0,21.74,4.34
2005-09-14,15.0,21.35,4.43
2005-09-14,16.0,20.23,4.58
2005-09-14,17.0,19.43,4.42
2005-09-14,18.0,18.47,4.27
2005-09-14,19.0,17.33,4.26
2005-09-14,20.0,16.51,4.45
2005-09-14,22.0,15.04,4.38
2005-09-14,24.0,13.64,4.29
2005-09-14,26.0,12.68,4.44
2005-09-14,28.0,12.0,4.01
2005-09-14,30.0,11.47,3.87
2005-09-14,35.0,10.51,3.13
2005-09-14,40.0,10.2,2.93
2005-10-05,0.1,25.17,7.82
2005-10-05,1.0,25.19,7.75
2005-10-05,2.0,25.21,7.72
2005-10-05,3.0,25.2,7.7
2005-10-05,4.0,25.2,7.69
2005-10-05,5.0,25.2,7.65
2005-10-05,6.0,25.2,7.68
2005-10-05,7.0,25.21,7.66
2005-10-05,8.0,25.2,7.66
2005-10-05,9.0,25.2,7.61
2005-10-05,10.0,25.19,7.64
2005-10-05,11.0,25.2,7.5
2005-10-05,12.0,25.19,7.57
2005-10-05,13.0,25.19,7.58
2005-10-05,14.0,25.18,7.56
2005-10-05,15.0,25.17,7.45
2005-10-05,16.0,25.16,7.5
2005-10-05,17.0,24.93,7.42
2005-10-05,18.0,21.43,6.09
2005-10-05,19.0,20.53,1.53
2005-10-05,20.0,18.95,0.75
2005-10-05,22.0,16.42,0.34
2005-10-05,24.0,15.07,0.23
2005-10-05,26.0,14.01,0.18
2005-10-05,28.0,12.94,0.15
2005-10-05,30.0,12.2,0.13
2005-10-05,35.0,10.92,0.12
2005-10-05,40.0,10.43,0.1
2005-10-05,45.0,8.7,0.14
2006-04-27,0.1,19.13,9.08
2006-04-27,1.0,19.12,8.9
2006-04-27,2.0,19.11,8.74
2006-04-27,3.0,19.06,8.84
2006-04-27,4.0,18.61,8.97
2006-04-27,5.0,17.65,9.25
2006-04-27,6.0,16.95,9.23
2006-04-27,7.0,14.99,9.61
2006-04-27,8.0,14.0,9.65
2006-04-27,9.0,13.14,9.54
2006-04-27,10.0,12.35,9.4
2006-04-27,11.0,11.59,9.36
2006-04-27,12.0,11.24,9.23
2006-04-27,13.0,10.92,9.14
2006-04-27,14.0,10.73,8.88
2006-04-27,15.0,10.47,8.87
2006-04-27,16.0,10.45,8.5
2006-04-27,17.0,10.18,8.44
2006-04-27,18.0,9.91,8.32
2006-04-27,19.0,9.7,8.09
2006-04-27,20.0,9.47,7.81
2006-04-27,22.0,9.11,7.41
2006-04-27,24.0,8.9,7.18
2006-04-27,26.0,8.81,7.0
2006-04-27,28.0,8.68,6.86
2006-04-27,30.0,8.6,6.72
2006-04-27,35.0,8.48,6.46
2006-04-27,40.0,8.47,6.27
2006-04-27,45.0,8.47,6.02
2006-05-31,0.1,27.37,9.95
2006-05-31,1.0,27.09,9.96
2006-05-31,2.0,26.63,10.23
2006-05-31,3.0,26.53,10.19
2006-05-31,4.0,25.35,10.3
2006-05-31,5.0,24.51,10.43
2006-05-31,6.0,22.17,10.48
2006-05-31,7.0,20.33,12.49
2006-05-31,8.0,19.57,10.79
2006-05-31,9.0,18.89,10.71
2006-05-31,10.0,18.19,10.64
2006-05-31,11.0,17.22,10.55
2006-05-31,12.0,15.49,10.48
2006-05-31,13.0,13.56,10.29
2006-05-31,14.0,12.09,10.08
2006-05-31,15.0,11.65,9.83
2006-05-31,16.0,11.64,9.59
2006-05-31,17.0,11.21,9.56
2006-05-31,18.0,10.88,9.39
2006-05-31,19.0,10.66,9.22
2006-05-31,20.0,10.51,8.98
2006-05-31,22.0,10.27,8.8
2006-05-31,24.0,9.89,8.73
2006-05-31,26.0,9.59,8.67
2006-05-31,28.0,9.39,8.55
2006-05-31,30.0,9.15,8.39
2006-05-31,35.0,9.04,8.08
2006-06-27,0.1,27.35,7.36
2006-06-27,1.0,27.24,7.4
2006-06-27,2.0,27.15,7.11
2006-06-27,3.0,27.09,7.09
2006-06-27,4.0,27.06,7.1
2006-06-27,5.0,27.02,6.94
2006-06-27,6.0,26.99,6.93
2006-06-27,7.0,25.44,7.2
2006-06-27,8.0,22.55,7.83
2006-06-27,9.0,20.65,7.26
2006-06-27,10.0,19.24,7.07
2006-06-27,11.0,17.22,6.59
2006-06-27,12.0,16.2,6.45
2006-06-27,13.0,15.13,6.41
2006-06-27,14.0,13.34,6.08
2006-06-27,15.0,12.65,6.05
2006-06-27,16.0,12.14,5.91
2006-06-27,17.0,11.52,5.79
2006-06-27,18.0,11.01,5.67
2006-06-27,19.0,10.92,5.42
2006-06-27,20.0,10.59,5.39
2006-06-27,22.0,10.21,5.16
2006-06-27,24.0,9.86,4.96
2006-06-27,26.0,9.63,4.66
2006-06-27,28.0,9.41,4.45
2006-06-27,30.0,9.21,4.25
2006-06-27,35.0,9.0,3.82
2006-06-27,40.0,8.95,3.23
2006-07-25,0.1,29.48,7.01
2006-07-25,1.0,29.3,6.9
2006-07-25,2.0,29.18,7.05
2006-07-25,3.0,29.1,7.12
2006-07-25,4.0,29.04,7.29
2006-07-25,5.0,28.96,7.29
2006-07-25,6.0,26.38,7.64
2006-07-25,7.0,24.27,8.04
2006-07-25,8.0,22.02,8.39
2006-07-25,9.0,20.65,7.34
2006-07-25,10.0,19.03,6.18
2006-07-25,11.0,17.25,5.92
2006-07-25,12.0,15.69,5.24
2006-07-25,13.0,14.92,4.96
2006-07-25,14.0,13.07,4.92
2006-07-25,15.0,12.4,4.98
2006-07-25,16.0,11.71,4.81
2006-07-25,17.0,11.38,4.68
2006-07-25,18.0,11.07,4.49
2006-07-25,20.0,10.79,4.42
2006-07-25,22.0,10.51,4.22
2006-07-25,24.0,10.16,4.01
2006-07-25,26.0,9.79,3.8
2006-07-25,28.0,9.57,3.41
2006-07-25,30.0,9.33,3.14
2006-07-25,35.0,9.13,2.2
2006-07-25,40.0,9.07,1.65
2006-08-29,0.1,29.03,6.69
2006-08-29,1.0,28.99,6.68
2006-08-29,2.0,28.91,6.89
2006-08-29,3.0,28.8,6.98
2006-08-29,4.0,28.74,6.98
2006-08-29,5.0,28.49,6.85
2006-08-29,6.0,28.36,7.33
2006-08-29,7.0,27.88,6.29
2006-08-29,8.0,26.47,4.76
2006-08-29,9.0,24.33,4.43
2006-08-29,10.0,21.39,4.3
2006-08-29,11.0,20.08,3.96
2006-08-29,12.0,18.76,3.32
2006-08-29,13.0,17.46,3.15
2006-08-29,14.0,15.75,3.28
2006-08-29,15.0,14.97,3.24
2006-08-29,16.0,14.17,3.2
2006-08-29,17.0,13.14,3.16
2006-08-29,18.0,12.04,3.39
2006-08-29,19.0,11.84,3.21
2006-08-29,20.0,11.38,3.23
2006-08-29,22.0,10.87,3.19
2006-08-29,24.0,10.44,2.96
2006-08-29,26.0,10.08,2.71
2006-08-29,28.0,9.88,2.12
2006-08-29,30.0,9.68,1.82
2006-08-29,35.0,9.37,0.76
2006-08-29,40.0,9.33,0.21
2006-09-26,0.1,24.06,6.95
2006-09-26,1.0,24.1,6.91
2006-09-26,2.0,24.11,6.8
2006-09-26,3.0,24.1,6.85
2006-09-26,4.0,24.1,6.68
2006-09-26,5.0,24.09,6.63
2006-09-26,6.0,24.07,6.55
2006-09-26,7.0,24.06,6.49
2006-09-26,8.0,24.06,6.51
2006-09-26,9.0,24.05,6.61
2006-09-26,10.0,24.03,6.44
2006-09-26,11.0,23.5,5.65
2006-09-26,12.0,22.23,2.77
2006-09-26,13.0,19.08,1.66
2006-09-26,14.0,17.8,1.35
2006-09-26,15.0,16.36,1.47
2006-09-26,16.0,15.57,1.49
2006-09-26,17.0,14.6,1.67
2006-09-26,18.0,13.61,1.85
2006-09-26,19.0,12.95,1.97
2006-09-26,20.0,12.55,1.87
2006-09-26,22.0,11.6,2.02
2006-09-26,24.0,10.98,1.82
2006-09-26,26.0,10.61,1.56
2006-09-26,28.0,10.25,1.12
2006-09-26,30.0,9.99,0.67
2006-09-26,35.0,9.59,0.13
2006-09-26,40.0,9.48,0.12
2006-10-24,0.1,18.49,7.9
2006-10-24,1.0,18.62,7.64
2006-10-24,2.0,18.55,7.46
2006-10-24,3.0,18.55,7.31
2006-10-24,4.0,18.57,7.48
2006-10-24,5.0,18.56,7.36
2006-10-24,6.0,18.59,7.45
2006-10-24,7.0,18.58,7.36
2006-10-24,8.0,18.55,7.35
2006-10-24,9.0,18.55,7.4
2006-10-24,10.0,18.56,7.4
2006-10-24,11.0,18.54,7.35
2006-10-24,12.0,18.54,7.33
2006-10-24,13.0,18.53,7.31
2006-10-24,14.0,18.5,7.09
2006-10-24,15.0,17.41,3.35
2006-10-24,16.0,15.13,0.72
2006-10-24,17.0,14.43,0.46
2006-10-24,18.0,13.95,0.38
2006-10-24,19.0,13.48,0.41
2006-10-24,20.0,12.86,0.47
2006-10-24,22.0,12.18,0.47
2006-10-24,24.0,11.42,0.54
2006-10-24,26.0,10.91,0.41
2006-10-24,28.0,10.48,0.15
2006-10-24,30.0,10.16,0.12
2006-10-24,35.0,9.95,0.13
2006-10-24,40.0,9.78,0.11
2007-04-17,0.1,11.9,10.32
2007-04-17,1.0,11.86,10.47
2007-04-17,2.0,11.81,10.64
2007-04-17,3.0,11.73,10.52
2007-04-17,3.9,11.66,10.53
2007-04-17,5.1,11.58,10.56
2007-04-17,6.0,11.54,10.57
2007-04-17,7.0,11.47,10.4
2007-04-17,8.0,11.24,10.37
2007-04-17,9.0,11.1,10.34
2007-04-17,10.0,11.03,10.44
2007-04-17,11.0,10.94,10.36
2007-04-17,12.0,10.43,10.27
2007-04-17,12.9,10.02,10.36
2007-04-17,14.0,9.22,10.2
2007-04-17,14.9,8.94,10.06
2007-04-17,16.0,8.62,9.84
2007-04-17,17.0,8.51,9.55
2007-04-17,18.0,8.39,9.42
2007-04-17,19.0,8.32,9.45
2007-04-17,20.0,8.22,9.37
2007-04-17,22.0,8.13,9.12
2007-04-17,24.0,8.09,9.23
2007-04-17,26.0,8.0,9.21
2007-04-17,28.0,7.97,9.12
2007-04-17,29.9,7.93,9.01
2007-04-17,34.9,7.74,8.91
2007-04-17,40.0,7.66,8.61
2007-04-17,42.4,8.47,2.54
2007-05-15,0.1,23.76,8.65
2007-05-15,1.0,23.78,8.72
2007-05-15,2.0,23.54,8.78
2007-05-15,3.0,22.92,9.06
2007-05-15,4.0,22.35,9.08
2007-05-15,5.0,21.8,9.16
2007-05-15,6.0,20.84,9.24
2007-05-15,7.0,18.83,9.5
2007-05-15,8.0,15.95,10.19
2007-05-15,9.0,13.7,10.77
2007-05-15,10.0,12.92,10.98
2007-05-15,11.0,12.53,10.77
2007-05-15,12.0,12.25,10.66
2007-05-15,13.0,11.5,10.08
2007-05-15,14.0,10.66,9.68
2007-05-15,15.0,10.14,9.24
2007-05-15,16.0,9.8,8.9
2007-05-15,17.0,9.69,8.62
2007-05-15,18.0,9.5,8.42
2007-05-15,19.0,9.4,8.4
2007-05-15,20.0,9.26,8.24
2007-05-15,22.0,9.08,8.4
2007-05-15,24.0,8.74,8.18
2007-05-15,26.0,8.64,7.93
2007-05-15,28.0,8.42,8.01
2007-05-15,30.0,8.39,7.91
2007-05-15,35.0,8.2,7.6
2007-05-15,40.0,8.03,7.35
2007-05-15,45.0,7.98,6.6
2007-05-15,45.3,7.98,6.67
2007-06-12,0.1,26.43,7.95
2007-06-12,1.0,26.36,7.93
2007-06-12,2.0,26.33,7.92
2007-06-12,3.0,26.31,7.87
2007-06-12,4.0,26.3,7.84
2007-06-12,5.0,26.27,7.82
2007-06-12,6.0,26.26,7.83
2007-06-12,7.0,24.55,8.32
2007-06-12,8.0,21.5,9.26
2007-06-12,9.0,18.66,10.1
2007-06-12,10.0,16.66,10.51
2007-06-12,11.0,14.88,10.83
2007-06-12,12.0,13.61,10.95
2007-06-12,13.0,12.81,10.88
2007-06-12,14.0,12.3,10.52
2007-06-12,15.0,11.77,10.25
2007-06-12,16.0,11.38,9.93
2007-06-12,17.0,10.89,9.43
2007-06-12,18.0,10.35,8.78
2007-06-12,19.0,10.1,8.23
2007-06-12,20.0,9.7,7.91
2007-06-12,22.0,9.19,7.53
2007-06-12,24.0,8.82,7.38
2007-06-12,26.0,8.67,7.17
2007-06-12,28.0,8.47,6.91
2007-06-12,30.0,8.32,6.73
2007-06-12,35.2,8.21,2.38
2007-07-10,0.1,27.7,7.71
2007-07-10,1.0,27.6,7.7
2007-07-10,2.0,27.5,7.9
2007-07-10,3.0,27.46,7.92
2007-07-10,4.0,27.4,8.05
2007-07-10,5.0,26.39,8.24
2007-07-10,6.0,24.86,8.48
2007-07-10,7.0,22.62,9.11
2007-07-10,8.0,19.77,9.41
2007-07-10,9.0,17.76,9.49
2007-07-10,10.0,16.08,9.59
2007-07-10,11.0,14.26,9.64
2007-07-10,12.0,13.56,9.61
2007-07-10,13.0,13.09,9.31
2007-07-10,14.0,12.45,9.22
2007-07-10,15.0,11.91,8.9
2007-07-10,15.9,11.49,8.2
2007-07-10,17.0,11.09,8.08
2007-07-10,18.1,10.8,7.7
2007-07-10,18.9,10.4,7.33
2007-07-10,20.0,10.17,6.86
2007-07-10,22.0,9.65,6.59
2007-07-10,24.0,9.29,6.38
2007-07-10,26.0,9.02,5.92
2007-07-10,28.0,8.77,5.67
2007-07-10,30.0,8.6,5.5
2007-07-10,35.0,8.42,4.76
2007-07-10,40.1,8.41,4.23
2007-07-10,44.5,8.45,0.78
2007-08-07,0.1,30.75,7.55
2007-08-07,1.0,30.36,7.55
2007-08-07,2.0,30.11,7.58
2007-08-07,3.0,30.04,7.43
2007-08-07,4.0,29.36,7.67
2007-08-07,5.0,28.01,8.03
2007-08-07,6.0,27.13,7.93
2007-08-07,7.0,26.31,7.76
2007-08-07,8.0,25.2,7.45
2007-08-07,9.0,22.29,7.98
2007-08-07,9.9,19.39,7.7
2007-08-07,11.0,17.28,7.82
2007-08-07,12.1,15.35,7.76
2007-08-07,13.1,14.49,7.47
2007-08-07,13.9,13.68,7.24
2007-08-07,15.0,12.72,7.03
2007-08-07,16.1,12.07,6.51
2007-08-07,17.0,11.7,6.31
2007-08-07,18.0,11.23,5.86
2007-08-07,19.0,10.82,5.42
2007-08-07,20.0,10.57,5.19
2007-08-07,22.0,10.03,4.99
2007-08-07,24.0,9.51,4.72
2007-08-07,26.1,9.21,4.5
2007-08-07,28.0,9.07,4.2
2007-08-07,30.0,8.83,3.98
2007-08-07,35.0,8.57,2.93
2007-08-07,40.0,8.55,2.47
2007-08-07,43.6,8.54,1.73
2007-09-04,0.1,29.22,7.58
2007-09-04,1.0,29.24,7.68
2007-09-04,2.0,28.69,7.84
2007-09-04,3.0,28.64,7.87
2007-09-04,4.0,28.56,7.92
2007-09-04,5.0,28.51,7.83
2007-09-04,6.0,28.38,7.74
2007-09-04,7.0,28.17,7.54
2007-09-04,8.0,28.1,7.43
2007-09-04,9.0,26.52,6.79
2007-09-04,10.0,22.33,5.6
2007-09-04,11.0,19.56,5.99
2007-09-04,12.0,17.23,5.73
2007-09-04,13.0,15.9,5.89
2007-09-04,14.0,14.48,5.65
2007-09-04,15.0,13.84,5.46
2007-09-04,16.0,12.99,5.45
2007-09-04,17.0,12.29,5.08
2007-09-04,18.0,11.74,4.74
2007-09-04,19.0,11.5,4.55
2007-09-04,20.0,11.18,4.4
2007-09-04,22.0,10.58,4.14
2007-09-04,24.0,10.12,3.77
2007-09-04,26.0,9.64,3.44
2007-09-04,28.0,9.41,3.18
2007-09-04,30.0,9.13,2.6
2007-09-04,35.0,8.8,1.75
2007-09-04,40.0,8.73,1.21
2007-09-04,43.1,8.77,0.6
2007-10-02,0.1,23.88,8.14
2007-10-02,1.0,24.24,7.91
2007-10-02,2.0,24.23,7.81
2007-10-02,3.0,24.23,7.72
2007-10-02,4.0,24.23,7.63
2007-10-02,5.0,24.23,7.69
2007-10-02,6.0,24.23,7.66
2007-10-02,7.0,24.22,7.68
2007-10-02,8.0,24.23,7.6
2007-10-02,9.0,24.21,7.56
2007-10-02,10.0,24.21,7.55
2007-10-02,11.0,22.17,8.43
2007-10-02,12.0,22.17,8.37
2007-10-02,13.0,21.86,8.42
2007-10-02,14.0,16.17,4.28
2007-10-02,15.0,14.28,3.64
2007-10-02,16.0,12.74,3.58
2007-10-02,17.0,10.88,3.55
2007-10-02,18.0,10.3,3.4
2007-10-02,19.0,9.61,3.36
2007-10-02,20.0,9.48,3.07
2007-10-02,22.0,8.2,2.85
2007-10-02,24.0,8.58,2.35
2007-10-02,26.0,9.61,1.59
2007-10-02,28.0,9.34,1.1
2007-10-02,30.0,8.89,0.85
2007-10-02,32.5,8.1,0.37
2008-04-09,0.1,14.28,10.45
2008-04-09,1.0,14.08,10.47
2008-04-09,2.0,13.89,10.44
2008-04-09,3.0,13.64,10.54
2008-04-09,4.0,13.58,10.62
2008-04-09,5.0,13.46,10.58
2008-04-09,6.0,13.3,10.65
2008-04-09,7.0,13.25,10.74
2008-04-09,8.0,13.22,10.66
2008-04-09,9.0,12.99,10.58
2008-04-09,10.0,12.59,10.51
2008-04-09,11.0,12.48,10.48
2008-04-09,12.0,12.08,10.42
2008-04-09,13.0,11.94,10.4
2008-04-09,14.0,11.75,10.31
2008-04-09,15.0,11.27,10.16
2008-04-09,16.0,10.95,10.1
2008-04-09,17.0,10.65,9.99
2008-04-09,18.0,10.04,9.81
2008-04-09,19.0,9.66,9.65
2008-04-09,20.0,9.43,9.3
2008-04-09,22.0,9.15,9.26
2008-04-09,24.0,8.96,8.84
2008-04-09,26.0,8.79,8.86
2008-04-09,28.0,8.63,8.91
2008-04-09,30.0,8.55,8.69
2008-04-09,35.0,8.33,8.15
2008-04-09,40.0,8.22,7.27
2008-04-09,41.6,8.17,5.65
2008-05-27,0.1,23.55,8.89
2008-05-27,1.0,23.41,8.73
2008-05-27,2.0,22.59,8.85
2008-05-27,3.0,22.06,9.16
2008-05-27,4.0,21.34,8.97
2008-05-27,5.0,20.02,9.12
2008-05-27,6.0,19.42,8.95
2008-05-27,7.0,18.85,8.75
2008-05-27,8.0,17.58,8.59
2008-05-27,9.0,16.53,8.62
2008-05-27,10.0,14.74,8.48
2008-05-27,11.0,13.29,8.31
2008-05-27,12.0,12.45,7.9
2008-05-27,13.0,11.72,7.53
2008-05-27,14.0,11.19,7.09
2008-05-27,15.0,10.79,6.95
2008-05-27,16.0,10.47,6.81
2008-05-27,17.0,10.19,6.75
2008-05-27,18.0,10.01,6.64
2008-05-27,19.0,9.83,6.54
2008-05-27,20.0,9.71,6.4
2008-05-27,22.0,9.49,6.29
2008-05-27,24.0,9.36,6.07
2008-05-27,26.0,9.22,6.07
2008-05-27,28.0,9.1,6.05
2008-05-27,30.0,8.97,5.85
2008-05-27,35.0,8.81,5.01
2008-05-27,38.1,8.74,4.46
2008-06-11,0.1,29.39,7.49
2008-06-11,1.0,29.35,7.44
2008-06-11,2.0,28.97,7.68
2008-06-11,3.0,28.8,7.56
2008-06-11,4.0,25.0,9.07
2008-06-11,5.0,23.85,9.28
2008-06-11,6.0,22.1,9.7
2008-06-11,7.0,20.67,9.73
2008-06-11,8.0,18.81,9.28
2008-06-11,9.0,17.49,8.42
2008-06-11,10.0,16.34,8.35
2008-06-11,11.0,14.68,7.98
2008-06-11,12.0,13.5,7.58
2008-06-11,13.0,12.71,7.2
2008-06-11,14.0,12.09,6.99
2008-06-11,15.0,11.56,6.7
2008-06-11,16.0,11.06,6.49
2008-06-11,17.0,10.76,6.27
2008-06-11,18.0,10.38,6.16
2008-06-11,19.0,10.14,6.04
2008-06-11,20.0,9.98,5.97
2008-06-11,22.0,9.71,5.92
2008-06-11,24.0,9.49,5.66
2008-06-11,26.0,9.3,5.52
2008-06-11,28.0,9.19,5.28
2008-06-11,30.0,9.1,5.1
2008-06-11,35.0,8.93,4.37
2008-06-11,40.0,8.86,3.81
2008-07-24,0.1,28.29,7.05
2008-07-24,1.0,28.24,6.67
2008-07-24,2.0,28.19,6.67
2008-07-24,3.0,28.15,6.7
2008-07-24,4.0,28.12,6.65
2008-07-24,5.0,28.1,6.41
2008-07-24,6.0,27.75,6.33
2008-07-24,7.0,24.94,6.95
2008-07-24,8.0,22.77,7.06
2008-07-24,9.0,20.28,6.77
2008-07-24,10.0,17.97,6.56
2008-07-24,11.0,16.99,5.62
2008-07-24,12.0,15.54,5.23
2008-07-24,13.0,13.98,4.85
2008-07-24,14.0,13.0,4.82
2008-07-24,15.0,11.96,4.71
2008-07-24,16.0,11.47,4.55
2008-07-24,17.0,10.92,4.49
2008-07-24,18.0,10.7,4.35
2008-07-24,19.0,10.42,4.08
2008-07-24,20.0,10.09,4.23
2008-07-24,22.0,9.84,4.06
2008-07-24,24.0,9.62,3.93
2008-07-24,26.0,9.32,3.95
2008-07-24,28.0,9.26,3.41
2008-07-24,30.0,9.03,3.22
2008-07-24,35.0,8.77,2.47
2008-07-24,40.0,8.67,1.62
2008-07-24,40.3,8.7,1.37
2008-08-13,0.1,27.29,7.52
2008-08-13,1.0,27.28,7.24
2008-08-13,2.0,27.28,7.06
2008-08-13,3.0,27.28,7.22
2008-08-13,4.0,27.27,7.04
2008-08-13,5.0,27.26,7.22
2008-08-13,6.0,27.26,7.13
2008-08-13,7.0,27.25,7.08
2008-08-13,8.0,27.24,6.92
2008-08-13,9.0,23.03,7.33
2008-08-13,10.0,20.02,6.41
2008-08-13,11.0,17.9,5.18
2008-08-13,12.0,15.87,5.02
2008-08-13,13.0,14.39,4.09
2008-08-13,14.0,13.71,4.03
2008-08-13,15.0,12.78,4.02
2008-08-13,16.0,12.14,3.75
2008-08-13,17.0,11.5,3.71
2008-08-13,18.0,11.22,3.64
2008-08-13,19.0,10.92,3.58
2008-08-13,20.0,10.74,3.42
2008-08-13,22.0,10.35,3.13
2008-08-13,24.0,10.1,3.07
2008-08-13,26.0,9.83,2.76
2008-08-13,28.0,9.65,2.57
2008-08-13,30.0,9.47,1.98
2008-08-13,35.0,9.28,1.07
2008-08-13,40.0,9.24,0.67
2008-09-11,0.1,26.89,7.77
2008-09-11,1.0,26.92,7.78
2008-09-11,2.0,26.92,7.77
2008-09-11,3.0,26.93,7.78
2008-09-11,4.0,26.92,7.79
2008-09-11,5.0,26.9,7.68
2008-09-11,6.0,26.88,7.71
2008-09-11,7.0,26.86,7.68
2008-09-11,8.0,26.86,7.68
2008-09-11,9.0,26.84,7.66
2008-09-11,10.0,26.79,7.55
2008-09-11,11.0,24.34,5.3
2008-09-11,12.0,21.39,3.69
2008-09-11,13.0,18.46,2.72
2008-09-11,14.0,16.34,2.5
2008-09-11,15.0,14.58,2.35
2008-09-11,16.0,13.89,2.25
2008-09-11,17.0,13.17,2.07
2008-09-11,18.0,12.56,2.11
2008-09-11,19.0,11.99,2.13
2008-09-11,20.0,11.7,2.14
2008-09-11,22.0,10.9,2.06
2008-09-11,24.0,10.46,1.86
2008-09-11,26.0,10.14,1.58
2008-09-11,28.0,9.93,1.16
2008-09-11,30.0,9.68,0.71
2008-09-11,35.0,9.49,0.21
2008-09-11,40.0,9.44,0.17
2008-10-08,0.1,22.61,8.99
2008-10-08,1.0,22.64,8.58
2008-10-08,2.0,22.67,8.79
2008-10-08,3.0,22.69,8.94
2008-10-08,4.0,22.68,8.42
2008-10-08,5.0,22.69,8.45
2008-10-08,6.0,22.69,8.44
2008-10-08,7.0,22.68,8.39
2008-10-08,8.0,22.67,8.42
2008-10-08,9.0,22.67,8.33
2008-10-08,10.0,22.66,8.39
2008-10-08,11.0,22.66,8.45
2008-10-08,12.0,22.65,8.52
2008-10-08,13.0,22.58,8.46
2008-10-08,14.0,22.1,7.44
2008-10-08,15.0,17.53,1.65
2008-10-08,16.0,15.24,1.57
2008-10-08,17.0,14.08,1.43
2008-10-08,18.0,13.08,1.37
2008-10-08,19.0,12.51,1.32
2008-10-08,20.0,12.08,1.28
2008-10-08,22.0,11.3,1.27
2008-10-08,24.0,10.9,1.08
2008-10-08,26.0,10.41,0.76
2008-10-08,28.0,10.15,0.52
2008-10-08,30.0,9.92,0.41
2008-10-08,35.0,9.68,0.31
2009-04-15,0.1,12.47,9.8
2009-04-15,1.0,12.36,9.97
2009-04-15,2.0,12.12,10.01
2009-04-15,3.0,11.99,10.02
2009-04-15,4.0,11.92,9.99
2009-04-15,5.0,11.89,9.82
2009-04-15,6.0,11.88,9.65
2009-04-15,7.0,11.8,9.88
2009-04-15,8.0,11.79,9.88
2009-04-15,9.0,11.75,9.77
2009-04-15,10.0,11.21,9.69
2009-04-15,11.0,10.94,9.74
2009-04-15,12.0,10.64,9.7
2009-04-15,13.0,10.12,9.48
2009-04-15,14.0,9.58,9.29
2009-04-15,15.0,9.0,9.17
2009-04-15,16.0,8.74,8.84
2009-04-15,17.0,8.54,8.82
2009-04-15,18.0,8.38,8.84
2009-04-15,19.0,8.26,8.81
2009-04-15,20.0,8.18,8.76
2009-04-15,22.0,7.93,8.72
2009-04-15,24.0,7.84,8.63
2009-04-15,26.0,7.76,8.58
2009-04-15,28.0,7.68,8.56
2009-04-15,30.0,7.65,8.6
2009-04-15,35.0,7.54,8.62
2009-04-15,40.0,7.48,7.77
2009-05-27,0.1,21.65,8.66
2009-05-27,1.0,21.54,8.33
2009-05-27,2.0,21.45,7.88
2009-05-27,3.0,21.13,8.17
2009-05-27,4.0,21.04,8.03
2009-05-27,5.0,20.68,7.95
2009-05-27,6.0,20.19,7.83
2009-05-27,7.0,19.9,7.74
2009-05-27,8.0,19.25,7.76
2009-05-27,9.0,17.59,7.7
2009-05-27,10.0,14.82,8.21
2009-05-27,11.0,13.24,8.14
2009-05-27,12.0,12.84,7.51
2009-05-27,13.0,12.47,7.71
2009-05-27,14.0,12.07,7.45
2009-05-27,15.0,11.27,7.08
2009-05-27,16.0,10.68,7.22
2009-05-27,17.0,10.37,6.76
2009-05-27,18.0,10.07,6.63
2009-05-27,19.0,9.63,6.51
2009-05-27,20.0,9.43,6.24
2009-05-27,22.0,8.85,6.3
2009-05-27,24.0,8.54,6.26
2009-05-27,26.0,8.36,6.37
2009-05-27,28.0,8.25,6.11
2009-05-27,30.0,8.14,6.07
2009-05-27,35.0,8.03,5.64
2009-05-27,40.0,7.92,5.35
2009-05-27,44.1,7.88,4.41
2009-06-10,0.1,26.59,7.43
2009-06-10,1.0,26.53,7.4
2009-06-10,2.0,26.45,7.65
2009-06-10,3.0,25.52,8.35
2009-06-10,4.0,24.24,8.57
2009-06-10,5.0,21.97,9.23
2009-06-10,6.0,20.69,9.38
2009-06-10,7.0,19.67,8.93
2009-06-10,8.0,18.55,8.46
2009-06-10,9.0,17.31,8.63
2009-06-10,10.0,15.49,8.48
2009-06-10,11.0,14.53,8.07
2009-06-10,12.0,13.47,7.75
2009-06-10,13.0,12.78,7.92
2009-06-10,14.0,11.98,7.55
2009-06-10,15.0,11.39,7.44
2009-06-10,16.0,11.0,7.12
2009-06-10,17.0,10.56,6.69
2009-06-10,18.0,10.17,6.7
2009-06-10,19.0,9.87,6.52
2009-06-10,20.0,9.54,6.52
2009-06-10,22.0,9.04,5.93
2009-06-10,24.0,8.71,6.17
2009-06-10,26.0,8.53,6.19
2009-06-10,28.0,8.38,5.99
2009-06-10,30.0,8.25,6.03
2009-06-10,35.0,8.11,5.49
2009-06-10,39.0,8.04,5.32
2009-07-29,0.1,26.84,7.59
2009-07-29,1.0,26.87,7.56
2009-07-29,2.0,26.87,7.66
2009-07-29,3.0,26.86,7.48
2009-07-29,4.0,26.8,7.49
2009-07-29,5.0,26.07,7.82
2009-07-29,6.0,24.06,8.75
2009-07-29,7.0,22.86,9.03
2009-07-29,8.0,21.09,9.21
2009-07-29,9.0,18.92,9.05
2009-07-29,10.0,17.85,8.1
2009-07-29,11.0,16.1,6.8
2009-07-29,12.0,14.93,6.13
2009-07-29,13.0,14.0,5.91
2009-07-29,14.0,13.04,5.96
2009-07-29,15.0,12.32,5.76
2009-07-29,16.0,11.81,5.29
2009-07-29,17.0,11.4,5.12
2009-07-29,18.0,10.95,5.02
2009-07-29,19.0,10.55,4.91
2009-07-29,20.0,10.25,4.79
2009-07-29,22.0,9.7,4.69
2009-07-29,24.0,9.42,4.58
2009-07-29,26.0,9.08,4.42
2009-07-29,28.0,8.83,4.01
2009-07-29,30.0,8.6,3.74
2009-07-29,35.0,8.4,3.0
2009-07-29,40.0,8.35,2.61
2009-07-29,44.4,8.35,1.89
2009-08-20,0.1,28.47,7.33
2009-08-20,1.0,28.48,7.16
2009-08-20,2.0,28.46,7.03
2009-08-20,3.0,28.42,6.89
2009-08-20,4.0,28.41,6.79
2009-08-20,5.0,28.4,6.88
2009-08-20,6.0,28.35,6.98
2009-08-20,7.0,28.31,6.95
2009-08-20,8.0,27.69,6.93
2009-08-20,9.0,23.33,8.04
2009-08-20,10.0,20.5,7.09
2009-08-20,11.0,18.39,6.75
2009-08-20,12.0,16.74,6.08
2009-08-20,13.0,15.26,5.52
2009-08-20,14.0,14.19,4.68
2009-08-20,15.0,13.22,4.65
2009-08-20,16.0,12.6,4.63
2009-08-20,17.0,12.01,4.25
2009-08-20,18.0,11.52,4.12
2009-08-20,19.0,11.06,3.92
2009-08-20,20.0,10.67,3.73
2009-08-20,22.0,10.05,3.68
2009-08-20,24.0,9.57,3.58
2009-08-20,26.0,9.31,3.33
2009-08-20,28.0,8.92,2.95
2009-08-20,30.0,8.71,2.52
2009-08-20,35.0,8.52,1.59
2009-08-20,40.0,8.44,1.32
2009-08-20,40.8,8.45,0.21
2009-09-23,0.1,24.81,7.63
2009-09-23,1.0,24.74,7.52
2009-09-23,2.0,24.72,7.51
2009-09-23,3.0,24.64,7.53
2009-09-23,4.0,24.56,7.53
2009-09-23,5.0,24.52,7.34
2009-09-23,6.0,24.51,7.4
2009-09-23,7.0,24.5,7.51
2009-09-23,8.0,24.49,7.27
2009-09-23,9.0,24.49,7.31
2009-09-23,10.0,24.47,7.42
2009-09-23,11.0,24.34,7.34
2009-09-23,12.0,24.26,7.45
2009-09-23,13.0,23.84,6.84
2009-09-23,14.0,18.0,3.83
2009-09-23,15.0,15.79,3.11
2009-09-23,16.0,14.5,2.79
2009-09-23,17.0,13.72,2.83
2009-09-23,18.0,12.97,2.88
2009-09-23,19.0,12.3,2.86
2009-09-23,20.0,11.76,2.66
2009-09-23,22.0,10.95,2.49
2009-09-23,24.0,10.43,2.27
2009-09-23,26.0,9.92,2.2
2009-09-23,28.0,9.53,1.92
2009-09-23,30.0,9.2,1.54
2009-09-23,35.0,8.72,0.59
2009-09-23,40.0,8.65,0.23
2009-09-23,45.0,8.62,0.14
2009-10-21,0.1,19.09,7.62
2009-10-21,1.0,18.95,7.58
2009-10-21,2.0,18.89,7.18
2009-10-21,3.0,18.87,7.05
2009-10-21,4.0,18.83,7.63
2009-10-21,5.0,18.83,7.1
2009-10-21,6.0,18.82,7.16
2009-10-21,7.0,18.81,7.05
2009-10-21,8.0,18.8,7.19
2009-10-21,9.0,18.8,7.1
2009-10-21,10.0,18.79,7.22
2009-10-21,11.0,18.79,6.71
2009-10-21,12.0,18.78,7.09
2009-10-21,13.0,18.78,7.13
2009-10-21,14.0,18.77,7.15
2009-10-21,15.0,18.74,6.68
2009-10-21,16.0,18.6,6.24
2009-10-21,17.0,16.23,2.33
2009-10-21,18.0,14.88,1.24
2009-10-21,19.0,13.71,1.21
2009-10-21,20.0,13.06,1.27
2009-10-21,22.0,12.14,1.23
2009-10-21,24.0,11.13,1.07
2009-10-21,26.0,10.61,1.02
2009-10-21,28.0,10.12,0.92
2009-10-21,30.0,9.72,0.68
2009-10-21,35.0,9.11,0.11
2009-10-21,40.0,8.88,0.09
2009-10-21,45.0,8.82,0.13
2010-04-13,0.1,18.51,10.7
2010-04-13,1.0,17.87,10.82
2010-04-13,2.0,17.41,10.88
2010-04-13,3.0,17.14,10.85
2010-04-13,4.0,16.63,11.03
2010-04-13,5.0,14.87,11.25
2010-04-13,6.0,12.83,11.52
2010-04-13,7.0,11.53,11.6
2010-04-13,8.0,10.67,11.69
2010-04-13,9.0,10.12,11.65
2010-04-13,10.0,9.5,11.65
2010-04-13,11.0,9.2,11.5
2010-04-13,12.0,9.05,11.38
2010-04-13,13.0,8.83,11.29
2010-04-13,14.0,8.7,11.09
2010-04-13,15.0,8.36,11.05
2010-04-13,16.0,8.09,10.77
2010-04-13,17.0,7.66,10.74
2010-04-13,18.0,7.43,10.57
2010-04-13,19.0,7.23,10.5
2010-04-13,20.0,7.02,10.39
2010-04-13,22.0,6.75,10.19
2010-04-13,24.0,6.63,10.11
2010-04-13,26.0,6.54,10.09
2010-04-13,28.0,6.35,10.02
2010-04-13,30.0,6.31,9.95
2010-04-13,35.0,6.14,9.89
2010-04-13,40.0,6.08,9.38
2010-04-13,44.9,6.2,0.48
2010-05-20,0.1,22.17,9.55
2010-05-20,1.0,22.16,9.55
2010-05-20,2.0,22.11,9.58
2010-05-20,3.0,22.04,9.65
2010-05-20,4.0,22.0,9.65
2010-05-20,5.0,21.94,9.72
2010-05-20,6.0,19.13,10.24
2010-05-20,7.0,18.27,10.43
2010-05-20,8.0,17.62,9.93
2010-05-20,9.0,16.54,9.96
2010-05-20,10.0,14.94,9.92
2010-05-20,11.0,13.24,9.83
2010-05-20,12.0,12.04,9.91
2010-05-20,13.0,10.51,9.82
2010-05-20,14.0,9.72,9.67
2010-05-20,15.0,9.51,9.44
2010-05-20,16.0,9.04,9.3
2010-05-20,17.0,8.86,9.24
2010-05-20,18.0,8.67,9.11
2010-05-20,19.0,8.51,9.0
2010-05-20,20.0,8.25,8.87
2010-05-20,22.0,8.0,8.63
2010-05-20,24.0,7.8,8.59
2010-05-20,26.0,7.53,8.5
2010-05-20,28.0,7.27,8.48
2010-05-20,30.0,7.04,8.43
2010-05-20,35.0,6.78,8.06
2010-05-20,40.0,6.67,7.63
2010-05-20,45.0,6.67,7.53
2010-05-20,47.2,6.73,6.77
2010-06-10,0.1,26.37,8.29
2010-06-10,1.0,26.37,8.33
2010-06-10,2.0,26.37,8.31
2010-06-10,3.0,26.31,8.32
2010-06-10,4.0,26.23,8.29
2010-06-10,5.0,24.22,9.0
2010-06-10,6.0,21.95,9.52
2010-06-10,7.0,19.83,9.77
2010-06-10,8.0,17.77,9.85
2010-06-10,9.0,16.5,9.64
2010-06-10,10.0,14.83,9.49
2010-06-10,11.0,13.56,8.96
2010-06-10,12.0,12.22,8.48
2010-06-10,13.0,10.8,8.13
2010-06-10,14.0,9.95,8.04
2010-06-10,15.0,9.55,7.98
2010-06-10,16.0,9.28,7.99
2010-06-10,17.0,9.09,7.99
2010-06-10,18.0,8.66,7.97
2010-06-10,19.0,8.61,7.81
2010-06-10,20.0,8.51,7.75
2010-06-10,22.0,8.3,7.69
2010-06-10,24.0,8.16,7.66
2010-06-10,26.0,7.87,7.74
2010-06-10,28.0,7.48,7.79
2010-06-10,30.0,7.19,7.67
2010-06-10,35.0,6.93,7.14
2010-06-10,40.0,6.87,6.9
2010-06-10,42.6,6.88,6.65
2010-07-20,0.1,29.6,8.13
2010-07-20,1.0,29.59,8.13
2010-07-20,2.0,29.53,8.14
2010-07-20,3.0,29.49,8.13
2010-07-20,4.0,29.42,8.14
2010-07-20,5.0,28.88,8.58
2010-07-20,6.0,26.86,10.05
2010-07-20,7.0,24.82,10.52
2010-07-20,8.0,23.06,10.25
2010-07-20,9.0,20.85,9.81
2010-07-20,10.0,18.63,8.1
2010-07-20,11.0,16.9,7.0
2010-07-20,12.0,15.33,6.52
2010-07-20,13.0,13.88,6.12
2010-07-20,14.0,12.68,6.11
2010-07-20,15.0,11.52,6.22
2010-07-20,16.0,10.43,6.28
2010-07-20,17.0,10.03,6.28
2010-07-20,18.0,9.63,6.08
2010-07-20,19.0,9.32,5.95
2010-07-20,20.0,9.13,6.02
2010-07-20,22.0,8.99,6.02
2010-07-20,24.0,8.8,6.1
2010-07-20,26.0,8.58,6.23
2010-07-20,28.0,8.3,6.4
2010-07-20,30.0,7.94,6.33
2010-07-20,35.0,7.42,5.55
2010-07-20,40.0,7.29,5.11
2010-07-20,43.5,7.29,4.26
2010-08-12,0.1,31.49,8.11
2010-08-12,1.0,31.49,8.13
2010-08-12,2.0,31.5,8.12
2010-08-12,3.0,31.49,8.13
2010-08-12,4.0,31.35,8.3
2010-08-12,5.0,31.02,8.31
2010-08-12,6.0,30.36,8.22
2010-08-12,7.0,28.79,8.49
2010-08-12,8.0,25.92,9.52
2010-08-12,9.0,22.74,8.98
2010-08-12,10.0,20.64,8.1
2010-08-12,11.0,18.58,6.7
2010-08-12,12.0,16.42,5.05
2010-08-12,13.0,14.48,4.61
2010-08-12,14.0,13.06,4.68
2010-08-12,15.0,12.13,4.7
2010-08-12,16.0,11.26,4.73
2010-08-12,17.0,10.49,4.74
2010-08-12,18.0,9.96,4.84
2010-08-12,19.0,9.59,5.02
2010-08-12,20.0,9.45,5.03
2010-08-12,22.0,9.24,5.08
2010-08-12,24.0,9.04,5.17
2010-08-12,26.0,8.77,5.5
2010-08-12,28.0,8.54,5.63
2010-08-12,30.0,8.18,5.42
2010-08-12,35.0,7.6,4.32
2010-08-12,40.0,7.48,3.86
2010-08-12,42.8,7.47,2.46
2010-09-15,0.1,27.35,
2010-09-15,1.0,27.35,
2010-09-15,2.0,27.32,
2010-09-15,3.0,27.35,
2010-09-15,4.0,27.35,
2010-09-15,5.0,27.35,
2010-09-15,6.0,27.34,
2010-09-15,7.0,27.26,
2010-09-15,8.0,27.22,
2010-09-15,9.0,27.19,
2010-09-15,10.0,26.14,
2010-09-15,11.0,22.72,
2010-09-15,12.0,19.8,
2010-09-15,13.0,17.88,
2010-09-15,14.0,16.12,
2010-09-15,15.0,14.14,
2010-09-15,16.0,12.91,
2010-09-15,17.0,12.0,
2010-09-15,18.0,11.06,
2010-09-15,19.0,10.41,
2010-09-15,20.0,10.03,
2010-09-15,22.0,9.8,
2010-09-15,24.0,9.56,
2010-09-15,26.0,9.32,
2010-09-15,28.0,8.96,
2010-09-15,30.0,8.56,
2010-09-15,35.0,7.8,
2010-09-15,40.0,7.66,
2010-09-15,45.0,7.64,
2010-10-21,0.1,20.93,8.34
2010-10-21,1.0,20.93,8.32
2010-10-21,2.0,20.94,8.31
2010-10-21,3.0,20.94,8.3
2010-10-21,4.0,20.93,8.29
2010-10-21,5.0,20.93,8.26
2010-10-21,6.0,20.93,8.22
2010-10-21,7.0,20.93,8.19
2010-10-21,8.0,20.92,8.18
2010-10-21,9.0,20.92,8.19
2010-10-21,10.0,20.92,8.17
2010-10-21,11.0,20.92,8.15
2010-10-21,12.0,20.9,8.1
2010-10-21,13.0,20.35,4.87
2010-10-21,14.0,17.92,0.26
2010-10-21,15.0,15.8,0.15
2010-10-21,16.0,14.27,0.17
2010-10-21,17.0,12.68,0.49
2010-10-21,18.0,11.86,0.79
2010-10-21,19.0,11.19,1.2
2010-10-21,20.0,10.76,1.26
2010-10-21,22.0,10.35,1.54
2010-10-21,24.0,10.15,1.64
2010-10-21,26.0,9.87,1.94
2010-10-21,28.0,9.57,2.14
2010-10-21,30.0,9.23,2.15
2010-10-21,35.0,8.38,0.77
2010-10-21,40.0,8.22,0.21
2010-10-21,45.0,8.19,0.12
2010-10-21,45.6,8.2,0.11
2011-04-19,0.1,16.41,10.46
2011-04-19,1.0,16.11,10.56
2011-04-19,2.0,15.83,10.57
2011-04-19,3.0,15.45,10.63
2011-04-19,4.0,15.21,10.62
2011-04-19,5.0,14.87,10.63
2011-04-19,6.0,14.33,10.66
2011-04-19,7.0,14.1,10.53
2011-04-19,8.0,14.02,10.46
2011-04-19,9.0,13.9,10.4
2011-04-19,10.0,13.51,10.35
2011-04-19,11.0,12.86,10.23
2011-04-19,12.0,12.56,10.21
2011-04-19,13.0,11.97,10.04
2011-04-19,14.0,11.8,9.96
2011-04-19,15.0,11.57,9.83
2011-04-19,16.0,10.98,9.58
2011-04-19,17.0,10.53,9.26
2011-04-19,18.0,9.92,9.08
2011-04-19,19.0,9.5,8.77
2011-04-19,20.0,9.27,8.68
2011-04-19,22.0,8.72,8.42
2011-04-19,24.0,8.49,8.16
2011-04-19,26.0,8.22,8.11
2011-04-19,28.0,7.9,8.05
2011-04-19,30.0,7.69,7.93
2011-04-19,35.0,7.31,7.5
2011-04-19,40.0,7.11,7.01
2011-04-19,45.06,7.08,6.5
2011-05-18,0.1,19.13,9.56
2011-05-18,1.0,19.18,9.53
2011-05-18,2.0,19.05,9.58
2011-05-18,3.0,18.98,9.59
2011-05-18,4.0,18.96,9.6
2011-05-18,5.0,18.94,9.61
2011-05-18,6.0,18.92,9.6
2011-05-18,7.0,18.22,9.93
2011-05-18,8.0,17.9,10.3
2011-05-18,9.0,16.37,9.89
2011-05-18,10.0,15.86,9.64
2011-05-18,11.0,15.35,9.31
2011-05-18,12.0,14.76,9.06
2011-05-18,13.0,13.96,8.82
2011-05-18,14.0,13.4,8.61
2011-05-18,15.0,12.98,8.21
2011-05-18,16.0,12.5,7.87
2011-05-18,17.0,12.13,7.56
2011-05-18,18.0,11.51,7.31
2011-05-18,19.0,10.87,7.07
2011-05-18,20.0,10.64,6.87
2011-05-18,22.0,9.69,6.55
2011-05-18,24.0,9.48,6.44
2011-05-18,26.0,9.2,6.48
2011-05-18,28.0,8.87,6.56
2011-05-18,30.0,8.59,6.52
2011-05-18,35.0,7.93,5.74
2011-05-18,40.0,7.77,5.21
2011-05-18,45.0,7.77,5.06
2011-05-18,45.87,7.82,1.72
2011-06-01,0.1,27.93,8.86
2011-06-01,1.0,27.79,8.86
2011-06-01,2.0,27.65,8.83
2011-06-01,3.0,27.28,9.05
2011-06-01,4.0,25.45,9.57
2011-06-01,5.0,23.61,10.07
2011-06-01,6.0,21.37,10.7
2011-06-01,7.0,20.17,10.88
2011-06-01,8.0,19.38,10.74
2011-06-01,9.0,18.18,10.25
2011-06-01,10.0,17.28,9.33
2011-06-01,11.0,16.47,9.28
2011-06-01,12.0,15.72,8.96
2011-06-01,13.0,14.59,8.27
2011-06-01,14.0,13.86,8.29
2011-06-01,15.0,13.35,7.92
2011-06-01,16.0,12.8,7.47
2011-06-01,17.0,12.29,7.26
2011-06-01,18.0,11.79,6.97
2011-06-01,19.0,11.11,6.71
2011-06-01,20.0,10.72,6.67
2011-06-01,21.0,10.23,6.44
2011-06-01,22.0,9.96,6.36
2011-06-01,23.0,9.67,6.29
2011-06-01,24.0,9.39,6.34
2011-06-01,25.0,9.17,6.42
2011-06-01,26.0,9.09,6.31
2011-06-01,27.0,8.95,6.33
2011-06-01,28.0,8.75,6.33
2011-06-01,30.0,8.37,6.25
2011-06-01,35.0,7.86,5.17
2011-06-01,40.0,7.78,4.7
2011-06-01,45.0,7.76,4.33
2011-06-01,45.93,7.77,0.56
2011-07-13,0.15,31.06,8.48
2011-07-13,1.0,30.95,8.51
2011-07-13,2.0,30.78,8.53
2011-07-13,3.0,30.68,8.54
2011-07-13,4.0,30.6,8.52
2011-07-13,5.0,29.6,8.52
2011-07-13,6.0,28.01,9.19
2011-07-13,7.0,25.37,9.86
2011-07-13,8.0,23.12,10.28
2011-07-13,9.0,20.85,9.75
2011-07-13,10.0,19.23,8.44
2011-07-13,11.0,18.61,7.62
2011-07-13,12.0,17.5,6.52
2011-07-13,13.0,16.37,5.55
2011-07-13,14.0,15.17,5.09
2011-07-13,15.0,14.46,4.82
2011-07-13,16.0,13.74,4.64
2011-07-13,17.0,13.05,4.57
2011-07-13,18.0,12.42,4.41
2011-07-13,19.0,11.86,4.31
2011-07-13,20.0,11.26,4.13
2011-07-13,21.0,10.95,4.08
2011-07-13,22.0,10.8,4.01
2011-07-13,23.0,10.52,3.99
2011-07-13,24.0,10.41,3.93
2011-07-13,25.0,10.3,3.93
2011-07-13,26.0,10.12,3.91
2011-07-13,27.0,9.91,4.17
2011-07-13,28.0,9.61,4.26
2011-07-13,29.0,9.45,4.35
2011-07-13,30.0,9.23,4.18
2011-07-13,31.0,8.96,3.75
2011-07-13,32.0,8.76,3.5
2011-07-13,33.0,8.53,3.26
2011-07-13,34.0,8.41,2.96
2011-07-13,35.0,8.29,2.64
2011-07-13,45.23,8.22,0.13
2011-08-09,0.1,29.57,7.94
2011-08-09,1.0,29.58,7.94
2011-08-09,2.1,29.58,7.89
2011-08-09,3.0,29.58,7.89
2011-08-09,4.0,29.57,7.87
2011-08-09,5.1,29.56,7.9
2011-08-09,5.9,28.25,8.24
2011-08-09,7.1,26.61,8.71
2011-08-09,7.9,25.14,8.83
2011-08-09,9.2,22.79,8.39
2011-08-09,10.2,21.18,6.83
2011-08-09,11.1,19.88,5.8
2011-09-08,0.3,26.19,7.8
2011-09-08,1.0,26.19,7.79
2011-09-08,2.0,26.18,7.8
2011-09-08,3.0,26.17,7.77
2011-09-08,4.0,26.16,7.76
2011-09-08,5.0,26.15,7.73
2011-09-08,6.0,26.15,7.71
2011-09-08,7.0,26.15,7.68
2011-09-08,8.0,26.14,7.67
2011-09-08,9.0,26.14,7.62
2011-09-08,10.0,22.93,4.5
2011-09-08,11.0,21.26,3.24
2011-09-08,12.0,19.86,2.46
2011-09-08,13.0,18.36,1.52
2011-09-08,14.0,17.47,1.24
2011-09-08,15.0,16.16,1.07
2011-09-08,16.0,15.26,1.06
2011-09-08,17.0,14.52,1.11
2011-09-08,18.0,13.64,1.12
2011-09-08,19.0,13.16,1.24
2011-09-08,20.0,12.52,1.47
2011-09-08,21.0,12.22,1.53
2011-09-08,23.0,11.69,1.56
2011-09-08,25.0,11.42,1.63
2011-09-08,27.0,11.07,1.76
2011-09-08,29.0,10.54,2.0
2011-09-08,30.0,10.35,2.0
2011-09-08,35.0,9.2,0.28
2011-09-08,40.0,8.93,0.11
2011-09-08,44.5,8.81,0.08
2011-10-06,0.13,21.98,8.39
2011-10-06,1.09,21.98,8.38
2011-10-06,2.05,21.97,8.4
2011-10-06,3.09,21.97,8.39
2011-10-06,4.05,21.96,8.38
2011-10-06,5.01,21.96,8.39
2011-10-06,6.06,21.94,8.37
2011-10-06,6.98,21.94,8.35
2011-10-06,8.05,21.94,8.33
2011-10-06,9.03,21.94,8.32
2011-10-06,10.06,21.89,8.13
2011-10-06,10.99,21.82,7.86
2011-10-06,11.96,21.72,7.74
2011-10-06,13.05,21.69,7.59
2011-10-06,14.02,21.62,7.41
2011-10-06,15.11,20.08,2.35
2011-10-06,16.02,17.82,0.0
2011-10-06,17.07,15.83,0.01
2011-10-06,18.0,14.89,0.0
2011-10-06,18.98,14.02,0.0
2011-10-06,20.08,13.16,0.27
2011-10-06,22.03,12.26,0.52
2011-10-06,23.89,11.86,0.62
2011-10-06,25.19,11.66,0.65
2012-04-16,0.2,18.36,9.97
2012-04-16,1.0,18.27,10.0
2012-04-16,2.0,18.18,10.05
2012-04-16,3.0,17.95,10.16
2012-04-16,4.0,17.51,10.22
2012-04-16,5.0,17.33,10.21
2012-04-16,6.0,17.05,10.26
2012-04-16,7.1,16.63,10.3
2012-04-16,8.0,15.78,10.32
2012-04-16,9.0,13.36,10.49
2012-04-16,10.1,12.15,10.18
2012-04-16,11.0,11.66,9.8
2012-04-16,12.0,11.26,9.48
2012-04-16,13.0,10.9,9.0
2012-04-16,14.0,10.79,8.76
2012-04-16,15.1,10.7,8.64
2012-04-16,16.0,10.65,8.45
2012-04-16,17.0,10.49,8.12
2012-04-16,18.0,10.49,7.91
2012-04-16,19.1,10.46,7.84
2012-04-16,19.9,10.4,7.86
2012-04-16,21.1,10.34,7.86
2012-04-16,21.9,10.32,7.83
2012-04-16,23.0,10.25,7.89
2012-04-16,23.9,10.16,7.89
2012-04-16,25.0,10.07,7.92
2012-04-16,26.1,9.99,7.89
2012-04-16,26.9,9.93,7.89
2012-04-16,28.0,9.87,7.82
2012-04-16,29.0,9.8,7.65
2012-04-16,30.0,9.73,7.58
2012-04-16,35.1,9.44,6.42
2012-04-16,40.0,9.39,5.78
2012-04-16,44.9,9.37,0.08
2012-05-15,0.1,22.05,9.21
2012-05-15,1.0,21.8,9.23
2012-05-15,2.0,21.68,9.24
2012-05-15,3.0,21.58,9.22
2012-05-15,4.0,21.52,9.23
2012-05-15,5.0,21.47,9.19
2012-05-15,6.0,21.44,9.12
2012-05-15,7.0,18.46,9.84
2012-05-15,8.0,17.64,9.77
2012-05-15,9.0,16.56,9.68
2012-05-15,10.0,15.23,9.19
2012-05-15,11.0,13.98,8.63
2012-05-15,12.0,12.94,8.36
2012-05-15,13.0,11.61,7.97
2012-05-15,14.0,11.28,7.65
2012-05-15,15.0,11.14,7.26
2012-05-15,16.0,10.91,6.87
2012-05-15,17.0,10.78,6.75
2012-05-15,18.0,10.68,6.52
2012-05-15,19.0,10.6,6.38
2012-05-15,20.0,10.51,6.3
2012-05-15,22.0,10.42,6.29
2012-05-15,24.0,10.3,6.39
2012-05-15,26.0,10.12,6.43
2012-05-15,28.0,9.88,6.34
2012-05-15,30.0,9.72,5.97
2012-05-15,35.0,9.35,4.45
2012-05-15,40.0,9.27,3.77
2012-05-15,44.6,9.25,2.1
2012-06-05,0.1,24.3,8.69
2012-06-05,1.0,24.35,8.69
2012-06-05,2.0,24.32,8.69
2012-06-05,3.0,24.36,8.65
2012-06-05,4.0,24.37,8.62
2012-06-05,5.0,24.21,8.76
2012-06-05,6.0,21.5,10.18
2012-06-05,7.0,19.7,10.42
2012-06-05,8.0,18.49,10.38
2012-06-05,9.0,17.6,10.08
2012-06-05,10.0,16.23,9.6
2012-06-05,11.0,15.09,9.06
2012-06-05,12.0,13.83,8.47
2012-06-05,13.0,12.9,7.85
2012-06-05,14.0,12.02,7.3
2012-06-05,15.0,11.55,6.93
2012-06-05,16.0,11.19,6.3
2012-06-05,17.0,11.03,6.06
2012-06-05,18.0,10.87,5.71
2012-06-05,19.0,10.83,5.58
2012-06-05,20.0,10.75,5.5
2012-06-05,21.0,10.63,5.44
2012-06-05,22.0,10.59,5.43
2012-06-05,23.0,10.55,5.45
2012-06-05,24.0,10.45,5.53
2012-06-05,26.0,10.36,5.56
2012-06-05,28.0,10.17,5.77
2012-06-05,30.0,9.92,5.43
2012-06-05,35.0,9.43,3.59
2012-06-05,37.8,9.4,3.12
2012-07-24,0.0,31.06,8.48
2012-07-24,1.0,30.95,8.51
2012-07-24,2.0,30.78,8.53
2012-07-24,3.0,30.68,8.54
2012-07-24,4.0,30.6,8.52
2012-07-24,5.0,29.6,8.52
2012-07-24,6.0,28.01,9.19
2012-07-24,7.0,25.37,9.86
2012-07-24,8.0,23.12,10.28
2012-07-24,9.0,20.85,9.75
2012-07-24,10.0,19.23,8.44
2012-07-24,11.0,18.61,7.62
2012-07-24,12.0,17.5,6.52
2012-07-24,13.0,16.37,5.55
2012-07-24,14.0,15.17,5.09
2012-07-24,15.0,14.46,4.82
2012-07-24,16.0,13.74,4.64
2012-07-24,17.0,13.05,4.57
2012-07-24,18.0,12.42,4.41
2012-07-24,19.0,11.86,4.31
2012-07-24,20.0,11.26,4.13
2012-07-24,21.0,10.95,4.08
2012-07-24,22.0,10.8,4.01
2012-07-24,23.0,10.52,3.99
2012-07-24,24.0,10.41,3.93
2012-07-24,25.0,10.3,3.93
2012-07-24,26.0,10.12,3.91
2012-07-24,27.0,9.91,4.17
2012-07-24,28.0,9.61,4.26
2012-07-24,29.0,9.45,4.35
2012-07-24,30.0,9.22,4.18
2012-07-24,31.0,8.9,3.75
2012-07-24,32.0,8.76,3.5
2012-07-24,33.0,8.53,3.26
2012-07-24,34.0,8.41,2.96
2012-07-24,35.0,8.29,2.64
2012-07-24,45.0,8.22,0.13
2012-08-16,0.1,27.92,8.48
2012-08-16,1.0,27.87,8.49
2012-08-16,2.0,27.84,8.48
2012-08-16,3.0,27.79,8.48
2012-08-16,4.0,27.72,8.42
2012-08-16,5.0,27.68,8.4
2012-08-16,6.0,27.65,8.38
2012-08-16,7.0,27.64,8.36
2012-08-16,8.0,27.47,8.33
2012-08-16,9.0,24.13,9.13
2012-08-16,10.0,22.33,8.59
2012-08-16,11.0,20.32,7.83
2012-08-16,12.0,18.5,7.17
2012-08-16,13.0,16.66,6.29
2012-08-16,14.0,15.47,5.75
2012-08-16,15.0,14.4,5.04
2012-08-16,16.0,13.46,4.55
2012-08-16,17.0,12.67,3.96
2012-08-16,18.0,12.06,2.71
2012-08-16,19.0,11.76,2.73
2012-08-16,20.0,11.61,2.58
2012-08-16,22.0,11.43,2.57
2012-08-16,24.0,11.24,2.64
2012-08-16,26.0,11.05,2.97
2012-08-16,28.0,10.77,2.95
2012-08-16,30.0,10.54,2.62
2012-08-16,35.0,10.0,0.62
2012-08-16,40.0,9.88,0.13
2012-08-16,43.2,9.79,0.1
2012-09-13,0.1,26.31,8.41
2012-09-13,1.0,26.3,8.37
2012-09-13,2.0,26.31,8.4
2012-09-13,3.0,26.31,8.32
2012-09-13,4.0,26.27,8.37
2012-09-13,5.0,26.25,8.33
2012-09-13,6.0,26.22,8.38
2012-09-13,7.0,26.22,8.39
2012-09-13,8.0,26.21,8.36
2012-09-13,9.0,26.21,8.35
2012-09-13,10.0,26.2,8.34
2012-09-13,11.0,26.19,8.36
2012-09-13,12.0,23.68,6.09
2012-09-13,13.0,20.14,5.18
2012-09-13,14.0,17.4,3.82
2012-09-13,16.0,14.36,2.88
2012-09-13,17.0,13.36,2.38
2012-09-13,18.0,12.69,1.86
2012-09-13,19.0,12.3,1.38
2012-09-13,20.0,12.12,1.42
2012-09-13,22.0,11.91,1.43
2012-09-13,24.0,11.73,1.55
2012-09-13,26.0,11.49,1.75
2012-09-13,28.0,11.2,1.73
2012-09-13,30.0,10.88,0.96
2012-09-13,35.0,10.43,0.0
2012-09-13,39.9,10.32,0.0
2012-10-25,0.1,20.81,8.8
2012-10-25,1.0,20.79,8.87
2012-10-25,2.0,20.77,8.82
2012-10-25,3.0,20.68,8.8
2012-10-25,4.0,20.64,8.78
2012-10-25,5.0,20.6,8.82
2012-10-25,6.0,20.58,8.8
2012-10-25,7.0,20.49,8.66
2012-10-25,8.0,20.41,8.42
2012-10-25,9.0,20.35,8.36
2012-10-25,10.0,20.32,8.11
2012-10-25,11.0,20.3,8.09
2012-10-25,12.0,20.29,8.1
2012-10-25,13.0,20.23,8.02
2012-10-25,14.0,20.12,7.75
2012-10-25,15.0,19.79,6.81
2012-10-25,16.0,17.77,0.39
2012-10-25,17.0,16.04,0.13
2012-10-25,18.0,14.45,0.03
2012-10-25,19.0,13.76,0.06
2012-10-25,20.0,13.06,0.07
2012-10-25,22.0,12.69,0.05
2012-10-25,24.0,12.45,0.05
2012-10-25,26.0,12.1,0.16
2012-10-25,28.0,11.76,0.29
2012-10-25,30.0,11.46,0.0
2012-10-25,35.0,10.83,0.0
2012-10-25,40.0,10.69,0.0
2013-04-24,0.1,16.5,10.02
2013-04-24,1.0,16.52,10.0
2013-04-24,2.0,16.11,10.09
2013-04-24,3.0,15.79,10.09
2013-04-24,4.0,15.39,10.08
2013-04-24,5.0,15.2,10.1
2013-04-24,6.1,15.13,10.17
2013-04-24,7.0,14.95,10.12
2013-04-24,7.9,14.81,10.05
2013-04-24,9.2,14.43,10.15
2013-04-24,10.0,14.08,10.11
2013-04-24,11.0,12.71,10.3
2013-04-24,12.0,10.97,10.29
2013-04-24,12.9,10.44,10.13
2013-04-24,14.0,10.19,9.98
2013-04-24,14.9,10.08,10.01
2013-04-24,16.3,9.88,9.72
2013-04-24,17.2,9.85,9.96
2013-04-24,18.1,9.67,9.7
2013-04-24,19.1,9.66,9.58
2013-04-24,20.0,9.6,9.63
2013-04-24,22.1,9.49,9.87
2013-04-24,24.0,9.42,9.81
2013-04-24,24.2,9.41,9.79
2013-04-24,26.0,9.38,9.75
2013-04-24,28.0,9.32,9.66
2013-04-24,30.3,9.16,9.59
2013-04-24,35.0,9.01,9.5
2013-04-24,39.8,8.85,9.13
2013-04-24,43.5,8.79,0.06
2013-05-07,0.1,16.17,9.76
2013-05-07,1.0,16.17,9.75
2013-05-07,2.0,16.13,9.93
2013-05-07,3.0,16.11,9.75
2013-05-07,4.0,16.09,9.67
2013-05-07,5.0,16.08,9.79
2013-05-07,6.0,15.97,9.52
2013-05-07,7.0,15.9,9.62
2013-05-07,8.1,15.82,9.53
2013-05-07,9.0,15.75,9.62
2013-05-07,9.9,15.64,9.55
2013-05-07,11.0,15.54,9.51
2013-05-07,12.0,15.28,9.64
2013-05-07,13.0,14.68,9.64
2013-05-07,14.0,12.44,9.52
2013-05-07,15.0,11.31,9.64
2013-05-07,16.0,10.64,9.6
2013-05-07,17.0,10.16,9.31
2013-05-07,18.0,9.89,9.27
2013-05-07,19.0,9.78,9.3
2013-05-07,20.0,9.76,9.35
2013-05-07,22.0,9.61,9.24
2013-05-07,24.0,9.53,9.2
2013-05-07,26.0,9.53,9.31
2013-05-07,28.0,9.38,9.17
2013-05-07,30.0,9.36,9.18
2013-05-07,35.0,9.18,8.89
2013-05-07,40.0,9.07,8.61
2013-05-07,43.7,9.04,7.7
2013-06-25,0.1,24.3,8.69
2013-06-25,1.0,24.35,8.69
2013-06-25,2.0,24.32,8.69
2013-06-25,3.0,24.36,8.65
2013-06-25,4.1,24.37,8.62
2013-06-25,5.1,24.21,8.76
2013-06-25,6.0,21.5,10.18
2013-06-25,7.0,19.7,10.42
2013-06-25,8.0,18.49,10.38
2013-06-25,9.0,17.6,10.08
2013-06-25,10.0,16.23,9.6
2013-06-25,11.0,15.09,9.06
2013-06-25,12.0,13.83,8.47
2013-06-25,13.0,12.9,7.85
2013-06-25,14.0,12.02,7.3
2013-06-25,15.0,11.55,6.93
2013-06-25,16.0,11.19,6.3
2013-06-25,16.9,11.03,6.06
2013-06-25,18.1,10.87,5.71
2013-06-25,19.0,10.83,5.58
2013-06-25,20.0,10.75,5.5
2013-06-25,21.0,10.63,5.44
2013-06-25,22.0,10.59,5.43
2013-06-25,23.1,10.55,5.45
2013-06-25,24.0,10.45,5.53
2013-06-25,26.0,10.36,5.56
2013-06-25,28.1,10.17,5.77
2013-06-25,30.0,9.92,5.43
2013-06-25,35.3,9.43,3.59
2013-06-25,37.8,9.4,3.12
2013-07-17,0.2,26.97,8.32
2013-07-17,1.0,26.95,8.31
2013-07-17,2.0,26.92,8.27
2013-07-17,3.0,26.92,8.24
2013-07-17,4.0,26.88,8.22
2013-07-17,5.0,26.87,8.25
2013-07-17,6.0,26.83,8.25
2013-07-17,7.0,26.72,8.2
2013-07-17,8.0,26.52,8.08
2013-07-17,9.0,26.42,7.88
2013-07-17,10.0,26.0,7.25
2013-07-17,12.0,18.92,5.78
2013-07-17,13.0,17.02,4.8
2013-07-17,14.0,16.24,4.65
2013-07-17,15.0,15.31,3.97
2013-07-17,16.0,14.85,4.12
2013-07-17,17.0,14.36,4.42
2013-07-17,18.0,13.59,4.72
2013-07-17,19.0,12.99,4.74
2013-07-17,20.0,12.46,4.94
2013-07-17,22.0,11.6,4.92
2013-07-17,24.0,11.09,5.23
2013-07-17,26.0,10.66,5.38
2013-07-17,28.0,10.47,5.58
2013-07-17,30.0,10.18,5.62
2013-07-17,35.0,9.64,4.75
2013-08-20,0.1,25.23,7.65
2013-08-20,2.0,25.2,7.63
2013-08-20,3.0,25.18,7.6
2013-08-20,4.0,25.16,7.59
2013-08-20,5.0,25.16,7.6
2013-08-20,6.0,25.16,7.57
2013-08-20,7.0,25.13,7.5
2013-08-20,8.0,25.08,7.45
2013-08-20,9.0,25.07,7.45
2013-08-20,10.0,25.07,7.44
2013-08-20,11.0,25.04,7.41
2013-08-20,12.0,24.99,7.27
2013-08-20,13.0,24.98,1.67
2013-08-20,14.0,20.25,1.05
2013-08-20,15.0,18.94,1.1
2013-08-20,16.0,18.03,1.19
2013-08-20,17.0,16.81,1.65
2013-08-20,18.0,15.98,1.65
2013-08-20,19.0,15.11,2.07
2013-08-20,20.0,14.56,2.06
2013-08-20,22.0,13.23,2.51
2013-08-20,24.0,12.27,2.78
2013-08-20,26.0,11.79,2.89
2013-08-20,28.0,11.33,3.16
2013-08-20,30.0,10.95,3.38
2013-08-20,34.0,10.04,2.26
2013-08-20,40.0,9.59,1.06
2013-08-20,42.4,9.58,0.96
2013-09-24,0.1,24.84,6.57
2013-09-24,1.0,24.84,6.56
2013-09-24,2.0,24.85,6.57
2013-09-24,3.0,24.84,6.57
2013-09-24,4.0,24.84,6.58
2013-09-24,5.0,24.85,6.55
2013-09-24,6.0,24.84,6.53
2013-09-24,7.0,24.84,6.54
2013-09-24,8.0,24.84,6.55
2013-09-24,9.0,24.84,6.54
2013-09-24,10.0,24.85,6.53
2013-09-24,11.0,24.85,6.52
2013-09-24,12.0,24.84,6.55
2013-09-24,13.0,24.84,6.52
2013-09-24,14.0,22.76,0.24
2013-09-24,15.0,21.93,0.02
2013-09-24,16.0,20.81,0.01
2013-09-24,17.0,20.04,0.01
2013-09-24,18.0,19.1,0.01
2013-09-24,19.0,17.85,0.01
2013-09-24,20.0,17.1,0.0
2013-09-24,22.0,15.08,0.25
2013-09-24,24.0,13.8,0.41
2013-09-24,26.0,12.96,0.73
2013-09-24,28.0,12.6,0.75
2013-09-24,30.0,12.09,0.92
2013-09-24,35.0,10.68,0.02
2013-09-24,40.0,10.11,0.0
2013-09-24,40.5,10.09,0.0
2013-10-25,0.1,21.8,6.28
2013-10-25,1.0,21.83,6.26
2013-10-25,2.0,21.81,6.25
2013-10-25,3.0,21.77,6.26
2013-10-25,4.0,21.76,6.23
2013-10-25,5.0,21.76,6.2
2013-10-25,6.0,21.75,6.18
2013-10-25,7.0,21.75,6.17
2013-10-25,8.0,21.75,6.19
2013-10-25,9.0,21.74,6.14
2013-10-25,10.0,21.74,6.15
2013-10-25,11.0,21.74,6.18
2013-10-25,12.0,21.74,6.16
2013-10-25,13.0,21.74,6.16
2013-10-25,14.0,21.73,6.18
2013-10-25,15.0,21.73,6.16
2013-10-25,16.0,21.73,6.18
2013-10-25,17.0,21.38,4.11
2013-10-25,18.0,19.86,0.05
2013-10-25,19.0,19.34,0.01
2013-10-25,20.0,18.45,0.01
2013-10-25,22.0,16.94,0.0
2013-10-25,24.0,15.17,0.0
2013-10-25,26.0,13.97,0.0
2013-10-25,28.0,13.44,0.04
2013-10-25,30.0,13.16,0.0
2013-10-25,35.0,11.59,0.0
2013-10-25,40.0,10.69,0.0
2013-10-25,45.0,10.45,0.0
2014-04-09,0.1,12.35,10.86
2014-04-09,1.0,12.39,10.83
2014-04-09,2.1,12.3,10.84
2014-04-09,3.0,12.21,10.84
2014-04-09,4.0,12.12,10.84
2014-04-09,5.0,12.02,10.81
2014-04-09,6.1,12.01,10.78
2014-04-09,7.1,11.99,10.76
2014-04-09,8.0,11.97,10.75
2014-04-09,9.0,11.9,10.68
2014-04-09,10.0,11.56,10.63
2014-04-09,11.0,11.24,10.62
2014-04-09,12.0,10.97,10.59
2014-04-09,12.7,10.54,10.57
2014-04-09,13.9,9.97,10.39
2014-04-09,14.0,9.98,10.42
2014-04-09,15.1,9.58,10.27
2014-04-09,16.1,9.45,10.13
2014-04-09,17.1,9.3,10.05
2014-04-09,18.0,9.29,9.97
2014-04-09,19.0,9.23,9.94
2014-04-09,20.1,9.11,9.75
2014-04-09,22.1,8.94,9.68
2014-04-09,24.3,8.66,9.5
2014-04-09,26.1,8.47,9.41
2014-04-09,28.1,8.35,9.32
2014-04-09,30.0,8.26,9.24
2014-04-09,31.8,8.08,9.02
2014-05-08,0.1,21.56,9.88
2014-05-08,1.0,20.75,10.05
2014-05-08,2.0,19.83,10.2
2014-05-08,3.0,19.76,10.21
2014-05-08,4.0,19.39,10.27
2014-05-08,5.0,18.5,10.54
2014-05-08,6.0,17.77,10.34
2014-05-08,7.0,17.23,10.51
2014-05-08,8.8,15.25,10.42
2014-05-08,9.0,14.15,10.28
2014-05-08,10.0,13.5,10.07
2014-05-08,11.0,13.28,9.86
2014-05-08,12.0,13.08,9.77
2014-05-08,13.0,12.87,9.61
2014-05-08,14.0,12.45,9.35
2014-05-08,15.0,11.81,9.16
2014-05-08,16.0,11.02,8.85
2014-05-08,17.0,10.71,8.65
2014-05-08,18.0,10.17,8.37
2014-05-08,19.0,9.88,8.3
2014-05-08,20.0,9.7,8.23
2014-05-08,22.0,9.42,8.01
2014-05-08,24.0,9.17,7.89
2014-05-08,26.0,9.01,7.9
2014-05-08,28.0,8.76,7.83
2014-05-08,30.0,8.36,7.68
2014-05-08,35.0,7.94,7.04
2014-05-08,40.0,7.86,6.47
2014-05-08,41.0,7.85,6.41
2014-06-04,0.1,26.55,8.56
2014-06-04,1.0,26.52,8.58
2014-06-04,2.0,26.43,8.64
2014-06-04,3.0,25.62,8.81
2014-06-04,4.0,25.43,8.83
2014-06-04,5.0,23.62,9.51
2014-06-04,6.0,20.26,9.4
2014-06-04,7.0,18.77,8.95
2014-06-04,8.0,17.13,8.79
2014-06-04,9.0,15.62,8.49
2014-06-04,10.0,14.89,8.99
2014-06-04,11.0,14.43,8.16
2014-06-04,12.0,13.44,8.79
2014-06-04,13.0,13.04,7.93
2014-06-04,14.0,12.67,7.67
2014-06-04,15.0,12.31,7.64
2014-06-04,16.0,11.68,7.31
2014-06-04,17.6,11.28,7.25
2014-06-04,18.0,10.79,7.02
2014-06-04,19.0,10.51,6.9
2014-06-04,20.0,10.19,6.84
2014-06-04,22.0,9.89,6.62
2014-06-04,24.0,9.62,6.53
2014-06-04,26.0,9.47,6.46
2014-06-04,28.0,9.24,6.52
2014-06-04,30.0,8.92,6.58
2014-06-04,35.0,8.26,5.9
2014-06-04,40.0,8.07,5.02
2014-06-04,42.0,8.06,4.77
2014-07-15,0.1,28.37,7.99
2014-07-15,1.0,28.36,8.0
2014-07-15,2.0,28.36,7.98
2014-07-15,3.0,28.3,7.98
2014-07-15,4.0,28.24,8.06
2014-07-15,5.0,27.58,8.3
2014-07-15,6.0,26.49,8.74
2014-07-15,7.0,24.37,9.76
2014-07-15,8.0,21.38,9.97
2014-07-15,9.0,19.37,9.59
2014-07-15,10.0,17.8,8.28
2014-07-15,11.0,16.72,7.59
2014-07-15,12.0,15.39,7.21
2014-07-15,13.0,14.47,6.59
2014-07-15,14.0,13.48,6.1
2014-07-15,15.0,13.04,5.93
2014-07-15,16.0,12.45,5.79
2014-07-15,17.0,11.94,5.45
2014-07-15,18.0,11.55,5.3
2014-07-15,19.6,11.12,5.1
2014-07-15,20.0,10.91,4.97
2014-07-15,22.0,10.49,4.81
2014-07-15,24.0,10.29,4.75
2014-07-15,26.0,10.1,4.83
2014-07-15,28.0,9.9,4.93
2014-07-15,30.0,9.52,5.04
2014-07-15,35.0,8.7,3.78
2014-07-15,40.0,8.48,2.98
2014-07-15,45.0,8.43,2.59
2014-08-05,0.1,27.83,8.27
2014-08-05,1.0,27.54,8.27
2014-08-05,2.0,10.45,8.25
2014-08-05,3.0,27.34,8.24
2014-08-05,4.0,27.28,8.25
2014-08-05,5.0,27.08,8.21
2014-08-05,6.0,26.9,8.24
2014-08-05,8.0,26.54,8.21
2014-08-05,9.0,26.26,7.97
2014-08-05,10.0,23.74,7.51
2014-08-05,11.0,18.91,7.45
2014-08-05,12.0,17.14,6.39
2014-08-05,13.0,15.23,5.74
2014-08-05,14.0,14.39,5.33
2014-08-05,15.0,13.6,4.9
2014-08-05,16.0,12.87,4.77
2014-08-05,17.0,12.31,4.68
2014-08-05,18.0,11.95,4.43
2014-08-05,19.0,11.6,4.34
2014-08-05,20.0,11.35,4.13
2014-08-05,22.0,10.88,4.05
2014-08-05,24.0,10.69,4.03
2014-08-05,28.0,10.16,4.34
2014-08-05,30.0,9.74,4.36
2014-08-05,35.0,8.95,2.53
2014-08-05,40.0,8.72,1.57
2014-09-09,0.1,28.21,8.07
2014-09-09,1.0,28.22,8.07
2014-09-09,2.0,28.22,8.04
2014-09-09,3.0,28.22,8.05
2014-09-09,4.0,28.22,8.03
2014-09-09,5.0,28.22,8.03
2014-09-09,6.0,28.22,8.01
2014-09-09,7.0,28.2,7.96
2014-09-09,8.0,28.15,7.89
2014-09-09,9.0,28.12,7.85
2014-09-09,10.0,26.46,5.75
2014-09-09,11.0,23.66,5.7
2014-09-09,12.0,20.89,5.14
2014-09-09,13.0,18.59,4.26
2014-09-09,14.0,16.82,3.86
2014-09-09,15.0,15.23,3.4
2014-09-09,16.0,13.88,2.89
2014-09-09,17.0,13.22,2.68
2014-09-09,18.0,12.63,2.68
2014-09-09,19.0,12.14,2.57
2014-09-09,20.0,11.77,2.5
2014-09-09,22.0,11.42,2.44
2014-09-09,24.0,11.19,2.43
2014-09-09,26.0,10.94,2.68
2014-09-09,28.0,10.67,2.61
2014-09-09,30.0,10.34,2.63
2014-09-09,35.0,9.5,1.31
2014-09-09,40.0,9.19,0.31
2014-09-09,40.2,9.16,0.3
2014-10-21,0.1,20.77,8.39
2014-10-21,1.0,20.75,8.36
2014-10-21,2.1,20.72,8.36
2014-10-21,3.0,20.66,8.31
2014-10-21,3.9,20.64,8.29
2014-10-21,5.0,20.62,8.25
2014-10-21,6.0,20.62,8.22
2014-10-21,7.0,20.62,8.17
2014-10-21,8.0,20.61,8.16
2014-10-21,9.0,20.6,8.14
2014-10-21,10.0,20.6,8.14
2014-10-21,11.0,20.58,7.97
2014-10-21,12.0,20.56,7.79
2014-10-21,13.0,20.55,7.75
2014-10-21,14.1,20.43,7.65
2014-10-21,15.8,19.26,3.05
2014-10-21,16.1,16.39,0.44
2014-10-21,17.0,14.98,0.37
2014-10-21,18.0,13.9,0.49
2014-10-21,19.8,12.61,0.63
2014-10-21,21.9,12.14,0.96
2014-10-21,24.0,11.92,1.01
2014-10-21,26.4,11.72,0.99
2014-10-21,27.9,11.46,1.14
2014-10-21,30.0,11.07,1.24
2014-10-21,34.7,10.17,0.3
2015-04-07,0.1,15.08,10.64
2015-04-07,1.0,14.4,10.75
2015-04-07,2.0,14.24,10.79
2015-04-07,3.0,14.18,10.77
2015-04-07,4.0,14.14,10.72
2015-05-12,0.1,24.74,8.89
2015-05-12,1.0,24.7,8.88
2015-05-12,2.0,24.38,8.99
2015-05-12,3.0,22.78,9.84
2015-05-12,4.0,20.68,10.58
2015-05-12,5.0,19.53,10.46
2015-05-12,6.0,18.45,10.53
2015-05-12,7.0,17.81,10.61
2015-05-12,8.0,16.68,10.82
2015-05-12,9.0,15.51,10.97
2015-05-12,10.0,13.48,11.18
2015-05-12,11.0,11.91,10.84
2015-05-12,12.0,10.92,10.32
2015-05-12,13.0,9.86,9.57
2015-05-12,14.0,9.29,9.26
2015-05-12,15.0,9.17,9.0
2015-05-12,16.0,8.83,8.77
2015-05-12,17.0,8.68,8.84
2015-05-12,18.0,8.54,8.82
2015-05-12,19.0,8.47,8.77
2015-05-12,20.0,8.36,8.78
2015-05-12,22.0,8.19,8.75
2015-05-12,24.0,7.98,8.68
2015-05-12,26.0,7.82,8.48
2015-05-12,28.0,7.66,8.3
2015-05-12,30.0,7.59,8.16
2015-05-12,35.0,7.55,7.86
2015-05-12,40.0,7.53,7.69
2015-05-12,41.25,7.54,7.55
2015-07-21,0.1,30.11,8.17
2015-07-21,1.0,30.09,8.16
2015-07-21,2.0,30.08,8.16
2015-07-21,3.0,29.93,8.32
2015-07-21,4.0,29.01,8.92
2015-07-21,5.0,27.83,9.17
2015-07-21,6.0,27.22,9.18
2015-07-21,7.0,26.05,9.16
2015-07-21,8.0,24.59,9.11
2015-07-21,9.0,22.57,8.22
2015-07-21,10.0,20.09,9.72
2015-07-21,11.0,17.79,8.53
2015-07-21,12.0,16.14,7.84
2015-07-21,13.0,14.34,7.63
2015-07-21,14.0,12.88,7.35
2015-07-21,15.0,11.77,7.25
2015-07-21,16.0,11.04,6.41
2015-07-21,17.0,10.16,5.86
2015-07-21,18.0,9.81,5.66
2015-07-21,19.0,9.59,5.69
2015-07-21,20.0,9.52,5.67
2015-07-21,22.0,9.36,5.66
2015-07-21,24.0,9.13,5.93
2015-07-21,28.0,8.89,5.85
2015-07-21,30.0,8.43,5.54
2015-07-21,36.0,7.95,4.39
2015-07-21,40.0,7.88,3.81
2015-07-21,43.0,7.87,3.7
2015-08-04,0.1,31.22,8.52
2015-08-04,1.0,31.06,8.61
2015-08-04,2.0,30.95,8.64
2015-08-04,3.0,30.9,8.68
2015-08-04,4.0,30.86,8.65
2015-08-04,5.0,30.83,8.71
2015-08-04,6.0,30.65,8.56
2015-08-04,7.0,29.96,8.63
2015-08-04,8.0,27.29,8.45
2015-08-04,9.0,24.87,8.13
2015-08-04,10.0,22.88,7.49
2015-08-04,11.0,19.79,8.08
2015-08-04,12.0,17.39,7.7
2015-08-04,13.0,15.3,7.25
2015-08-04,14.0,13.66,6.83
2015-08-04,15.0,12.22,6.01
2015-08-04,16.0,11.2,5.25
2015-08-04,17.0,10.46,4.87
2015-08-04,18.0,10.16,5.06
2015-08-04,19.0,9.71,5.14
2015-08-04,20.0,9.64,5.06
2015-08-04,22.0,9.5,5.08
2015-08-04,24.0,9.3,5.21
2015-08-04,26.0,9.0,5.52
2015-08-04,28.0,8.72,5.36
2015-08-04,30.0,8.42,4.85
2015-08-04,35.0,7.98,3.55
2015-08-04,40.0,7.9,2.68
2015-09-08,0.1,27.77,8.24
2015-09-08,1.0,27.76,8.25
2015-09-08,2.0,27.75,8.22
2015-09-08,3.0,27.76,8.2
2015-09-08,4.0,27.74,8.19
2015-09-08,5.0,27.73,8.19
2015-09-08,6.0,27.73,8.18
2015-09-08,7.0,27.71,8.08
2015-09-08,8.0,27.7,8.04
2015-09-08,9.0,27.68,7.99
2015-09-08,10.0,27.55,7.61
2015-09-08,11.0,26.22,6.05
2015-09-08,12.0,22.0,3.57
2015-09-08,13.0,18.58,3.75
2015-09-08,14.0,16.57,3.74
2015-09-08,15.0,14.27,3.43
2015-09-08,16.0,12.91,3.64
2015-09-08,17.0,11.73,2.83
2015-09-08,18.0,11.19,2.68
2015-09-08,19.0,10.71,3.21
2015-09-08,20.0,10.42,3.1
2015-09-08,22.0,10.19,3.19
2015-09-08,24.0,9.93,3.25
2015-09-08,26.0,9.58,3.52
2015-09-08,28.0,9.33,3.57
2015-09-08,30.0,8.93,3.1
2015-09-08,35.0,8.34,1.12
2015-09-08,40.0,8.24,0.04
2016-04-20,0.1,18.92,9.99
2016-04-20,1.0,18.85,10.06
2016-04-20,2.0,18.7,10.12
2016-04-20,3.0,16.87,10.57
2016-04-20,4.0,16.34,10.63
2016-04-20,5.0,16.02,10.6
2016-04-20,6.0,15.36,10.53
2016-04-20,7.0,15.02,10.48
2016-04-20,8.0,14.79,10.25
2016-04-20,9.0,14.6,10.05
2016-04-20,10.0,14.4,9.93
2016-04-20,11.0,13.95,9.77
2016-04-20,12.0,13.27,9.48
2016-04-20,13.0,12.46,9.2
2016-04-20,14.0,11.96,8.98
2016-04-20,15.0,10.76,8.45
2016-04-20,16.0,10.15,8.31
2016-04-20,17.0,9.89,7.58
2016-04-20,18.0,9.69,7.93
2016-04-20,19.0,9.6,8.04
2016-04-20,20.0,9.51,8.13
2016-04-20,21.0,9.38,7.79
2016-05-18,0.1,22.45,9.1
2016-05-18,1.0,21.92,9.14
2016-05-18,2.0,21.15,9.23
2016-05-18,3.0,21.11,9.24
2016-05-18,4.0,21.04,9.24
2016-05-18,5.0,20.97,9.28
2016-05-18,6.0,20.91,9.27
2016-05-18,7.0,20.72,9.21
2016-05-18,8.0,19.72,9.35
2016-05-18,9.0,18.63,9.66
2016-05-18,10.0,16.43,10.22
2016-05-18,11.0,15.19,10.0
2016-05-18,12.0,14.41,9.38
2016-05-18,13.0,13.32,8.65
2016-05-18,14.0,12.34,7.7
2016-05-18,15.0,11.3,7.17
2016-05-18,16.0,10.69,6.92
2016-05-18,17.0,10.37,6.64
2016-05-18,18.0,10.01,6.7
2016-05-18,19.0,9.89,6.67
2016-05-18,20.0,9.78,6.71
2016-05-18,22.0,9.69,6.62
2016-05-18,24.0,9.54,6.67
2016-05-18,26.0,9.4,6.71
2016-05-18,28.0,9.26,6.67
2016-05-18,30.0,9.1,6.53
2016-05-18,35.0,8.86,6.01
2016-05-18,40.0,8.78,5.67
2016-05-18,45.0,8.74,5.39
2016-05-18,46.0,8.74,2.62
2016-06-15,0.1,28.11,8.51
2016-06-15,1.0,28.07,8.5
2016-06-15,2.0,28.01,8.52
2016-06-15,3.0,26.83,9.23
2016-06-15,4.0,25.61,9.47
2016-06-15,5.0,24.42,9.98
2016-06-15,6.0,22.24,10.34
2016-06-15,7.0,21.34,9.81
2016-06-15,8.0,20.22,9.11
2016-06-15,9.0,18.56,8.2
2016-06-15,10.0,17.28,8.18
2016-06-15,11.0,15.68,7.83
2016-06-15,12.0,14.46,7.31
2016-06-15,13.0,13.77,6.68
2016-06-15,14.0,13.21,6.27
2016-06-15,15.0,12.25,5.73
2016-06-15,16.0,11.63,5.61
2016-06-15,17.0,10.96,5.47
2016-06-15,19.0,10.44,5.27
2016-06-15,20.0,10.26,5.21
2016-06-15,22.0,10.09,5.25
2016-06-15,24.0,9.9,5.35
2016-06-15,26.0,9.76,5.43
2016-06-15,28.0,9.54,5.5
2016-06-15,30.0,9.32,5.34
2016-06-15,35.0,9.03,4.56
2016-06-15,40.0,8.95,3.96
2016-06-15,45.0,8.95,0.02
2016-07-12,0.1,28.65,8.27
2016-07-12,1.0,28.57,8.28
2016-07-12,2.0,28.06,8.41
2016-07-12,3.0,27.97,8.42
2016-07-12,4.0,27.93,8.36
2016-07-12,5.0,27.88,8.36
2016-07-12,6.0,27.16,8.74
2016-07-12,7.0,24.83,9.78
2016-07-12,8.0,23.09,9.59
2016-07-12,9.0,21.26,8.09
2016-07-12,10.0,19.39,7.06
2016-07-12,11.0,17.65,6.16
2016-07-12,12.0,16.36,5.75
2016-07-12,13.0,14.9,5.16
2016-07-12,14.0,14.04,4.86
2016-07-12,15.0,13.03,4.45
2016-07-12,16.0,12.46,4.29
2016-07-12,17.0,11.82,4.2
2016-07-12,18.0,11.28,4.04
2016-07-12,19.0,10.96,3.65
2016-07-12,20.0,10.59,3.88
2016-07-12,22.0,10.38,4.03
2016-07-12,24.0,10.24,3.96
2016-07-12,26.0,10.05,4.17
2016-07-12,28.0,9.84,4.27
2016-07-12,30.0,9.64,4.16
2016-07-12,35.0,9.2,3.0
2016-07-12,40.0,9.07,2.45
2016-07-12,41.6,9.06,2.13
2016-08-17,0.1,30.02,8.18
2016-08-17,1.0,30.02,8.15
2016-08-17,2.0,29.93,8.15
2016-08-17,3.0,29.9,8.15
2016-08-17,4.0,29.89,8.16
2016-08-17,5.0,29.87,8.14
2016-08-17,6.0,29.57,8.29
2016-08-17,7.0,29.42,8.23
2016-08-17,8.0,28.37,7.77
2016-08-17,9.0,25.03,7.01
2016-08-17,10.0,22.41,6.16
2016-08-17,11.0,19.63,4.11
2016-08-17,12.0,17.66,3.26
2016-08-17,13.0,16.5,2.95
2016-08-17,14.0,15.44,2.58
2016-08-17,15.0,14.03,2.59
2016-08-17,16.0,12.98,2.14
2016-08-17,17.0,12.25,2.26
2016-08-17,18.0,11.84,1.84
2016-08-17,19.0,11.36,1.72
2016-08-17,20.0,11.14,2.23
2016-08-17,22.0,10.84,2.29
2016-08-17,24.0,10.72,2.27
2016-08-17,26.0,10.49,2.67
2016-08-17,28.0,10.17,2.68
2016-08-17,30.0,9.86,2.21
2016-08-17,35.0,9.44,0.27
2016-08-17,40.0,9.35,0.0
2016-08-17,44.1,9.31,0.0
2016-09-08,0.1,29.23,8.28
2016-09-08,1.0,29.18,8.32
2016-09-08,2.0,28.78,8.39
2016-09-08,3.0,28.65,8.45
2016-09-08,4.0,28.55,8.47
2016-09-08,5.0,28.49,8.35
2016-09-08,6.0,28.4,8.08
2016-09-08,7.0,28.33,7.86
2016-09-08,8.0,28.15,7.57
2016-09-08,9.0,26.76,5.67
2016-09-08,10.0,23.91,3.34
2016-09-08,11.0,20.93,2.31
2016-09-08,12.0,18.62,1.66
2016-09-08,13.0,16.72,1.52
2016-09-08,14.0,15.59,1.14
2016-09-08,15.0,14.65,0.86
2016-09-08,16.0,13.91,0.3
2016-09-08,17.0,12.9,0.72
2016-09-08,18.0,12.3,0.68
2016-09-08,19.0,12.02,0.87
2016-09-08,20.0,11.65,0.83
2016-09-08,22.0,11.31,0.97
2016-09-08,24.0,11.06,1.36
2016-09-08,26.0,10.79,1.56
2016-09-08,28.0,10.52,1.5
2016-09-08,30.0,10.2,0.37
2016-09-08,35.0,9.61,0.0
2016-09-08,40.0,9.52,0.0
2016-09-08,44.1,9.45,0.0
2016-10-13,0.1,23.89,8.07
2016-10-13,1.0,23.68,8.14
2016-10-13,2.0,23.45,8.22
2016-10-13,3.0,23.34,8.23
2016-10-13,4.0,23.28,8.21
2016-10-13,5.0,23.25,8.14
2016-10-13,6.0,23.22,8.05
2016-10-13,7.0,23.2,8.02
2016-10-13,8.0,23.19,7.98
2016-10-13,9.0,23.19,7.94
2016-10-13,10.0,23.19,7.95
2016-10-13,11.0,23.17,7.92
2016-10-13,12.0,23.15,7.9
2016-10-13,13.0,22.9,7.33
2016-10-13,14.0,17.59,0.0
2016-10-13,15.0,15.78,0.0
2016-10-13,16.0,14.51,0.0
2016-10-13,17.0,13.49,0.0
2016-10-13,18.0,12.79,0.0
2016-10-13,19.0,12.39,0.0
2016-10-13,20.0,12.18,0.0
2016-10-13,22.0,11.76,0.0
2016-10-13,23.0,11.59,0.0
2016-10-13,24.0,11.55,0.0
2016-10-13,26.0,11.26,0.0
2016-10-13,28.0,10.92,0.0
2016-10-13,30.0,10.55,0.0
2016-10-13,35.0,9.9,0.0
2016-10-13,40.0,9.78,0.0
2016-10-13,43.5,9.69,0.0
2017-04-11,0.1,17.46,9.89
2017-04-11,1.0,17.06,9.91
2017-04-11,2.0,16.06,10.14
2017-04-11,3.0,15.69,10.13
2017-04-11,4.0,15.33,10.27
2017-04-11,5.0,14.38,10.41
2017-04-11,6.0,13.96,10.1
2017-04-11,7.0,13.73,9.88
2017-04-11,8.0,13.37,9.6
2017-04-11,9.0,13.21,9.46
2017-04-11,10.0,13.0,9.26
2017-05-11,0.1,20.69,9.27
2017-05-11,1.0,20.23,9.34
2017-05-11,2.0,20.14,9.4
2017-05-11,3.0,18.55,9.7
2017-05-11,4.0,18.25,9.47
2017-05-11,5.0,17.5,9.41
2017-05-11,6.0,17.31,9.3
2017-05-11,7.0,17.18,9.33
2017-05-11,8.0,17.17,9.34
2017-05-11,9.0,16.66,9.06
2017-05-11,10.0,14.79,8.7
2017-05-11,11.0,14.05,8.35
2017-05-11,12.0,13.22,7.41
2017-05-11,13.0,12.89,7.08
2017-05-11,14.0,12.89,7.05
2017-05-11,15.0,12.4,6.41
2017-05-11,16.0,12.1,6.12
2017-05-11,17.0,11.89,5.77
2017-05-11,18.0,11.81,5.67
2017-05-11,19.0,11.76,5.63
2017-05-11,20.0,11.63,5.45
2017-05-11,22.0,11.47,5.43
2017-05-11,24.0,11.25,5.45
2017-05-11,26.0,11.06,5.22
2017-05-11,28.0,10.89,5.01
2017-05-11,30.0,10.76,4.73
2017-05-11,35.0,10.43,3.54
2017-05-11,40.0,10.32,2.87
2017-05-11,44.0,10.21,1.63
2017-06-01,0.1,24.94,8.83
2017-06-01,1.0,24.16,8.98
2017-06-01,2.0,23.62,9.14
2017-06-01,3.0,23.35,9.18
2017-06-01,4.0,23.16,9.34
2017-06-01,5.0,22.85,9.35
2017-06-01,6.0,22.03,9.56
2017-06-01,7.0,21.2,9.38
2017-06-01,8.0,20.49,9.45
2017-06-01,9.0,19.03,9.5
2017-06-01,10.0,18.01,9.11
2017-06-01,11.0,16.78,8.53
2017-07-06,0.1,28.34,8.0
2017-07-06,1.0,28.15,8.01
2017-07-06,2.0,27.56,8.13
2017-07-06,3.0,27.39,8.1
2017-07-06,4.0,27.23,8.19
2017-07-06,5.0,26.55,8.36
2017-07-06,6.0,25.76,8.39
2017-07-06,7.0,25.02,8.72
2017-07-06,8.0,22.83,8.86
2017-07-06,9.0,20.94,8.29
2017-07-06,10.0,19.37,7.25
2017-07-06,11.0,17.92,6.64
2017-07-06,12.0,16.25,5.6
2017-07-06,13.0,15.24,5.22
2017-07-06,14.0,14.34,4.57
2017-07-06,15.0,13.63,4.06
2017-07-06,16.0,12.99,3.34
2017-07-06,17.0,12.68,3.16
2017-07-06,18.0,12.51,3.1
2017-07-06,19.0,12.38,3.04
2017-07-06,20.0,12.3,3.01
2017-07-06,22.0,12.17,3.02
2017-07-06,24.0,12.05,3.11
2017-08-02,0.11,28.86,8.07
2017-08-02,0.98,28.87,8.09
2017-08-02,1.99,28.83,8.12
2017-08-02,3.01,28.8,8.1
2017-08-02,4.01,28.78,8.05
2017-08-02,4.96,28.74,8.11
2017-08-02,6.0,28.68,8.01
2017-08-02,7.03,28.62,8.08
2017-08-02,7.99,28.52,7.87
2017-08-02,8.99,24.47,8.8
2017-08-02,10.01,21.97,6.7
2017-08-02,10.99,19.89,5.44
2017-08-02,12.02,18.19,4.56
2017-08-02,12.99,16.43,3.66
2017-08-02,14.03,15.14,3.03
2017-08-02,15.02,14.23,2.56
2017-08-02,16.0,13.51,2.31
2017-08-02,16.93,13.18,2.07
2017-08-02,17.95,12.95,2.08
2017-08-02,19.02,12.82,2.03
2017-08-02,19.96,12.71,1.9
2017-08-02,22.24,12.53,2.05
2017-08-02,23.99,12.29,2.08
2017-08-02,26.04,12.09,2.13
2017-10-11,0.1,25.9,8.56
2017-10-11,1.0,25.84,8.53
2017-10-11,2.0,25.78,8.56
2017-10-11,3.0,25.45,8.55
2017-10-11,4.0,25.05,8.52
2017-10-11,5.0,23.38,8.59
2017-10-11,6.0,23.05,8.22
2017-10-11,7.0,22.63,7.58
2017-10-11,8.0,22.28,7.21
2017-10-11,9.0,22.08,6.92
2017-10-11,10.0,21.94,6.73
2017-10-11,11.0,21.69,6.44
2017-10-11,12.0,21.47,6.07
2017-10-11,13.0,20.97,5.49
2017-10-11,14.0,20.19,4.8
2017-10-11,15.0,18.66,2.78
2017-10-11,16.0,16.6,1.19
2017-10-11,17.0,15.13,0.66
2017-10-11,18.0,14.47,0.34
2017-10-11,19.0,13.87,0.28
2017-10-11,20.0,13.69,0.23
2017-10-11,22.0,13.35,0.15
2017-10-11,24.0,13.08,0.04
2017-10-11,26.0,12.88,0.0
2017-10-11,28.0,12.67,0.0
2017-10-11,30.0,12.41,0.0
2017-10-11,35.0,11.89,0.0
2017-10-11,40.0,11.58,0.0
2018-04-30,0.1,16.14,9.82
2018-04-30,1.0,16.08,9.8
2018-04-30,2.0,15.94,9.83
2018-04-30,3.0,15.8,9.86
2018-04-30,4.0,14.02,10.51
2018-04-30,5.0,15.75,9.79
2018-04-30,6.0,15.7,9.84
2018-04-30,7.0,15.61,9.77
2018-04-30,8.0,14.97,9.89
2018-04-30,9.0,14.33,9.82
2018-04-30,10.0,14.04,9.77
2018-04-30,11.0,13.78,9.59
2018-04-30,12.0,13.52,9.42
2018-04-30,13.0,13.24,9.29
2018-04-30,14.0,13.17,9.28
2018-04-30,15.0,13.11,9.24
2018-04-30,16.0,12.99,9.2
2018-04-30,17.0,12.36,8.97
2018-04-30,18.0,11.45,8.56
2018-04-30,19.0,10.95,8.2
2018-04-30,20.0,10.67,8.1
2018-04-30,22.0,10.4,7.86
2018-04-30,24.0,10.05,7.7
2018-04-30,26.0,9.8,7.55
2018-04-30,28.0,9.63,7.41
2018-04-30,30.0,9.31,7.15
2018-04-30,35.0,8.71,6.42
2018-04-30,40.0,8.64,6.19
2018-05-31,0.1,26.07,8.05
2018-05-31,1.0,26.06,8.04
2018-05-31,2.0,25.95,8.04
2018-05-31,3.0,25.91,8.04
2018-05-31,4.0,25.82,8.17
2018-05-31,5.0,24.54,8.76
2018-05-31,6.0,20.94,10.03
2018-05-31,7.0,17.99,10.43
2018-05-31,8.0,16.66,10.54
2018-05-31,9.0,16.24,10.15
2018-05-31,10.0,15.62,9.93
2018-05-31,11.0,15.19,9.61
2018-05-31,12.0,14.79,9.24
2018-05-31,13.0,14.56,8.96
2018-05-31,14.0,14.09,8.68
2018-05-31,15.0,13.67,8.23
2018-05-31,16.0,13.28,7.89
2018-05-31,17.0,12.98,7.61
2018-05-31,18.0,12.38,7.35
2018-05-31,19.0,11.91,7.18
2018-05-31,20.0,11.67,7.03
2018-05-31,22.0,11.17,6.57
2018-05-31,24.0,10.83,6.5
2018-05-31,26.0,10.55,6.35
2018-05-31,28.0,10.43,6.48
2018-05-31,30.0,10.06,6.48
2018-05-31,35.0,9.16,5.15
2018-05-31,40.0,8.92,4.25
2018-05-31,45.0,8.9,4.2
2018-05-31,47.0,8.9,4.03
2018-06-14,0.1,27.11,8.13
2018-06-14,1.0,27.08,8.15
2018-06-14,2.0,27.01,8.2
2018-06-14,3.0,26.94,8.17
2018-06-14,4.0,26.85,8.21
2018-06-14,5.0,26.68,8.18
2018-06-14,6.0,25.35,8.79
2018-06-14,7.0,23.34,9.76
2018-06-14,8.0,19.77,9.94
2018-06-14,9.0,18.47,9.85
2018-06-14,10.0,17.15,9.56
2018-06-14,11.0,16.28,9.03
2018-06-14,12.0,15.62,8.6
2018-06-14,13.0,15.1,8.04
2018-06-14,14.0,14.65,7.73
2018-06-14,15.0,14.19,7.71
2018-06-14,16.0,13.97,7.22
2018-06-14,17.0,13.52,7.12
2018-06-14,18.0,13.02,6.47
2018-06-14,19.0,12.52,6.2
2018-06-14,20.0,12.1,6.17
2018-06-14,22.0,11.52,6.14
2018-06-14,24.0,11.19,6.04
2018-06-14,26.0,10.82,6.05
2018-06-14,28.0,10.61,6.04
2018-06-14,30.0,10.22,5.76
2018-06-14,35.0,9.5,4.56
2018-06-14,40.0,9.16,3.46
2018-06-14,45.0,9.14,3.27
2018-06-14,46.0,9.13,3.21
2018-07-12,0.1,30.67,8.8
2018-07-12,1.0,30.22,8.83
2018-07-12,2.0,30.11,8.85
2018-07-12,3.0,29.86,8.81
2018-07-12,4.0,29.72,8.81
2018-07-12,5.0,29.16,8.83
2018-07-12,6.0,28.69,8.64
2018-07-12,7.0,26.66,8.03
2018-07-12,8.0,24.79,7.94
2018-07-12,9.0,22.45,6.29
2018-07-12,10.0,20.74,5.55
2018-07-12,11.0,19.57,5.4
2018-07-12,12.0,18.02,5.6
2018-07-12,13.0,17.22,5.69
2018-07-12,14.0,16.52,5.42
2018-07-12,15.0,15.68,5.32
2018-07-12,16.0,14.84,4.96
2018-07-12,17.0,14.41,4.76
2018-07-12,18.0,13.87,4.62
2018-07-12,19.0,13.25,4.54
2018-07-12,20.0,12.75,4.41
2018-07-12,22.0,12.1,4.16
2018-07-12,24.0,11.92,4.07
2018-07-12,26.0,11.61,4.06
2018-07-12,28.0,11.26,4.17
2018-07-12,30.0,10.89,4.15
2018-07-12,35.0,9.99,3.0
2018-07-12,40.0,9.54,1.51
2018-08-09,0.1,29.33,8.84
2018-08-09,1.0,28.74,8.99
2018-08-09,2.0,28.61,8.93
2018-08-09,3.0,28.12,9.16
2018-08-09,4.0,27.89,8.85
2018-08-09,5.0,27.67,8.61
2018-08-09,6.0,27.34,8.22
2018-08-09,7.0,27.19,7.72
2018-08-09,8.0,25.52,5.41
2018-08-09,9.0,24.57,4.19
2018-08-09,10.0,23.01,3.25
2018-08-09,11.0,22.1,2.79
2018-08-09,12.0,21.0,2.37
2018-08-09,13.0,19.46,2.53
2018-08-09,14.0,18.32,2.73
2018-08-09,15.0,17.41,2.97
2018-08-09,16.0,16.55,3.16
2018-08-09,17.0,15.57,3.15
2018-08-09,18.0,14.94,3.16
2018-08-09,19.0,14.39,3.18
2018-08-09,20.0,13.72,3.24
2018-08-09,22.0,12.89,3.03
2018-08-09,24.0,12.48,2.96
2018-08-09,26.0,12.2,3.04
2018-08-09,28.0,11.89,3.4
2018-08-09,30.0,11.55,3.32
2018-08-09,35.0,10.39,1.44
2018-08-09,40.0,9.97,1.5
2018-08-09,45.0,9.9,1.11
2018-08-09,46.2,9.85,2.03
2018-09-10,0.0,28.92,8.71
2018-09-10,1.0,28.74,8.83
2018-09-10,2.0,28.63,8.8
2018-09-10,3.0,28.6,8.75
2018-09-10,4.0,28.57,8.66
2018-09-10,5.0,28.55,8.54
2018-09-10,6.0,28.5,8.39
2018-09-10,7.0,28.38,8.41
2018-09-10,8.0,27.33,6.3
2018-09-10,9.0,26.5,4.84
2018-09-10,10.0,25.78,2.9
2018-09-10,11.0,24.91,0.92
2018-09-10,12.0,23.91,0.0
2018-09-10,13.0,22.28,0.0
2018-09-10,14.0,20.77,0.76
2018-09-10,15.0,19.35,1.04
2018-09-10,16.0,18.41,1.16
2018-09-10,17.0,17.1,0.49
2018-09-10,18.0,16.2,0.72
2018-09-10,19.0,15.26,1.05
2018-09-10,20.0,14.55,1.42
2018-09-10,21.0,14.13,1.53
2018-09-10,22.0,13.63,1.56
2018-09-10,24.0,13.22,1.61
2018-09-10,26.0,12.94,1.66
2018-09-10,28.0,12.58,1.97
2018-09-10,30.0,12.21,2.24
2018-09-10,35.0,11.26,0.38
2018-09-10,40.0,10.51,1.49
2018-09-10,45.0,10.32,1.33
2018-10-24,0.1,22.07,7.37
2018-10-24,1.0,22.06,7.34
2018-10-24,2.0,22.07,7.35
2018-10-24,3.0,22.05,7.3
2018-10-24,4.0,22.02,7.33
2018-10-24,5.0,21.98,7.29
2018-10-24,6.0,21.99,7.27
2018-10-24,7.0,21.98,7.29
2018-10-24,8.0,21.97,7.26
2018-10-24,9.0,21.96,7.28
2018-10-24,10.0,21.95,7.26
2018-10-24,11.0,21.95,7.28
2018-10-24,12.0,21.94,7.28
2018-10-24,13.0,21.94,7.28
2018-10-24,14.0,21.92,7.25
2018-10-24,15.0,21.87,7.13
2018-10-24,16.0,20.49,1.88
2018-10-24,17.0,18.29,0.43
2018-10-24,18.0,17.32,0.64
2018-10-24,19.0,16.09,0.27
2018-10-24,20.0,15.35,0.25
2018-10-24,22.0,14.53,0.09
2018-10-24,24.0,14.02,0.01
2018-10-24,26.0,13.73,0.0
2018-10-24,28.0,13.4,0.0
2018-10-24,30.0,13.09,0.0
2018-10-24,35.0,11.84,0.0
2018-10-24,37.0,11.63,0.0
2019-04-10,0.1,18.59,10.16
2019-04-10,1.0,17.07,10.34
2019-04-10,2.0,16.89,10.38
2019-04-10,3.0,16.76,10.37
2019-04-10,4.0,14.55,10.84
2019-04-10,5.0,13.98,10.73
2019-04-10,6.0,13.89,10.7
2019-04-10,7.0,13.53,10.45
2019-04-10,8.0,12.98,10.4
2019-04-10,9.0,12.38,10.34
2019-04-10,10.0,11.93,10.05
2019-04-10,11.0,11.25,9.87
2019-04-10,12.0,10.74,9.62
2019-04-10,13.0,10.44,9.35
2019-04-10,14.0,10.37,9.27
2019-04-10,15.0,10.18,9.15
2019-04-10,16.0,10.11,9.11
2019-04-10,17.0,9.96,8.98
2019-04-10,18.0,9.86,8.91
2019-04-10,19.0,9.77,8.87
2019-04-10,20.0,9.77,8.82
2019-04-10,22.0,9.57,8.8
2019-04-10,24.0,9.45,8.5
2019-04-10,26.0,9.35,8.53
2019-04-10,28.0,9.14,8.44
2019-04-10,30.0,9.03,8.3
2019-04-10,35.0,8.93,8.07
2019-04-10,40.11,8.86,7.72
2019-06-05,0.1,25.93,8.12
2019-06-05,1.0,25.91,8.13
2019-06-05,2.0,25.89,8.17
2019-06-05,3.0,25.84,8.18
2019-06-05,4.0,25.82,8.16
2019-06-05,5.0,25.81,8.15
2019-06-05,6.0,25.18,8.3
2019-06-05,7.0,22.54,9.43
2019-06-05,8.0,20.65,9.5
2019-06-05,9.0,17.77,9.71
2019-06-05,10.0,16.7,8.46
2019-06-05,11.0,16.03,7.87
2019-06-05,12.0,15.45,7.36
2019-06-05,13.0,14.94,6.97
2019-06-05,14.0,14.12,6.49
2019-06-05,15.0,13.48,6.2
2019-06-05,16.0,12.83,6.01
2019-06-05,17.0,12.26,5.98
2019-06-05,18.0,11.87,5.93
2019-06-05,19.0,11.42,5.84
2019-06-05,20.0,11.09,5.73
2019-06-05,22.0,10.86,5.67
2019-06-05,24.0,10.61,5.82
2019-06-05,26.0,10.44,5.89
2019-06-05,28.0,10.27,5.93
2019-06-05,30.0,10.07,5.9
2019-06-05,35.0,9.41,4.85
2019-06-05,40.16,9.26,4.16
2019-07-22,0.1,29.12,8.29
2019-07-22,1.0,29.11,8.3
2019-07-22,2.0,29.06,8.34
2019-07-22,3.0,28.96,8.39
2019-07-22,4.0,28.7,8.61
2019-07-22,5.0,27.3,9.43
2019-07-22,6.0,26.43,9.65
2019-07-22,7.0,25.46,9.36
2019-07-22,8.0,23.37,7.02
2019-07-22,9.0,21.95,5.65
2019-07-22,10.0,20.39,4.25
2019-07-22,11.0,18.81,3.73
2019-07-22,12.0,17.24,2.96
2019-07-22,13.0,16.64,2.87
2019-07-22,14.0,15.73,2.92
2019-07-22,15.0,15.2,2.88
2019-07-22,16.0,14.6,2.83
2019-07-22,17.0,13.65,2.91
2019-07-22,18.0,13.04,2.95
2019-07-22,19.0,12.66,2.93
2019-07-22,20.0,12.13,2.91
2019-07-22,22.0,11.82,2.91
2019-07-22,24.0,11.57,2.99
2019-07-22,26.0,11.32,3.44
2019-07-22,28.0,11.2,3.66
2019-07-22,30.0,10.66,3.54
2019-07-22,35.0,10.05,1.98
2019-07-22,40.45,9.77,0.34
2019-09-05,0.1,28.99,8.38
2019-09-05,1.0,29.01,8.39
2019-09-05,2.0,28.91,8.4
2019-09-05,3.0,28.81,8.4
2019-09-05,4.0,28.52,8.14
2019-09-05,5.0,28.35,8.18
2019-09-05,6.0,28.3,8.08
2019-09-05,7.0,28.16,7.89
2019-09-05,8.0,27.95,7.78
2019-09-05,9.0,27.57,6.63
2019-09-05,10.0,25.05,2.18
2019-09-05,11.0,21.71,0.28
2019-09-05,12.0,20.18,0.11
2019-09-05,13.0,18.36,0.04
2019-09-05,14.0,17.58,0.13
2019-09-05,15.0,16.69,0.18
2019-09-05,16.0,15.81,0.34
2019-09-05,17.0,14.92,0.47
2019-09-05,18.0,14.33,0.59
2019-09-05,19.0,13.83,0.8
2019-09-05,20.0,13.51,0.79
2019-09-05,22.0,12.87,0.87
2019-09-05,24.0,12.55,0.93
2019-09-05,26.0,12.29,1.03
2019-09-05,28.0,11.98,1.53
2019-09-05,30.0,11.69,1.54
2019-09-05,35.0,10.63,0.0
2019-09-05,38.07,10.33,0.0
2019-10-02,0.1,29.0,7.83
2019-10-02,1.0,28.84,7.88
2019-10-02,2.0,28.5,7.97
2019-10-02,3.0,28.27,7.97
2019-10-02,4.0,28.11,7.89
2019-10-02,5.0,27.98,7.84
2019-10-02,6.0,27.57,7.68
2019-10-02,7.0,27.23,7.24
2019-10-02,8.0,26.94,6.38
2019-10-02,9.0,26.71,5.76
2019-10-02,10.0,26.21,3.89
2019-10-02,11.0,24.46,0.66
2019-10-02,12.0,22.32,0.04
2019-10-02,13.0,20.39,0.0
2019-10-02,14.0,18.78,0.0
2019-10-02,15.0,17.89,0.0
2019-10-02,16.0,16.45,0.0
2019-10-02,17.0,15.63,0.0
2019-10-02,18.0,14.88,0.0
2019-10-02,19.0,14.25,0.0
2019-10-02,20.0,13.82,0.0
2019-10-02,22.0,13.33,0.0
2019-10-02,24.0,13.05,0.0
2019-10-02,26.0,12.74,0.0
2019-10-02,28.0,12.31,0.49
2019-10-02,30.0,11.99,0.38
2019-10-02,35.0,10.9,0.0
2019-10-02,40.0,10.6,0.0
2019-10-02,45.0,10.48,0.0
2020-04-07,0.1,17.88,11.08
2020-04-07,1.0,17.82,11.17
2020-04-07,2.0,16.18,11.69
2020-04-07,3.0,15.23,11.86
2020-04-07,4.0,14.42,11.62
2020-04-07,5.0,14.34,11.55
2020-04-07,6.0,13.97,11.29
2020-04-07,7.0,13.69,10.85
2020-04-07,8.0,13.14,10.6
2020-04-07,9.0,11.74,9.96
2020-04-07,10.0,11.19,9.69
2020-04-07,11.0,10.9,9.52
2020-04-07,12.0,10.69,9.48
2020-04-07,13.0,10.35,9.25
2020-04-07,14.0,10.24,9.21
2020-04-07,15.0,10.17,9.25
2020-04-07,16.0,10.16,9.18
2020-04-07,17.0,10.11,9.16
2020-04-07,18.0,9.98,9.1
2020-04-07,19.0,9.95,9.02
2020-04-07,20.0,9.91,9.06
2020-04-07,22.0,9.87,9.13
2020-04-07,24.0,9.83,9.06
2020-04-07,26.0,9.81,9.02
2020-04-07,28.0,9.78,9.04
2020-04-07,30.0,9.76,8.97
2020-04-07,35.0,9.71,8.92
2020-04-07,40.0,9.69,8.65
2020-04-07,43.5,9.69,8.62
2020-06-15,0.1,26.91,8.32
2020-06-15,1.0,26.89,8.32
2020-06-15,2.0,26.86,8.37
2020-06-15,3.0,26.85,8.39
2020-06-15,4.0,26.84,8.35
2020-06-15,5.0,26.84,8.35
2020-06-15,6.0,26.83,8.35
2020-06-15,7.0,26.69,8.27
2020-06-15,8.0,25.95,8.64
2020-06-15,9.0,20.81,9.09
2020-06-15,10.0,19.28,8.07
2020-06-15,11.0,18.31,7.14
2020-06-15,12.0,17.48,6.49
2020-06-15,13.0,16.98,6.17
2020-06-15,14.0,16.38,5.73
2020-06-15,15.0,15.26,5.08
2020-06-15,16.0,14.49,4.62
2020-06-15,17.0,13.81,4.57
2020-06-15,18.0,12.81,4.35
2020-06-15,20.0,11.9,4.43
2020-06-15,22.0,11.68,4.4
2020-06-15,24.0,11.35,4.52
2020-06-15,26.0,11.19,4.6
2020-06-15,28.0,10.84,4.48
2020-06-15,30.0,10.61,4.33
2020-06-15,35.0,10.31,3.61
2020-06-15,38.02,10.27,3.37
2020-07-29,0.1,30.1,8.02
2020-07-29,1.0,30.1,8.43
2020-07-29,2.0,30.06,8.71
2020-07-29,3.0,30.04,8.65
2020-07-29,4.0,28.94,9.75
2020-07-29,5.0,27.49,9.99
2020-07-29,6.0,26.53,10.17
2020-07-29,7.0,25.3,10.14
2020-07-29,8.0,24.01,9.13
2020-07-29,9.0,22.79,7.12
2020-07-29,10.0,21.28,5.06
2020-07-29,11.0,19.98,3.86
2020-07-29,12.0,18.98,3.21
2020-07-29,13.0,18.16,2.52
2020-07-29,14.0,17.62,2.3
2020-07-29,15.0,16.81,1.81
2020-07-29,16.0,15.99,1.4
2020-07-29,17.0,15.24,1.45
2020-07-29,18.0,14.41,1.5
2020-07-29,19.0,13.64,1.6
2020-07-29,20.0,13.09,1.55
2020-07-29,22.0,12.43,1.81
2020-07-29,24.0,12.17,1.94
2020-07-29,26.0,12.0,2.02
2020-07-29,28.0,11.69,2.27
2020-07-29,30.0,11.31,2.36
2020-07-29,35.0,10.63,0.86
2020-07-29,40.0,10.45,0.0
2020-07-29,45.0,10.43,0.0
2020-07-29,46.99,10.43,0.0
2020-08-24,0.1,28.24,8.03
2020-08-24,1.0,28.25,8.05
2020-08-24,2.0,28.25,8.03
2020-08-24,3.0,28.25,8.05
2020-08-24,4.0,28.25,8.02
2020-08-24,5.0,28.25,8.02
2020-08-24,6.0,28.25,8.04
2020-08-24,7.0,28.24,8.02
2020-08-24,8.0,28.25,8.04
2020-08-24,9.0,28.17,7.72
2020-08-24,10.0,24.74,4.45
2020-08-24,11.0,22.51,2.19
2020-08-24,12.0,21.1,1.28
2020-08-24,13.0,19.71,0.67
2020-08-24,14.0,18.58,0.38
2020-08-24,15.0,17.59,0.0
2020-08-24,16.0,16.96,0.0
2020-08-24,17.0,16.42,0.0
2020-08-24,18.0,15.68,0.0
2020-08-24,19.0,14.96,0.0
2020-08-24,20.0,13.88,0.55
2020-08-24,22.0,13.25,0.68
2020-08-24,24.0,12.89,0.8
2020-08-24,26.0,12.63,0.84
2020-08-24,28.0,12.34,0.98
2020-08-24,30.0,11.84,1.19
2020-08-24,35.0,11.1,0.0
2020-08-24,40.56,10.67,0.0
2020-09-02,0.1,28.59,8.38
2020-09-02,1.0,28.55,8.4
2020-09-02,2.0,28.43,8.43
2020-09-02,3.0,28.37,8.43
2020-09-02,4.0,28.32,8.42
2020-09-02,5.0,28.12,8.11
2020-09-02,6.0,27.99,7.75
2020-09-02,7.0,27.62,6.76
2020-09-02,8.0,26.99,5.35
2020-09-02,9.0,26.33,4.0
2020-09-02,10.0,24.68,1.91
2020-09-02,11.0,22.63,0.53
2020-09-02,12.0,21.38,0.0
2020-09-02,13.0,19.8,0.0
2020-09-02,14.0,18.51,0.0
2020-09-02,15.0,17.74,0.0
2020-09-02,16.0,17.07,0.0
2020-09-02,17.0,16.5,0.0
2020-09-02,18.0,15.61,0.0
2020-09-02,19.0,14.68,0.0
2020-09-02,20.0,14.18,0.0
2020-09-02,22.0,13.31,0.2
2020-09-02,24.0,13.02,0.42
2020-09-02,26.0,12.75,0.5
2020-09-02,28.0,12.49,0.69
2020-09-02,30.0,12.1,0.87
2020-09-02,35.0,11.16,0.0
2020-09-02,40.0,10.8,0.0
2020-09-02,46.02,10.7,0.0
2020-10-26,0.1,21.92,8.87
2020-10-26,1.0,21.93,8.89
2020-10-26,2.0,21.95,8.89
2020-10-26,3.0,21.93,8.87
2020-10-26,4.0,21.94,8.85
2020-10-26,5.0,21.95,8.83
2020-10-26,6.0,21.95,8.87
2020-10-26,7.0,21.94,8.87
2020-10-26,9.0,21.91,8.72
2020-10-26,10.0,21.34,7.82
2020-10-26,11.0,21.1,7.51
2020-10-26,12.0,21.04,7.36
2020-10-26,13.0,21.01,7.27
2020-10-26,14.0,20.98,7.22
2020-10-26,15.0,20.92,7.06
2020-10-26,16.0,20.9,6.92
2020-10-26,17.0,20.83,6.59
2020-10-26,18.0,20.76,6.27
2020-10-26,19.0,20.51,5.51
2020-10-26,20.0,19.45,0.56
2020-10-26,22.0,16.88,0.26
2020-10-26,24.0,15.17,0.28
2020-10-26,26.0,14.7,0.28
2020-10-26,28.0,14.32,0.3
2020-10-26,30.0,13.76,0.3
2020-10-26,34.89,12.7,0.31
2021-04-27,0.1,17.9,9.86
2021-04-27,1.0,17.83,9.91
2021-04-27,2.0,16.52,10.08
2021-04-27,3.0,16.35,10.02
2021-04-27,4.0,16.2,9.99
2021-04-27,5.0,16.13,10.0
2021-04-27,6.0,16.1,9.93
2021-04-27,7.0,15.95,9.89
2021-04-27,8.0,15.66,9.81
2021-04-27,9.0,15.44,9.84
2021-04-27,10.0,14.07,9.67
2021-04-27,11.0,13.78,9.64
2021-04-27,12.0,13.15,9.46
2021-04-27,13.0,12.57,9.3
2021-04-27,14.0,12.16,9.0
2021-04-27,15.0,11.73,8.69
2021-04-27,16.0,11.31,8.4
2021-04-27,17.0,10.91,8.0
2021-04-27,18.0,10.5,7.79
2021-04-27,19.0,10.35,7.68
2021-04-27,20.0,10.22,7.58
2021-04-27,22.0,10.05,7.53
2021-04-27,24.0,9.76,7.32
2021-04-27,26.0,9.61,7.3
2021-04-27,28.0,9.44,7.15
2021-04-27,30.0,9.29,7.12
2021-04-27,35.0,9.02,6.88
2021-05-20,0.1,21.66,9.7
2021-05-20,1.0,21.65,9.73
2021-05-20,2.0,21.63,9.72
2021-05-20,3.0,21.57,9.73
2021-05-20,4.0,21.53,9.74
2021-05-20,5.0,21.43,9.77
2021-05-20,6.0,21.36,9.72
2021-05-20,7.0,21.24,9.73
2021-05-20,8.0,20.97,9.65
2021-05-20,9.0,19.95,9.48
2021-05-20,10.0,18.86,9.52
2021-05-20,11.0,17.6,8.63
2021-05-20,12.0,15.58,8.15
2021-05-20,13.0,14.51,7.93
2021-05-20,14.0,13.64,7.57
2021-05-20,15.0,12.65,7.02
2021-05-20,16.0,11.93,6.74
2021-05-20,17.0,11.51,6.71
2021-05-20,18.0,11.1,6.47
2021-05-20,19.0,10.92,6.43
2021-05-20,20.0,10.67,6.31
2021-05-20,22.0,10.39,6.19
2021-05-20,24.0,10.26,6.17
2021-05-20,26.0,9.99,6.13
2021-05-20,28.0,9.63,6.02
2021-05-20,30.0,9.47,5.87
2021-05-20,35.0,9.1,5.21
2021-05-20,40.0,9.03,4.96
2021-05-20,45.0,9.02,4.86
2021-06-23,0.1,25.78,8.43
2021-06-23,1.0,25.76,8.48
2021-06-23,2.0,25.72,8.46
2021-06-23,3.0,25.7,8.43
2021-06-23,4.0,25.67,8.4
2021-06-23,5.0,25.65,8.39
2021-06-23,6.0,25.53,8.37
2021-06-23,7.0,22.89,8.94
2021-06-23,8.0,21.26,8.44
2021-06-23,9.0,19.98,7.24
2021-06-23,10.0,18.98,6.7
2021-06-23,11.0,18.1,5.78
2021-06-23,12.0,17.2,5.21
2021-06-23,13.0,15.94,4.68
2021-06-23,14.0,15.21,4.46
2021-06-23,15.0,14.6,4.27
2021-06-23,16.0,13.78,4.1
2021-06-23,17.0,13.17,4.34
2021-06-23,18.0,12.52,4.41
2021-06-23,19.0,12.21,4.43
2021-06-23,20.0,11.89,4.63
2021-06-23,22.0,11.41,4.41
2021-06-23,24.0,11.14,4.54
2021-06-23,26.0,10.99,4.54
2021-06-23,28.0,10.66,4.77
2021-06-23,30.0,10.27,4.96
2021-06-23,35.0,9.41,3.58
2021-06-23,40.0,9.22,2.83
2021-06-23,45.04,9.2,2.59
2021-07-20,0.1,27.32,8.47
2021-07-20,1.0,27.31,8.51
2021-07-20,2.0,27.33,8.5
2021-07-20,3.0,27.33,8.47
2021-07-20,4.0,27.32,8.48
2021-07-20,5.0,27.17,8.54
2021-07-20,6.0,26.42,8.72
2021-07-20,7.0,25.7,8.96
2021-07-20,8.0,24.3,8.64
2021-07-20,9.0,22.42,6.7
2021-07-20,10.0,21.41,5.52
2021-07-20,11.0,19.83,4.23
2021-07-20,12.0,18.59,3.48
2021-07-20,13.0,17.07,2.96
2021-07-20,14.0,16.37,2.65
2021-07-20,15.0,15.3,2.53
2021-07-20,16.0,14.34,2.39
2021-07-20,17.0,13.57,2.54
2021-07-20,18.0,12.98,2.46
2021-07-20,19.0,12.56,2.62
2021-07-20,20.0,11.97,2.94
2021-07-20,22.0,11.69,2.98
2021-07-20,24.0,11.41,3.12
2021-07-20,26.0,11.13,3.41
2021-07-20,28.0,10.96,3.57
2021-07-20,30.0,10.53,3.74
2021-07-20,35.0,9.7,1.87
2021-07-20,40.0,9.49,1.13
2021-07-20,44.0,9.46,0.82
2021-09-20,0.1,26.18,7.69
2021-09-20,1.0,26.2,7.68
2021-09-20,2.0,26.2,7.7
2021-09-20,3.0,26.2,7.67
2021-09-20,4.0,26.21,7.65
2021-09-20,5.0,26.21,7.66
2021-09-20,6.0,26.16,7.89
2021-09-20,7.0,26.16,7.87
2021-09-20,8.0,26.17,7.88
2021-09-20,9.0,26.17,7.78
2021-09-20,10.0,26.17,7.8
2021-09-20,11.0,26.16,7.82
2021-09-20,12.0,26.17,7.8
2021-09-20,13.0,26.14,7.54
2021-09-20,14.0,23.17,0.27
2021-09-20,17.0,19.9,0.28
2021-09-20,19.0,17.13,0.3
2021-09-20,20.0,15.6,0.3
2021-09-20,22.0,13.95,0.34
2021-09-20,24.0,13.19,0.56
2021-09-20,26.0,12.97,0.63
2021-09-20,28.0,12.59,0.73
2021-09-20,30.0,11.95,0.82
2021-09-20,33.31,11.4,0.34
2021-10-18,0.1,23.53,7.37
2021-10-18,1.0,23.48,7.38
2021-10-18,2.0,23.41,7.35
2021-10-18,3.0,23.35,7.32
2021-10-18,4.0,23.33,7.3
2021-10-18,5.0,23.32,7.25
2021-10-18,6.0,23.31,7.24
2021-10-18,7.0,23.29,7.24
2021-10-18,8.0,23.27,7.28
2021-10-18,9.0,23.25,7.22
2021-10-18,10.0,23.25,7.15
2021-10-18,11.0,23.24,7.14
2021-10-18,12.0,23.22,6.98
2021-10-18,13.0,23.21,6.9
2021-10-18,14.0,23.12,6.3
2021-10-18,15.0,23.01,6.56
2021-10-18,16.0,22.35,3.06
2021-10-18,17.0,21.43,0.0
2021-10-18,18.0,20.34,0.0
2021-10-18,19.0,19.49,0.0
2021-10-18,20.0,18.56,0.0
2021-10-18,22.0,16.21,0.0
2021-10-18,24.0,14.85,0.0
2021-10-18,26.0,14.16,0.0
2021-10-18,28.0,13.69,0.0
2021-10-18,30.0,13.31,0.0
2021-10-18,35.0,11.91,0.0
2021-10-18,40.02,11.14,0.0
2022-04-20,0.2,15.93,10.17
2022-04-20,1.0,15.91,10.17
2022-04-20,2.0,15.84,10.24
2022-04-20,4.0,15.74,10.22
2022-04-20,5.0,15.72,10.2
2022-04-20,6.0,15.72,10.2
2022-04-20,7.0,15.71,10.25
2022-04-20,8.0,15.62,10.19
2022-04-20,9.0,15.27,10.12
2022-04-20,10.0,13.25,9.72
2022-04-20,11.0,13.15,9.74
2022-04-20,12.0,13.13,9.75
2022-04-20,13.0,13.0,9.61
2022-04-20,14.0,12.86,9.58
2022-04-20,15.0,12.71,9.38
2022-04-20,16.0,12.53,9.34
2022-04-20,17.0,12.45,9.22
2022-04-20,18.0,12.28,9.08
2022-04-20,19.0,11.91,8.74
2022-04-20,20.0,11.55,8.3
2022-04-20,22.0,10.91,7.89
2022-04-20,24.0,10.69,7.47
2022-04-20,26.0,10.44,7.46
2022-04-20,28.0,10.24,7.38
2022-04-20,30.0,10.05,7.28
2022-04-20,32.0,9.86,7.16
2022-04-20,34.0,9.66,7.0
2022-04-20,36.0,9.44,6.6
2022-04-20,38.0,9.37,6.32
2022-04-20,40.0,9.33,6.12
2022-04-20,43.0,9.32,6.04
2022-04-20,45.0,9.33,6.06
2022-05-04,0.1,21.42,9.87
2022-05-04,1.0,21.07,9.9
2022-05-04,2.0,19.78,10.42
2022-05-04,3.0,18.23,10.84
2022-05-04,4.0,17.44,10.92
2022-05-04,5.0,16.74,10.8
2022-05-04,6.0,15.87,10.58
2022-05-04,7.0,15.21,10.33
2022-05-04,8.0,14.78,9.92
2022-05-04,9.0,14.32,9.83
2022-05-04,10.0,14.11,9.69
2022-05-04,11.0,13.8,9.4
2022-05-04,12.0,13.45,9.23
2022-05-04,13.0,13.19,9.02
2022-05-04,14.0,12.93,8.85
2022-05-04,15.0,12.69,8.64
2022-05-04,16.0,12.3,8.13
2022-05-04,17.0,12.08,8.0
2022-05-04,18.0,11.86,7.66
2022-05-04,19.0,11.35,7.18
2022-05-04,20.0,10.96,6.78
2022-05-04,22.0,10.88,6.67
2022-05-04,24.0,10.72,6.62
2022-05-04,26.0,10.49,6.6
2022-05-04,28.0,10.16,6.58
2022-05-04,30.0,9.99,6.49
2022-05-04,32.0,9.76,6.17
2022-05-04,34.0,9.63,5.9
2022-05-04,36.0,9.49,5.57
2022-05-04,38.0,9.45,5.38
2022-05-04,40.0,9.41,5.09
2022-05-04,43.0,9.41,4.98
2022-05-04,46.0,9.4,4.94
2022-06-07,0.1,25.81,8.41
2022-06-07,1.0,25.82,8.39
2022-06-07,2.0,25.82,8.41
2022-06-07,3.0,25.81,8.43
2022-06-07,4.0,25.61,8.49
2022-06-07,5.0,25.52,8.53
2022-06-07,6.0,25.03,8.63
2022-06-07,7.0,23.63,8.95
2022-06-07,8.0,21.68,8.79
2022-06-07,9.0,18.33,8.6
2022-06-07,10.0,16.73,8.08
2022-06-07,11.0,15.4,7.49
2022-06-07,12.0,14.76,7.06
2022-06-07,13.0,13.97,6.78
2022-06-07,14.0,13.61,6.29
2022-06-07,15.0,13.37,6.14
2022-06-07,16.0,13.08,6.15
2022-06-07,17.0,12.82,6.06
2022-06-07,18.0,12.64,5.52
2022-06-07,19.0,12.41,5.56
2022-06-07,20.0,12.16,5.47
2022-06-07,22.0,11.85,5.39
2022-06-07,24.0,11.56,5.27
2022-06-07,26.0,11.1,5.26
2022-06-07,28.0,10.97,5.23
2022-06-07,30.0,10.71,5.04
2022-06-07,35.0,10.03,3.77
2022-06-07,40.0,9.9,3.27
2022-06-07,42.3,9.87,2.86
2022-08-18,0.1,28.38,8.22
2022-08-18,1.0,28.38,8.19
2022-08-18,2.0,28.38,8.15
2022-08-18,3.0,28.36,8.16
2022-08-18,4.0,28.36,8.14
2022-08-18,5.0,28.33,8.13
2022-08-18,6.0,28.32,8.13
2022-08-18,7.0,28.3,8.1
2022-08-18,8.0,28.3,8.05
2022-08-18,9.0,28.28,8.04
2022-08-18,10.0,27.6,8.06
2022-08-18,11.0,23.2,6.5
2022-08-18,12.0,21.4,4.86
2022-08-18,13.0,19.33,3.42
2022-08-18,14.0,17.87,2.3
2022-08-18,15.0,16.46,1.36
2022-08-18,16.0,15.53,1.09
2022-08-18,17.0,14.7,1.29
2022-08-18,18.0,14.04,1.35
2022-08-18,19.0,13.64,1.43
2022-08-18,20.0,13.28,1.37
2022-08-18,22.0,13.03,1.33
2022-08-18,24.0,12.81,1.41
2022-08-18,26.0,12.61,1.54
2022-08-18,28.0,12.43,1.82
2022-08-18,30.0,12.06,1.83
2022-08-18,35.0,11.12,0.0
2022-08-18,37.9,10.77,0.0
2022-09-27,0.1,25.38,7.83
2022-09-27,1.0,25.35,7.84
2022-09-27,3.0,25.35,7.77
2022-09-27,4.0,25.34,7.72
2022-09-27,5.0,25.32,7.71
2022-09-27,6.0,25.31,7.68
2022-09-27,7.0,25.29,7.67
2022-09-27,8.0,25.28,7.7
2022-09-27,9.0,25.24,7.67
2022-09-27,10.0,25.21,7.77
2022-09-27,11.0,25.14,7.78
2022-09-27,12.0,23.15,0.7
2022-09-27,13.0,21.84,0.09
2022-09-27,14.0,20.18,0.0
2022-09-27,15.0,18.82,0.0
2022-09-27,16.0,17.12,0.0
2022-09-27,17.0,15.95,0.0
2022-09-27,18.0,15.22,0.0
2022-09-27,19.0,14.54,0.0
2022-09-27,20.0,14.12,0.0
2022-09-27,21.0,13.87,0.0
2022-09-27,22.0,13.74,0.0
2022-09-27,24.0,13.43,0.0
2022-09-27,26.0,13.31,0.0
2022-09-27,28.0,12.99,0.0
2022-09-27,30.0,12.74,0.29
2022-09-27,35.0,11.75,0.0
2022-09-27,40.0,11.23,0.0
2022-09-27,45.0,11.04,0.0
2022-09-27,45.7,11.04,0.0
2022-10-04,0.1,22.89,7.91
2022-10-04,1.0,22.9,7.88
2022-10-04,2.0,22.87,7.82
2022-10-04,3.0,22.86,7.71
2022-10-04,4.0,22.86,7.76
2022-10-04,5.0,22.85,7.72
2022-10-04,6.0,22.85,7.73
2022-10-04,7.0,22.85,7.74
2022-10-04,8.0,22.85,7.73
2022-10-04,9.0,22.85,7.72
2022-10-04,10.0,22.84,7.68
2022-10-04,11.0,22.84,7.69
2022-10-04,12.0,22.83,7.67
2022-10-04,13.0,22.83,7.72
2022-10-04,14.0,22.8,7.75
2022-10-04,15.0,21.12,3.03
2022-10-04,16.0,18.7,0.29
2022-10-04,17.0,16.77,0.0
2022-10-04,18.0,15.6,0.0
2022-10-04,19.0,14.95,0.0
2022-10-04,20.0,14.44,0.0
2022-10-04,22.0,13.85,0.0
2022-10-04,24.0,13.55,0.0
2022-10-04,26.0,13.38,0.0
2022-10-04,28.0,13.08,0.0
2022-10-04,30.0,12.78,0.0
2022-10-04,35.0,11.89,0.0
2022-10-04,40.0,11.37,0.0
2022-10-04,45.0,11.09,0.0
2023-04-17,0.1,15.7,10.21
2023-04-17,1.0,15.7,10.21
2023-04-17,2.0,15.7,10.21
2023-04-17,3.0,15.3,10.22
2023-04-17,4.0,15.1,10.16
2023-04-17,5.0,14.8,10.03
2023-04-17,6.0,14.6,9.9
2023-04-17,7.0,14.4,9.83
2023-04-17,8.0,13.7,9.64
2023-04-17,9.0,13.3,9.47
2023-04-17,10.0,13.2,9.32
2023-04-17,11.0,12.5,9.03
2023-04-17,12.0,12.3,8.9
2023-04-17,13.0,12.2,8.8
2023-04-17,14.0,12.1,8.67
2023-04-17,15.0,11.6,8.31
2023-04-17,16.0,11.3,8.14
2023-04-17,17.0,10.9,7.87
2023-04-17,18.0,10.8,7.73
2023-04-17,19.0,10.7,7.65
2023-04-17,20.0,10.6,7.56
2023-04-17,22.0,10.3,7.41
2023-04-17,24.0,10.2,7.25
2023-04-17,26.0,10.1,7.14
2023-04-17,28.0,9.94,7.04
2023-04-17,30.0,9.89,6.94
2023-04-17,35.0,9.72,6.57
2023-04-17,40.0,9.67,6.33
2023-04-17,42.9,9.67,3.54
2023-05-24,0.1,22.44,8.73
2023-05-24,1.0,22.44,8.73
2023-05-24,2.0,22.44,8.74
2023-05-24,3.0,22.39,8.75
2023-05-24,4.0,22.33,8.75
2023-05-24,5.0,22.33,8.75
2023-05-24,6.0,22.28,8.75
2023-05-24,7.0,22.28,8.75
2023-05-24,8.0,22.22,8.72
2023-05-24,9.0,22.22,8.71
2023-05-24,10.0,22.22,8.7
2023-05-24,11.0,18.17,9.07
2023-05-24,12.0,16.39,8.82
2023-05-24,13.0,16.0,8.58
2023-05-24,14.0,15.33,8.03
2023-05-24,15.0,14.72,7.57
2023-05-24,16.0,14.22,7.19
2023-05-24,17.0,13.17,6.53
2023-05-24,18.0,12.67,6.19
2023-05-24,19.0,12.22,5.94
2023-05-24,20.0,12.06,5.79
2023-05-24,22.0,11.61,5.57
2023-05-24,24.0,11.44,5.5
2023-05-24,26.0,11.17,5.41
2023-05-24,28.0,10.83,5.22
2023-05-24,30.0,10.61,5.06
2023-05-24,35.0,10.11,4.14
2023-05-24,40.0,10.0,3.65
2023-05-24,45.0,9.94,3.44
2023-05-24,45.38,10.0,2.49
2023-06-26,0.1,25.2,8.66
2023-06-26,1.0,24.83,8.73
2023-06-26,2.0,24.83,8.73
2023-06-26,3.0,24.78,8.73
2023-06-26,4.0,24.78,8.72
2023-06-26,5.0,24.67,8.74
2023-06-26,6.0,23.72,8.71
2023-06-26,7.0,22.67,8.6
2023-06-26,8.0,21.78,8.54
2023-06-26,9.0,20.39,7.94
2023-06-26,10.0,18.78,6.88
2023-06-26,11.0,17.72,6.58
2023-06-26,12.0,16.89,5.96
2023-06-26,13.0,16.06,5.77
2023-06-26,14.0,15.56,5.41
2023-06-26,15.0,15.06,5.21
2023-06-26,16.0,14.78,5.06
2023-06-26,17.0,14.22,4.82
2023-06-26,18.0,13.56,4.41
2023-06-26,19.0,13.06,4.13
2023-06-26,20.0,12.67,3.92
2023-06-26,22.0,12.28,3.7
2023-06-26,24.0,12.11,3.63
2023-06-26,26.0,11.83,3.61
2023-06-26,28.0,11.5,3.57
2023-06-26,30.0,11.06,3.26
2023-06-26,35.0,10.39,1.68
2023-06-26,40.0,10.28,1.28
2023-06-26,45.0,10.22,0.9
2023-06-26,46.48,10.22,0.71
2023-07-26,0.1,29.33,8.24
2023-07-26,1.0,29.11,8.27
2023-07-26,2.0,29.0,8.29
2023-07-26,3.0,28.94,8.3
2023-07-26,4.0,28.89,8.25
2023-07-26,5.0,28.67,8.37
2023-07-26,6.0,28.44,8.34
2023-07-26,7.0,27.22,8.91
2023-07-26,8.0,25.22,9.69
2023-07-26,9.0,23.5,9.09
2023-07-26,10.0,21.72,7.25
2023-07-26,11.0,20.56,6.12
2023-07-26,12.0,19.06,5.07
2023-07-26,13.0,17.5,4.08
2023-07-26,14.0,16.78,3.56
2023-07-26,15.0,15.94,3.12
2023-07-26,16.0,15.39,2.87
2023-07-26,17.0,14.56,2.68
2023-07-26,18.0,14.0,2.64
2023-07-26,19.0,13.61,2.52
2023-07-26,20.0,13.17,2.24
2023-07-26,22.0,12.83,2.23
2023-07-26,24.0,12.61,2.19
2023-07-26,26.0,12.33,2.22
2023-07-26,28.0,12.0,2.41
2023-07-26,30.0,11.72,2.3
2023-07-26,35.0,10.89,0.67
2023-07-26,40.0,10.56,0.25
2023-07-26,43.52,10.5,0.23
2023-08-21,0.1,29.17,8.28
2023-08-21,1.0,28.83,8.33
2023-08-21,2.0,28.72,8.34
2023-08-21,3.0,28.67,8.32
2023-08-21,4.0,28.61,8.23
2023-08-21,5.0,28.56,8.22
2023-08-21,6.0,28.28,8.25
2023-08-21,7.0,28.11,8.29
2023-08-21,8.0,27.94,8.23
2023-08-21,9.0,26.5,8.6
2023-08-21,10.0,24.44,7.88
2023-08-21,11.0,22.39,5.32
2023-08-21,12.0,20.56,3.17
2023-08-21,13.0,19.17,1.88
2023-08-21,14.0,17.67,1.12
2023-08-21,15.0,16.72,0.89
2023-08-21,16.0,15.89,0.76
2023-08-21,17.0,15.06,0.81
2023-08-21,18.0,14.39,0.94
2023-08-21,19.0,13.83,0.97
2023-08-21,20.0,13.67,0.96
2023-08-21,22.0,13.28,0.99
2023-08-21,24.0,13.06,0.98
2023-08-21,26.0,12.78,1.11
2023-08-21,28.0,12.44,1.23
2023-08-21,30.0,12.11,0.94
2023-08-21,35.0,11.33,0.17
2023-08-21,40.0,10.94,0.12
2023-08-21,40.8,10.94,0.11
2023-09-20,0.1,26.17,7.61
2023-09-20,1.0,26.11,7.66
2023-09-20,2.0,26.06,7.66
2023-09-20,3.0,26.06,7.62
2023-09-20,4.0,26.06,7.59
2023-09-20,5.0,26.0,7.53
2023-09-20,6.0,26.0,7.51
2023-09-20,7.0,26.0,7.5
2023-09-20,8.0,26.0,7.49
2023-09-20,9.0,26.0,7.47
2023-09-20,10.0,25.94,7.47
2023-09-20,11.0,25.94,7.47
2023-09-20,12.0,24.94,4.22
2023-09-20,13.0,22.28,1.0
2023-09-20,14.0,20.17,0.4
2023-09-20,15.0,19.17,0.34
2023-09-20,16.0,18.0,0.31
2023-09-20,17.0,16.89,0.29
2023-09-20,18.0,16.06,0.28
2023-09-20,19.0,15.33,0.27
2023-09-20,20.0,14.72,0.27
2023-09-20,22.0,14.22,0.28
2023-09-20,24.0,13.94,0.27
2023-09-20,26.0,13.5,0.27
2023-09-20,28.0,13.17,0.31
2023-09-20,30.0,12.83,0.25
2023-09-20,35.0,11.83,0.24
2023-09-20,40.0,11.44,0.23
2023-09-20,42.55,11.33,0.23
2023-10-18,0.1,20.85,7.64
2023-10-18,1.0,20.77,7.63
2023-10-18,2.0,20.72,7.63
2023-10-18,3.0,20.69,7.61
2023-10-18,4.0,20.66,7.58
2023-10-18,5.0,20.65,7.55
2023-10-18,6.0,20.63,7.53
2023-10-18,7.0,20.63,7.52
2023-10-18,8.0,20.62,7.49
2023-10-18,9.0,20.62,7.49
2023-10-18,10.0,20.62,7.48
2023-10-18,11.0,20.61,7.47
2023-10-18,12.0,20.61,7.47
2023-10-18,13.0,20.61,7.46
2023-10-18,14.0,20.6,7.44
2023-10-18,15.0,20.6,7.47
2023-10-18,16.0,20.57,7.4
2023-10-18,17.0,18.01,2.17
2023-10-18,18.0,17.17,0.68
2023-10-18,19.0,15.99,0.48
2023-10-18,20.0,15.24,0.39
2023-10-18,22.0,14.71,0.35
2023-10-18,24.0,14.31,0.33
2023-10-18,26.0,14.08,0.32
2023-10-18,28.0,13.77,0.31
2023-10-18,30.0,13.28,0.3
2023-10-18,35.0,12.46,0.29
2023-10-18,37.47,12.12,0.29
2024-04-18,0.1,16.95,9.8
2024-04-18,1.0,16.85,9.85
2024-04-18,2.0,16.32,9.95
2024-04-18,3.0,15.93,9.99
2024-04-18,4.0,15.29,10.04
2024-04-18,5.0,14.77,10.1
2024-04-18,6.0,14.55,10.06
2024-04-18,7.0,14.41,9.98
2024-04-18,8.0,14.15,9.82
2024-04-18,9.0,13.92,9.68
2024-04-18,10.0,13.86,9.69
2024-04-18,11.0,13.77,9.56
2024-04-18,12.0,13.63,9.49
2024-04-18,13.0,13.55,9.47
2024-04-18,14.0,13.27,9.41
2024-04-18,15.0,12.46,9.09
2024-04-18,16.0,12.15,8.99
2024-04-18,17.0,11.56,8.64
2024-04-18,18.0,11.04,8.36
2024-04-18,19.0,10.81,8.19
2024-04-18,20.0,10.5,7.94
2024-04-18,22.0,10.24,7.68
2024-04-18,24.0,10.1,7.57
2024-04-18,26.0,9.84,7.45
2024-04-18,28.0,9.47,7.25
2024-04-18,30.0,9.36,7.16
2024-04-18,35.0,9.07,6.64
2024-06-05,0.1,25.4,8.77
2024-06-05,1.0,25.3,8.82
2024-06-05,2.0,25.2,8.87
2024-06-05,3.0,25.2,8.88
2024-06-05,4.0,25.1,8.88
2024-06-05,5.0,24.8,8.91
2024-06-05,6.0,23.9,8.9
2024-06-05,7.0,20.4,9.59
2024-06-05,8.0,18.2,9.58
2024-06-05,9.0,17.1,9.27
2024-06-05,10.0,16.3,8.97
2024-06-05,11.0,15.7,8.62
2024-06-05,12.0,14.8,8.05
2024-06-05,13.0,14.3,7.73
2024-06-05,14.0,13.8,7.57
2024-06-05,15.0,13.4,7.09
2024-06-05,16.0,13.1,6.91
2024-06-05,17.0,12.6,6.66
2024-06-05,18.0,12.4,6.61
2024-06-05,19.0,12.2,6.42
2024-06-05,20.0,11.6,6.14
2024-06-05,22.0,11.2,5.93
2024-06-05,24.0,11.0,5.86
2024-06-05,26.0,10.8,5.85
2024-06-05,28.0,10.6,5.8
2024-06-05,30.0,10.3,5.64
2024-06-05,32.0,9.83,5.22
2024-07-29,0.1,28.7,8.04
2024-07-29,1.0,28.65,8.08
2024-07-29,3.0,28.46,8.09
2024-07-29,4.0,28.43,8.08
2024-07-29,5.0,28.41,8.07
2024-07-29,6.0,28.38,8.04
2024-07-29,7.0,25.58,8.8
2024-07-29,9.0,22.72,8.46
2024-07-29,10.0,20.09,6.82
2024-07-29,11.0,17.36,5.52
2024-07-29,12.0,16.3,5.17
2024-07-29,13.0,15.65,4.78
2024-07-29,14.0,14.9,4.32
2024-07-29,15.0,14.27,3.97
2024-07-29,16.0,13.66,3.77
2024-07-29,17.0,13.16,3.35
2024-07-29,18.0,12.97,3.47
2024-07-29,19.0,12.55,3.28
2024-07-29,20.0,12.31,3.16
2024-07-29,22.0,12.01,3.1
2024-07-29,24.0,11.78,3.12
2024-07-29,26.0,11.6,3.21
2024-07-29,28.0,11.33,3.44
2024-07-29,30.0,11.09,3.44
2024-07-29,35.0,10.11,1.12
2024-07-29,40.0,9.85,0.3
2024-07-29,43.26,9.8,0.27
2024-08-22,0.1,27.94,7.97
2024-08-22,1.0,27.94,7.96
2024-08-22,2.0,27.94,7.97
2024-08-22,3.0,27.94,7.96
2024-08-22,4.0,27.89,7.95
2024-08-22,5.0,27.89,7.94
2024-08-22,6.0,27.89,7.94
2024-08-22,7.0,27.89,7.93
2024-08-22,8.0,27.89,7.93
2024-08-22,9.0,27.89,7.92
2024-08-22,10.0,27.89,7.92
2024-08-22,11.0,27.61,7.83
2024-08-22,12.0,21.67,5.17
2024-08-22,13.0,18.83,3.75
2024-08-22,14.0,17.17,3.01
2024-08-22,15.0,15.5,2.25
2024-08-22,16.0,14.83,2.06
2024-08-22,17.0,14.06,2.01
2024-08-22,18.0,13.5,2.07
2024-08-22,19.0,13.22,2.06
2024-08-22,20.0,12.94,2.09
2024-08-22,22.0,12.67,2.08
2024-08-22,24.0,12.33,2.13
2024-08-22,26.0,12.11,2.26
2024-08-22,28.0,11.83,2.42
2024-08-22,30.0,11.67,2.39
2024-08-22,35.0,10.67,0.72
2024-08-22,40.0,10.22,0.29
2024-08-22,45.0,10.11,0.27
2024-08-22,46.0,10.06,0.25
2024-09-18,0.1,22.55,7.81
2024-09-18,1.0,22.55,7.82
2024-09-18,2.0,22.5,7.81
2024-09-18,3.0,22.5,7.8
2024-09-18,4.0,22.5,7.78
2024-09-18,5.0,22.5,7.77
2024-09-18,6.0,22.5,7.75
2024-09-18,7.0,22.5,7.73
2024-09-18,8.0,22.5,7.71
2024-09-18,9.0,22.5,7.69
2024-09-18,10.0,22.5,7.66
2024-09-18,11.0,22.5,7.65
2024-09-18,12.0,22.5,7.62
2024-09-18,13.0,22.5,7.59
2024-09-18,14.0,22.35,7.55
2024-09-18,15.0,18.8,2.96
2024-09-18,16.0,15.4,0.67
2024-09-18,17.0,14.55,0.66
2024-09-18,18.0,13.9,0.68
2024-09-18,19.0,13.55,0.77
2024-09-18,20.0,13.2,0.82
2024-09-18,22.0,12.9,0.86
2024-09-18,24.0,12.7,0.87
2024-09-18,26.0,12.5,0.88
2024-09-18,28.0,12.35,0.98
2024-09-18,30.0,12.15,1.17
2024-09-18,35.0,11.9,1.25
2024-09-18,40.0,10.95,0.37
2024-09-18,45.0,10.6,0.3
2024-10-03,0.1,24.4,8.04
2024-10-03,1.0,24.3,8.05
2024-10-03,2.0,24.2,8.08
2024-10-03,3.0,24.1,8.07
2024-10-03,4.0,24.1,8.07
2024-10-03,5.0,24.0,8.03
2024-10-03,6.0,24.0,7.95
2024-10-03,7.0,24.0,7.89
2024-10-03,8.0,23.8,7.69
2024-10-03,9.0,23.7,7.45
2024-10-03,10.0,23.6,7.33
2024-10-03,11.0,23.6,7.12
2024-10-03,12.0,23.2,6.41
2024-10-03,13.0,22.6,5.01
2024-10-03,14.0,21.6,3.95
2024-10-03,15.0,19.2,1.56
2024-10-03,16.0,16.9,0.76
2024-10-03,17.0,15.8,0.4
2024-10-03,18.0,14.9,0.37
2024-10-03,19.0,14.2,0.38
2024-10-03,20.0,13.8,0.36
2024-10-03,22.0,13.4,0.4
2024-10-03,24.0,13.2,0.38
2024-10-03,26.0,12.9,0.35
2024-10-03,28.0,12.7,0.41
2024-10-03,30.0,12.3,0.63
2024-10-03,35.0,11.6,0.26
2024-10-03,40.0,11.1,0.24
2024-10-03,45.0,10.7,0.24
2025-04-30,0.1,22.46,9.21
2025-04-30,1.0,22.14,9.38
2025-04-30,2.0,21.8,9.53
2025-04-30,3.0,21.53,9.69
2025-04-30,4.0,21.22,9.66
2025-04-30,5.0,19.98,9.99
2025-04-30,6.0,17.78,10.25
2025-04-30,7.0,16.05,10.74
2025-04-30,8.0,15.18,10.69
2025-04-30,9.0,14.13,10.38
2025-04-30,10.0,13.63,10.25
2025-04-30,11.0,12.91,10.04
2025-04-30,12.0,11.91,9.74
2025-04-30,13.0,11.38,9.54
2025-04-30,14.0,11.04,9.29
2025-04-30,15.0,10.65,8.98
2025-04-30,16.0,10.44,8.77
2025-04-30,17.0,10.25,8.61
2025-04-30,18.0,10.07,8.32
2025-04-30,19.0,9.96,8.26
2025-04-30,20.0,9.95,8.21
2025-04-30,22.0,9.85,8.19
2025-04-30,24.0,9.8,8.17
2025-04-30,26.0,9.62,8.16
2025-04-30,27.0,9.39,8.12
2025-04-30,28.0,9.11,7.97
2025-04-30,29.0,8.84,7.62
2025-04-30,30.0,8.68,7.33
2025-04-30,35.0,8.48,6.73
2025-04-30,40.0,8.44,6.52
2025-05-07,0.1,20.73,9.3
2025-05-07,1.0,20.66,9.33
2025-05-07,2.0,20.66,9.32
2025-05-07,3.0,20.63,9.33
2025-05-07,4.0,20.05,9.66
2025-05-07,5.0,18.66,10.52
2025-05-07,6.0,17.22,10.87
2025-05-07,7.0,16.5,10.74
2025-05-07,8.0,16.02,10.76
2025-05-07,9.0,15.56,10.75
2025-05-07,10.0,14.77,10.46
2025-05-07,11.0,13.99,10.14
2025-05-07,12.0,13.56,10.01
2025-05-07,13.0,12.64,9.77
2025-05-07,14.0,11.77,9.44
2025-05-07,15.0,11.44,9.23
2025-05-07,16.0,11.21,9.07
2025-05-07,17.0,10.83,8.8
2025-05-07,18.0,10.46,8.42
2025-05-07,19.0,10.34,8.27
2025-05-07,20.0,10.13,8.01
2025-05-07,22.0,10.01,7.96
2025-05-07,24.0,9.87,7.84
2025-05-07,26.0,9.72,7.89
2025-05-07,28.0,9.44,7.89
2025-05-07,30.0,9.17,7.76
2025-05-07,35.0,8.61,6.69
2025-06-04,0.1,23.83,8.85
2025-06-04,1.0,23.63,8.9
2025-06-04,2.0,23.46,8.94
2025-06-04,3.0,23.36,8.97
2025-06-04,4.0,23.3,8.99
2025-06-04,5.0,23.3,8.99
2025-06-04,6.0,23.29,8.98
2025-06-04,7.0,23.09,8.97
2025-06-04,8.0,21.75,9.04
2025-06-04,9.0,21.31,9.1
2025-06-04,10.0,19.87,8.9
2025-06-04,11.0,18.08,8.77
2025-06-04,12.0,16.29,8.56
2025-06-04,13.0,14.73,8.28
2025-06-04,14.0,13.83,8.0
2025-06-04,15.0,12.96,7.82
2025-06-04,16.0,12.33,7.6
2025-06-04,17.0,11.81,7.4
2025-06-04,18.0,11.33,7.22
2025-06-04,19.0,11.11,7.06
2025-06-04,20.0,10.83,6.96
2025-06-04,22.0,10.54,6.8
2025-06-04,24.0,10.32,6.83
2025-06-04,26.0,10.11,6.88
2025-06-04,28.0,9.89,6.87
2025-06-04,30.0,9.62,6.68
2025-06-04,35.0,9.11,5.8
2025-06-04,39.75,8.9,4.7
2025-07-07,0.1,29.66,7.82
2025-07-07,1.0,29.64,7.83
2025-07-07,2.0,29.61,7.85
2025-07-07,3.0,29.57,7.84
2025-07-07,4.0,29.53,7.82
2025-07-07,5.0,29.51,7.78
2025-07-07,6.0,27.81,8.44
2025-07-07,7.0,24.84,9.17
2025-07-07,8.0,22.53,9.32
2025-07-07,9.0,20.68,8.49
2025-07-07,10.0,19.63,7.62
2025-07-07,11.0,18.3,7.0
2025-07-07,12.0,17.45,6.84
2025-07-07,13.0,16.47,6.76
2025-07-07,14.0,15.3,6.54
2025-07-07,15.0,13.83,6.13
2025-07-07,16.0,13.0,5.78
2025-07-07,17.0,12.52,5.62
2025-07-07,18.0,12.11,5.53
2025-07-07,19.0,11.6,5.22
2025-07-07,20.0,11.39,5.17
2025-07-07,22.0,11.2,5.05
2025-07-07,24.0,11.03,5.07
2025-07-07,26.0,10.78,5.21
2025-07-07,28.0,10.58,5.4
2025-07-07,30.0,10.19,5.31
2025-07-07,35.0,9.5,4.02
2025-07-07,37.38,9.32,2.96
2025-10-07,0.1,23.87,7.91
2025-10-07,1.0,23.88,7.87
2025-10-07,2.0,23.88,7.85
2025-10-07,3.0,23.88,7.87
2025-10-07,4.0,23.88,7.87
2025-10-07,5.0,23.88,7.86
2025-10-07,6.0,23.87,7.85
2025-10-07,7.0,23.87,7.85
2025-10-07,8.0,23.87,7.85
2025-10-07,9.0,23.87,7.85
2025-10-07,10.0,23.87,7.86
2025-10-07,11.0,23.86,7.84
2025-10-07,12.0,23.86,7.84
2025-10-07,13.0,23.86,7.83
2025-10-07,14.0,23.86,7.82
2025-10-07,15.0,23.84,7.81
2025-10-07,16.0,17.95,1.78
2025-10-07,17.0,16.43,0.77
2025-10-07,18.0,15.52,0.61
2025-10-07,19.0,14.38,0.55
2025-10-07,20.0,13.71,0.59
2025-10-07,22.0,13.3,0.65
2025-10-07,24.0,12.95,0.7
2025-10-07,26.0,12.67,0.74
2025-10-07,28.0,12.38,0.86
2025-10-07,30.0,12.16,1.09
2025-10-07,35.0,11.34,0.57
2025-10-07,40.0,10.6,0.46
