Date,Depth_m,Temp_C,DO_mgL
2000-04-27,0.4,16.29,10.11
2000-04-27,1.0,16.18,10.0
2000-04-27,2.0,15.96,10.06
2000-04-27,3.0,15.76,9.85
2000-04-27,4.0,15.71,9.58
2000-04-27,5.0,15.66,9.32
2000-04-27,6.0,15.61,8.93
2000-04-27,7.0,15.56,8.68
2000-04-27,8.0,15.41,8.28
2000-04-27,9.0,15.2,7.59
2000-04-27,10.0,14.86,7.63
2000-04-27,11.0,14.78,7.3
2000-04-27,12.0,14.56,7.08
2000-04-27,13.0,14.38,7.07
2000-04-27,14.0,14.2,6.81
2000-04-27,15.1,14.02,6.82
2000-04-27,15.9,13.87,6.48
2000-04-27,17.0,13.68,6.55
2000-04-27,18.0,13.6,6.47
2000-04-27,18.9,13.39,6.49
2000-04-27,19.8,13.22,6.23
2000-04-27,20.0,13.17,6.29
2000-04-27,22.0,12.46,6.17
2000-04-27,24.0,11.85,5.98
2000-04-27,26.0,11.51,5.95
2000-04-27,28.0,11.16,5.76
2000-04-27,30.0,10.98,5.86
2000-04-27,35.0,10.57,5.38
2000-05-31,0.4,25.59,9.31
2000-05-31,1.0,25.31,9.31
2000-05-31,2.0,25.07,9.36
2000-05-31,3.0,24.64,9.31
2000-05-31,4.0,24.47,9.23
2000-05-31,5.0,24.36,9.12
2000-05-31,6.0,20.53,8.54
2000-05-31,7.0,19.63,7.73
2000-05-31,8.0,18.38,6.83
2000-05-31,9.0,16.68,5.8
2000-05-31,10.0,16.36,5.08
2000-05-31,11.0,15.93,4.98
2000-05-31,12.0,15.64,4.84
2000-05-31,13.0,15.49,5.0
2000-05-31,14.0,15.31,4.95
2000-05-31,15.0,15.21,4.67
2000-05-31,16.0,15.07,4.75
2000-05-31,17.0,14.89,4.67
2000-05-31,18.0,14.76,4.71
2000-05-31,19.0,14.51,4.61
2000-05-31,20.0,14.42,4.5
2000-05-31,21.0,14.16,4.12
2000-05-31,23.0,13.89,3.79
2000-05-31,25.0,13.64,3.51
2000-05-31,27.0,13.48,3.33
2000-05-31,29.0,13.18,3.06
2000-05-31,31.0,12.88,2.68
2000-05-31,33.0,12.27,2.69
2000-05-31,35.0,11.88,2.41
2000-05-31,37.0,11.48,1.85
2000-05-31,39.0,11.27,0.75
2000-06-22,0.1,28.79,8.27
2000-06-22,1.0,28.75,8.25
2000-06-22,2.0,28.7,8.21
2000-06-22,3.0,27.26,9.51
2000-06-22,4.0,26.07,9.15
2000-06-22,5.0,24.58,6.41
2000-06-22,6.0,23.41,4.53
2000-06-22,7.0,22.23,2.88
2000-06-22,8.0,20.69,2.08
2000-06-22,9.0,18.92,2.08
2000-06-22,10.0,17.49,2.75
2000-06-22,11.0,16.7,2.42
2000-06-22,12.0,16.29,2.59
2000-06-22,13.0,15.98,2.12
2000-06-22,14.0,15.89,1.63
2000-06-22,15.0,15.76,1.72
2000-06-22,16.0,15.63,2.94
2000-06-22,17.0,15.51,2.51
2000-06-22,18.0,15.39,3.86
2000-06-22,19.0,15.31,2.24
2000-06-22,20.0,15.23,2.49
2000-06-22,22.0,15.09,2.06
2000-06-22,24.0,14.9,1.63
2000-06-22,26.0,14.68,1.45
2000-06-22,28.0,14.44,1.02
2000-06-22,30.0,14.2,1.13
2000-06-22,35.0,13.34,0.79
2000-06-22,38.7,12.45,0.14
2000-07-13,0.2,29.9,7.78
2000-07-13,1.0,29.62,7.82
2000-07-13,2.0,29.48,7.8
2000-07-13,3.0,29.44,7.82
2000-07-13,4.0,29.36,7.7
2000-07-13,5.0,29.16,7.47
2000-07-13,6.0,27.62,5.48
2000-07-13,7.0,25.86,3.29
2000-07-13,9.0,22.95,0.4
2000-07-13,10.0,21.34,0.31
2000-07-13,11.0,20.34,0.45
2000-07-13,12.0,19.25,0.48
2000-07-13,13.0,18.46,0.12
2000-07-13,14.0,17.75,0.17
2000-07-13,15.0,17.01,0.23
2000-07-13,16.0,16.65,0.4
2000-07-13,17.0,16.39,0.47
2000-07-13,18.0,16.08,0.43
2000-07-13,19.0,15.86,0.71
2000-07-13,20.0,15.73,0.54
2000-07-13,22.0,15.5,0.19
2000-07-13,24.0,15.39,0.0
2000-07-13,26.0,15.28,0.0
2000-07-13,28.0,15.18,0.48
2000-07-13,30.0,14.94,0.36
2000-07-13,35.0,14.26,0.87
2000-07-13,38.7,13.55,0.15
2000-08-23,0.2,28.5,7.29
2000-08-23,1.0,28.26,7.28
2000-08-23,2.0,28.14,7.12
2000-08-23,3.0,28.09,7.14
2000-08-23,4.0,28.06,7.04
2000-08-23,5.0,28.01,6.72
2000-08-23,6.0,27.97,6.73
2000-08-23,7.0,27.92,6.49
2000-08-23,8.0,27.86,6.47
2000-08-23,9.0,27.54,4.53
2000-08-23,10.0,26.1,0.29
2000-08-23,11.0,25.23,0.15
2000-08-23,12.0,24.38,0.1
2000-08-23,13.0,23.58,0.15
2000-08-23,14.0,22.92,0.09
2000-08-23,15.0,22.47,0.08
2000-08-23,16.0,22.1,0.16
2000-08-23,17.0,21.43,0.19
2000-08-23,19.0,20.2,0.08
2000-08-23,20.0,19.85,0.09
2000-08-23,22.0,18.84,0.23
2000-08-23,24.0,17.93,0.21
2000-08-23,26.0,17.22,0.13
2000-08-23,28.0,16.77,0.16
2000-08-23,30.0,16.15,0.19
2000-08-23,35.0,15.42,0.07
2000-08-23,37.6,14.93,0.06
2000-09-20,0.2,25.46,5.92
2000-09-20,1.0,25.15,5.79
2000-09-20,2.0,25.03,5.75
2000-09-20,3.0,24.95,5.76
2000-09-20,4.0,24.9,5.57
2000-09-20,5.0,24.87,5.29
2000-09-20,6.0,24.68,4.32
2000-09-20,7.0,24.66,4.26
2000-09-20,8.0,24.64,4.31
2000-09-20,9.0,24.63,4.26
2000-09-20,10.0,24.63,4.25
2000-09-20,11.0,24.61,4.27
2000-09-20,12.0,24.59,4.29
2000-09-20,13.0,24.56,4.12
2000-09-20,14.0,24.49,4.56
2000-09-20,15.0,24.37,2.46
2000-09-20,16.0,24.25,0.68
2000-09-20,17.0,24.18,0.34
2000-09-20,18.0,23.99,0.29
2000-09-20,19.0,23.86,0.26
2000-09-20,20.0,23.78,0.09
2000-09-20,22.0,23.55,0.35
2000-09-20,24.0,23.41,0.33
2000-09-20,26.0,22.26,0.1
2000-09-20,28.0,21.08,0.08
2000-09-20,30.0,19.95,0.08
2000-09-20,34.9,16.91,0.36
2000-10-17,0.1,20.86,6.7
2000-10-17,1.0,20.42,6.12
2000-10-17,2.0,20.19,5.7
2000-10-17,3.0,20.17,5.63
2000-10-17,4.0,20.16,5.59
2000-10-17,5.0,20.15,5.53
2000-10-17,6.0,20.14,5.47
2000-10-17,7.0,20.11,5.34
2000-10-17,8.0,20.1,5.31
2000-10-17,9.0,20.03,5.23
2000-10-17,10.0,19.94,5.2
2000-10-17,11.0,19.88,5.1
2000-10-17,12.0,19.86,5.01
2000-10-17,13.0,19.84,5.0
2000-10-17,14.0,19.77,4.99
2000-10-17,15.0,19.68,4.98
2000-10-17,16.0,19.53,4.91
2000-10-17,16.9,19.44,4.53
2000-10-17,17.0,19.45,4.6
2000-10-17,18.0,19.38,4.47
2000-10-17,19.0,19.33,4.67
2000-10-17,20.0,19.22,4.57
2000-10-17,22.0,19.05,4.15
2000-10-17,24.0,18.74,3.99
2000-10-17,26.0,18.61,3.94
2000-10-17,28.0,18.52,3.87
2000-10-17,30.0,18.51,3.9
2000-10-17,35.0,17.78,0.44
2001-04-26,1.0,18.2,9.68
2001-04-26,2.0,17.85,9.71
2001-04-26,3.0,17.73,9.81
2001-04-26,4.0,16.25,9.42
2001-04-26,5.0,14.96,8.9
2001-04-26,6.0,14.2,8.85
2001-04-26,7.0,13.62,8.58
2001-04-26,8.0,13.12,8.65
2001-04-26,8.9,12.73,8.56
2001-04-26,10.0,12.34,8.36
2001-04-26,11.0,12.05,7.97
2001-04-26,12.0,11.86,7.93
2001-04-26,13.0,11.66,7.75
2001-04-26,14.0,11.53,7.77
2001-04-26,15.0,11.45,7.76
2001-04-26,16.0,11.37,7.73
2001-04-26,17.0,11.31,7.78
2001-04-26,18.0,11.23,7.74
2001-04-26,19.0,11.13,7.71
2001-04-26,20.0,11.11,7.68
2001-04-26,22.1,11.06,7.67
2001-04-26,24.0,10.99,7.51
2001-04-26,26.0,10.94,7.56
2001-04-26,28.0,10.93,7.44
2001-04-26,30.0,10.85,7.45
2001-04-26,35.0,10.63,7.12
2001-04-26,40.0,10.45,5.75
2005-04-19,0.1,20.55,11.34
2005-04-19,1.0,19.57,11.34
2005-04-19,2.0,18.43,10.63
2005-04-19,3.0,18.13,10.44
2005-04-19,4.0,17.49,9.37
2005-04-19,5.0,17.15,8.53
2005-04-19,6.0,16.91,8.4
2005-04-19,6.9,16.45,8.17
2005-04-19,8.0,15.56,7.82
2005-04-19,9.0,14.64,7.79
2005-04-19,10.0,14.36,7.85
2005-04-19,11.1,14.23,7.89
2005-04-19,12.0,14.02,7.93
2005-04-19,13.1,13.8,7.94
2005-04-19,14.0,13.63,7.95
2005-04-19,15.0,13.53,7.92
2005-04-19,16.0,13.4,7.97
2005-04-19,17.0,13.34,8.0
2005-04-19,18.0,13.3,8.17
2005-04-19,19.0,13.23,8.07
2005-04-19,20.0,13.09,7.91
2005-04-19,21.9,12.95,7.9
2005-04-19,24.0,12.8,7.97
2005-04-19,26.0,12.51,7.97
2005-04-19,28.0,12.37,7.85
2005-04-19,30.0,12.13,7.47
2005-04-19,35.0,11.86,7.25
2005-05-11,0.1,24.11,10.22
2005-05-11,1.0,22.41,10.57
2005-05-11,2.0,21.56,10.91
2005-05-11,3.0,18.98,10.85
2005-05-11,4.0,18.17,9.75
2005-05-11,5.0,17.81,9.27
2005-05-11,5.9,17.52,8.44
2005-05-11,7.0,17.26,7.9
2005-05-11,8.0,17.11,7.38
2005-05-11,9.1,16.83,7.23
2005-05-11,10.0,16.59,6.66
2005-05-11,11.0,16.42,6.52
2005-05-11,12.0,16.09,6.26
2005-05-11,13.0,15.91,6.03
2005-05-11,14.1,15.7,5.79
2005-05-11,15.1,15.48,5.75
2005-05-11,16.0,15.4,5.62
2005-05-11,17.0,15.3,5.52
2005-05-11,18.0,15.1,5.37
2005-05-11,19.0,14.99,5.13
2005-05-11,20.0,14.72,5.29
2005-05-11,22.0,14.31,5.23
2005-05-11,24.0,13.94,5.26
2005-05-11,26.0,13.75,5.13
2005-05-11,28.0,13.66,5.11
2005-05-11,30.0,13.49,5.22
2005-05-11,35.0,13.31,5.02
2005-05-11,39.8,12.88,0.59
2005-06-15,0.1,28.46,8.87
2005-06-15,1.0,27.6,9.35
2005-06-15,2.0,26.43,9.69
2005-06-15,3.0,25.86,9.37
2005-06-15,4.0,25.06,8.93
2005-06-15,5.0,24.34,8.64
2005-06-15,6.0,23.12,8.07
2005-06-15,7.0,22.09,7.01
2005-06-15,8.0,21.61,6.36
2005-06-15,9.0,21.25,5.98
2005-06-15,10.0,20.73,5.59
2005-06-15,11.0,20.36,5.15
2005-06-15,12.0,19.99,4.64
2005-06-15,12.9,19.44,4.12
2005-06-15,14.0,19.34,3.93
2005-06-15,15.0,18.8,3.46
2005-06-15,16.0,18.38,2.9
2005-06-15,17.1,18.09,2.59
2005-06-15,18.0,17.92,2.3
2005-06-15,18.9,17.66,2.15
2005-06-15,20.0,17.41,1.98
2005-06-15,21.9,17.2,1.87
2005-06-15,24.1,16.92,2.04
2005-06-15,26.1,16.56,1.96
2005-06-15,28.1,16.44,1.98
2005-06-15,30.0,16.38,1.73
2005-06-15,35.0,16.09,1.64
2005-06-15,38.7,15.68,0.92
2005-07-20,0.1,30.14,8.96
2005-07-20,1.0,29.55,9.09
2005-07-20,2.0,28.3,8.95
2005-07-20,3.0,27.59,7.22
2005-07-20,4.0,26.45,4.52
2005-07-20,5.0,25.82,3.41
2005-07-20,5.9,25.18,2.53
2005-07-20,7.0,24.82,2.35
2005-07-20,8.0,24.45,2.61
2005-07-20,9.0,24.25,2.12
2005-07-20,10.0,23.98,2.72
2005-07-20,11.0,23.78,2.81
2005-07-20,11.9,23.61,2.82
2005-07-20,13.0,23.46,2.99
2005-07-20,14.0,23.22,3.36
2005-07-20,15.0,23.15,3.39
2005-07-20,15.9,23.05,3.52
2005-07-20,17.0,23.04,3.57
2005-07-20,18.0,22.93,3.64
2005-07-20,19.0,22.93,3.53
2005-07-20,20.0,22.8,3.48
2005-07-20,22.0,22.71,3.66
2005-07-20,23.9,22.61,3.4
2005-07-20,26.0,22.52,2.72
2005-07-20,28.0,22.41,1.91
2005-07-20,30.0,22.21,1.08
2005-07-20,35.0,21.04,0.16
2005-07-20,40.0,20.3,0.09
2005-08-17,0.1,31.08,8.33
2005-08-17,1.0,30.54,8.56
2005-08-17,2.0,30.14,8.42
2005-08-17,3.0,29.63,8.26
2005-08-17,4.0,28.85,5.73
2005-08-17,5.0,28.04,1.63
2005-08-17,6.0,27.11,0.59
2005-08-17,7.0,26.41,0.31
2005-08-17,8.0,25.98,0.27
2005-08-17,9.0,25.37,0.28
2005-08-17,9.9,25.0,0.25
2005-08-17,11.0,24.84,0.23
2005-08-17,12.0,24.62,0.23
2005-08-17,13.0,24.45,0.22
2005-08-17,14.0,24.39,0.21
2005-08-17,15.0,24.38,0.22
2005-08-17,16.0,24.24,0.23
2005-08-17,17.0,24.16,0.21
2005-08-17,18.0,24.07,0.2
2005-08-17,19.0,23.97,0.2
2005-08-17,20.0,23.82,0.2
2005-08-17,22.0,23.61,0.21
2005-08-17,24.0,23.48,0.2
2005-08-17,26.0,23.31,0.18
2005-08-17,28.0,23.16,0.19
2005-08-17,30.0,23.03,0.17
2005-08-17,35.0,22.73,0.18
2005-08-17,38.9,22.43,0.16
2005-09-14,0.1,27.52,7.01
2005-09-14,1.0,27.52,7.02
2005-09-14,2.0,27.27,6.75
2005-09-14,3.0,27.15,6.52
2005-09-14,4.0,27.14,6.62
2005-09-14,5.0,27.05,6.12
2005-09-14,6.0,26.99,5.9
2005-09-14,7.0,26.73,2.28
2005-09-14,8.0,26.57,0.66
2005-09-14,9.0,26.32,0.26
2005-09-14,10.0,25.75,0.14
2005-09-14,10.9,25.56,0.1
2005-09-14,12.0,25.22,0.11
2005-09-14,13.0,25.13,0.09
2005-09-14,14.0,24.99,0.08
2005-09-14,15.0,24.86,0.07
2005-09-14,16.0,24.72,0.1
2005-09-14,17.0,24.64,0.05
2005-09-14,18.0,24.54,0.05
2005-09-14,19.0,24.4,0.07
2005-09-14,20.0,24.31,0.05
2005-09-14,22.0,24.11,0.08
2005-09-14,24.0,23.96,0.09
2005-09-14,26.0,23.82,0.07
2005-09-14,28.0,23.68,0.09
2005-09-14,30.0,23.55,0.09
2005-09-14,35.0,23.15,0.08
2005-09-14,39.4,22.4,0.06
2005-10-12,0.1,25.02,4.64
2005-10-12,1.0,25.0,4.58
2005-10-12,2.0,24.82,4.69
2005-10-12,3.0,24.76,4.57
2005-10-12,4.0,24.68,4.37
2005-10-12,5.0,24.59,4.21
2005-10-12,6.0,24.55,4.03
2005-10-12,7.0,24.52,3.52
2005-10-12,8.0,24.5,3.22
2005-10-12,9.0,24.49,3.25
2005-10-12,10.0,24.47,3.53
2005-10-12,11.0,24.46,3.55
2005-10-12,12.0,24.37,3.76
2005-10-12,13.0,24.26,2.16
2005-10-12,14.0,24.21,3.24
2005-10-12,15.0,24.21,3.77
2005-10-12,16.0,24.19,2.83
2005-10-12,17.0,24.15,3.14
2005-10-12,18.0,24.15,3.53
2005-10-12,19.0,24.13,3.22
2005-10-12,20.0,24.12,3.14
2005-10-12,22.0,24.1,2.77
2005-10-12,24.0,24.1,2.11
2005-10-12,26.0,24.07,1.49
2005-10-12,28.0,23.98,2.62
2005-10-12,30.0,23.94,0.31
2005-10-12,35.0,23.48,0.26
2006-04-26,0.1,22.28,9.47
2006-04-26,1.0,22.23,9.25
2006-04-26,2.0,22.11,9.32
2006-04-26,3.0,21.35,9.47
2006-04-26,4.0,20.81,9.3
2006-04-26,5.0,20.02,8.89
2006-04-26,6.0,18.1,8.29
2006-04-26,7.0,16.67,8.23
2006-04-26,8.0,14.99,7.87
2006-04-26,9.0,14.23,7.48
2006-04-26,10.0,13.49,7.25
2006-04-26,11.0,12.52,7.27
2006-04-26,12.1,12.2,7.17
2006-04-26,13.1,11.86,7.11
2006-04-26,14.0,11.65,7.09
2006-04-26,15.0,11.47,7.29
2006-04-26,16.0,11.36,7.4
2006-04-26,17.0,11.27,7.19
2006-04-26,18.0,11.2,7.26
2006-04-26,19.0,11.14,7.35
2006-04-26,20.0,11.06,7.46
2006-04-26,22.0,10.92,7.39
2006-04-26,24.0,10.79,7.24
2006-04-26,26.0,10.68,7.12
2006-04-26,28.0,10.42,6.92
2006-04-26,30.0,10.03,6.5
2006-04-26,35.0,9.42,5.62
2006-05-24,0.1,25.01,9.23
2006-05-24,1.0,24.04,9.04
2006-05-24,2.0,23.43,9.23
2006-05-24,3.0,22.6,9.42
2006-05-24,3.9,21.49,9.36
2006-05-24,5.0,20.96,8.96
2006-05-24,6.0,20.52,8.66
2006-05-24,7.0,20.24,7.9
2006-05-24,8.0,19.95,7.43
2006-05-24,9.0,19.65,6.95
2006-05-24,10.0,19.17,6.1
2006-05-24,11.0,18.28,4.61
2006-05-24,12.0,17.39,3.95
2006-05-24,13.0,15.84,4.07
2006-05-24,14.0,15.01,4.21
2006-05-24,15.0,14.07,4.28
2006-05-24,16.0,13.53,4.15
2006-05-24,17.0,13.4,4.23
2006-05-24,18.0,13.07,4.1
2006-05-24,19.0,12.82,3.95
2006-05-24,19.9,12.51,4.04
2006-05-24,22.0,12.04,4.47
2006-05-24,24.0,11.81,4.52
2006-05-24,26.0,11.55,4.6
2006-05-24,28.0,11.38,4.59
2006-05-24,30.0,11.23,4.81
2006-05-24,35.0,10.75,4.51
2006-05-24,39.5,10.22,1.54
2006-06-22,0.1,30.24,8.91
2006-06-22,1.0,29.22,9.25
2006-06-22,2.0,28.8,9.31
2006-06-22,3.0,28.18,9.66
2006-06-22,4.0,27.36,9.42
2006-06-22,5.0,26.72,9.0
2006-06-22,6.0,25.48,8.35
2006-06-22,7.0,23.86,7.7
2006-06-22,8.0,22.06,6.68
2006-06-22,9.0,21.03,4.84
2006-06-22,10.0,20.37,3.64
2006-06-22,11.0,19.98,2.86
2006-06-22,12.0,19.32,1.89
2006-06-22,13.0,18.92,1.35
2006-06-22,14.0,18.6,1.04
2006-06-22,15.0,18.16,0.86
2006-06-22,16.0,17.71,0.86
2006-06-22,17.1,17.1,0.78
2006-06-22,18.0,16.51,0.89
2006-06-22,19.0,15.96,0.64
2006-06-22,20.0,15.41,0.54
2006-06-22,22.0,14.55,0.51
2006-06-22,24.0,14.07,0.57
2006-06-22,26.0,13.42,0.46
2006-06-22,28.0,12.98,0.82
2006-06-22,30.0,12.52,1.06
2006-06-22,35.0,11.77,1.44
2006-06-22,38.4,11.51,0.57
2006-07-26,0.1,30.23,8.26
2006-07-26,1.0,29.95,8.35
2006-07-26,2.0,29.72,8.09
2006-07-26,3.0,29.59,8.27
2006-07-26,4.0,29.51,7.72
2006-07-26,5.0,28.64,5.65
2006-07-26,6.0,27.79,2.55
2006-07-26,7.0,26.98,0.6
2006-07-26,8.0,26.05,0.42
2006-07-26,9.0,25.13,0.39
2006-07-26,9.9,23.98,0.37
2006-07-26,11.0,23.0,0.33
2006-07-26,12.0,22.1,0.35
2006-07-26,13.0,21.58,0.32
2006-07-26,14.0,21.11,0.31
2006-07-26,15.0,20.78,0.3
2006-07-26,16.0,20.29,0.31
2006-07-26,17.0,19.92,0.3
2006-07-26,18.0,19.59,0.29
2006-07-26,19.0,19.35,0.28
2006-07-26,20.0,19.18,0.28
2006-07-26,22.0,18.67,0.27
2006-07-26,24.0,18.03,0.27
2006-07-26,26.0,17.3,0.27
2006-07-26,28.1,16.48,0.27
2006-07-26,29.9,15.85,0.27
2006-07-26,35.0,14.05,0.25
2006-08-31,0.1,29.48,7.44
2006-08-31,1.0,29.43,7.46
2006-08-31,2.0,29.37,7.32
2006-08-31,3.0,29.34,7.15
2006-08-31,4.0,29.33,7.02
2006-08-31,5.0,29.32,6.99
2006-08-31,6.0,29.3,7.35
2006-08-31,7.0,28.74,2.71
2006-08-31,8.0,28.54,0.73
2006-08-31,9.0,28.18,0.39
2006-08-31,10.0,27.68,0.34
2006-08-31,11.0,26.87,0.33
2006-08-31,12.0,25.95,0.31
2006-08-31,13.0,25.5,0.32
2006-08-31,14.0,25.0,0.29
2006-08-31,15.0,24.52,0.28
2006-08-31,16.0,24.05,0.52
2006-08-31,17.0,23.47,0.44
2006-08-31,18.0,22.85,0.38
2006-08-31,19.0,22.53,0.36
2006-08-31,20.0,22.1,0.43
2006-08-31,22.0,21.36,0.34
2006-08-31,24.0,20.51,0.31
2006-08-31,26.0,19.72,0.29
2006-08-31,28.1,18.91,0.28
2006-08-31,30.1,18.33,0.29
2006-09-28,0.1,24.97,5.16
2006-09-28,1.0,24.84,4.74
2006-09-28,2.0,24.8,4.62
2006-09-28,3.0,24.76,4.5
2006-09-28,4.0,24.74,4.21
2006-09-28,5.0,24.73,4.18
2006-09-28,6.0,24.73,4.26
2006-09-28,7.0,24.72,4.18
2006-09-28,8.0,24.72,4.11
2006-09-28,9.0,24.72,4.15
2006-09-28,10.0,24.72,4.29
2006-09-28,11.1,24.72,4.35
2006-09-28,12.0,24.67,3.88
2006-09-28,13.0,24.64,3.87
2006-09-28,14.0,24.61,3.74
2006-09-28,15.0,24.58,3.63
2006-09-28,16.0,24.53,3.29
2006-09-28,17.0,24.48,2.9
2006-09-28,18.0,24.42,2.67
2006-09-28,19.0,24.3,1.46
2006-09-28,20.0,24.14,0.63
2006-09-28,21.9,23.36,0.29
2006-09-28,23.9,22.57,0.27
2006-09-28,26.1,21.27,0.27
2006-09-28,28.0,20.32,0.27
2006-09-28,30.0,19.24,0.25
2006-09-28,34.9,17.25,0.24
2006-10-25,0.1,19.77,5.57
2006-10-25,1.0,19.64,5.53
2006-10-25,2.0,19.59,5.26
2006-10-25,3.0,19.58,5.27
2006-10-25,4.0,19.58,5.22
2006-10-25,5.0,19.58,5.27
2006-10-25,6.0,19.57,5.23
2006-10-25,7.0,19.57,5.05
2006-10-25,8.0,19.57,5.16
2006-10-25,9.0,19.57,5.18
2006-10-25,10.1,19.57,5.25
2006-10-25,10.9,19.57,5.22
2006-10-25,12.0,19.57,5.19
2006-10-25,13.0,19.56,5.18
2006-10-25,14.0,19.56,5.21
2006-10-25,15.0,19.55,5.23
2006-10-25,16.0,19.54,5.23
2006-10-25,17.0,19.54,5.19
2006-10-25,18.1,19.52,5.29
2006-10-25,19.0,19.48,5.29
2006-10-25,20.0,19.34,5.35
2006-10-25,22.1,19.3,5.46
2006-10-25,24.1,19.23,5.51
2006-10-25,26.0,19.05,5.33
2006-10-25,28.0,19.0,5.16
2006-10-25,30.0,18.85,4.52
2006-10-25,35.0,17.8,1.36
2007-04-12,0.1,14.51,9.55
2007-04-12,1.0,14.28,9.45
2007-04-12,2.0,14.13,9.34
2007-04-12,3.0,14.05,9.26
2007-04-12,4.0,14.05,9.21
2007-04-12,5.0,14.03,9.13
2007-04-12,6.0,13.99,9.1
2007-04-12,7.0,13.9,9.06
2007-04-12,8.0,13.54,9.04
2007-04-12,9.0,13.48,9.07
2007-04-12,10.0,12.62,9.14
2007-04-12,11.0,11.51,8.77
2007-04-12,12.1,10.75,8.27
2007-04-12,13.1,10.42,8.06
2007-04-12,14.0,10.21,7.97
2007-04-12,15.0,9.84,7.87
2007-04-12,16.0,9.44,7.87
2007-04-12,17.0,9.01,7.71
2007-04-12,18.0,8.71,7.24
2007-04-12,19.0,8.29,7.25
2007-04-12,20.0,8.2,7.2
2007-04-12,22.0,7.9,7.32
2007-04-12,24.0,7.76,7.67
2007-04-12,26.0,7.59,7.89
2007-04-12,28.0,7.38,8.05
2007-04-12,30.0,7.27,8.0
2007-04-12,35.0,7.11,7.79
2007-04-12,39.0,7.16,4.04
2007-05-17,0.1,23.89,9.1
2007-05-17,1.0,23.8,8.99
2007-05-17,2.0,23.75,8.89
2007-05-17,3.0,23.16,9.22
2007-05-17,3.9,21.24,10.24
2007-05-17,5.0,19.15,9.76
2007-05-17,6.0,17.42,9.17
2007-05-17,7.0,15.91,8.73
2007-05-17,8.0,14.9,8.24
2007-05-17,9.0,14.47,7.58
2007-05-17,10.0,14.12,7.05
2007-05-17,11.0,13.89,6.86
2007-05-17,12.0,13.66,6.32
2007-05-17,13.0,13.46,6.23
2007-05-17,14.0,13.19,6.17
2007-05-17,15.0,13.0,6.24
2007-05-17,16.0,12.74,6.18
2007-05-17,17.0,12.39,5.97
2007-05-17,18.0,12.0,5.7
2007-05-17,19.0,11.59,5.55
2007-05-17,19.9,11.05,5.28
2007-05-17,22.0,10.34,4.63
2007-05-17,24.0,9.81,4.83
2007-05-17,26.0,9.15,4.92
2007-05-17,28.0,8.8,5.03
2007-05-17,30.0,8.44,5.63
2007-05-17,35.0,8.1,5.57
2007-05-17,37.7,8.02,4.17
2007-06-12,0.1,28.82,8.1
2007-06-12,1.0,28.18,7.97
2007-06-12,2.0,27.69,8.17
2007-06-12,3.0,27.48,8.07
2007-06-12,4.0,27.29,8.17
2007-06-12,5.0,25.7,8.8
2007-06-12,6.0,23.67,8.93
2007-06-12,7.0,21.87,8.68
2007-06-12,8.0,19.72,7.71
2007-06-12,9.0,17.8,6.7
2007-06-12,10.0,16.32,5.56
2007-06-12,11.0,15.37,5.25
2007-06-12,12.0,14.74,4.52
2007-06-12,13.0,14.45,4.29
2007-06-12,14.0,14.26,3.76
2007-06-12,15.0,13.97,3.97
2007-06-12,16.0,13.71,4.01
2007-06-12,17.1,13.46,3.89
2007-06-12,18.0,13.23,3.57
2007-06-12,19.0,12.88,3.59
2007-06-12,20.0,12.58,3.06
2007-06-12,22.0,11.97,3.22
2007-06-12,24.0,11.37,3.2
2007-06-12,26.0,10.32,3.26
2007-06-12,28.0,9.57,3.54
2007-06-12,30.0,9.23,4.05
2007-06-12,35.0,8.61,3.84
2007-06-12,37.8,8.45,3.56
2007-07-25,0.1,29.0,8.08
2007-07-25,1.0,28.89,7.9
2007-07-25,2.0,28.0,8.04
2007-07-25,3.0,27.88,8.08
2007-07-25,4.0,27.58,8.03
2007-07-25,5.0,27.33,7.53
2007-07-25,6.0,27.19,6.93
2007-07-25,7.0,27.01,6.03
2007-07-25,8.0,25.66,1.45
2007-07-25,9.0,23.69,1.65
2007-07-25,9.9,22.1,1.48
2007-07-25,11.0,20.6,1.09
2007-07-25,12.0,19.32,0.35
2007-07-25,13.0,18.39,0.31
2007-07-25,14.0,17.61,0.27
2007-07-25,15.0,16.93,0.25
2007-07-25,16.0,16.5,0.25
2007-07-25,17.0,15.97,0.24
2007-07-25,18.0,15.54,0.21
2007-07-25,19.0,15.08,0.2
2007-07-25,20.0,14.81,0.21
2007-07-25,22.0,14.2,0.19
2007-07-25,24.0,13.69,0.19
2007-07-25,26.0,12.99,0.18
2007-07-25,28.1,12.23,0.16
2007-07-25,29.9,11.31,0.26
2007-07-25,35.0,9.7,0.28
2007-08-21,0.1,31.6,7.69
2007-08-21,1.0,31.31,7.8
2007-08-21,2.0,30.8,7.76
2007-08-21,3.0,30.72,7.78
2007-08-21,4.0,30.58,7.63
2007-08-21,5.0,29.34,6.5
2007-08-21,6.0,28.24,3.69
2007-08-21,7.0,27.3,0.96
2007-08-21,8.0,26.61,0.78
2007-08-21,9.0,26.06,0.36
2007-08-21,10.0,25.29,0.2
2007-08-21,11.0,24.53,0.21
2007-08-21,12.0,23.51,0.16
2007-08-21,13.0,22.51,0.11
2007-08-21,14.0,21.76,0.15
2007-08-21,15.0,20.86,0.09
2007-08-21,16.0,20.23,0.12
2007-08-21,17.0,19.46,0.1
2007-08-21,18.0,18.65,0.13
2007-08-21,19.0,18.1,0.07
2007-08-21,20.0,17.57,0.08
2007-08-21,22.0,16.56,0.11
2007-08-21,24.0,15.65,0.05
2007-08-21,26.0,14.92,0.04
2007-08-21,28.1,14.1,0.11
2007-08-21,30.1,13.13,0.08
2007-08-21,32.0,12.33,0.1
2007-08-21,34.0,11.53,0.1
2007-08-21,36.0,10.81,0.03
2007-09-19,0.1,27.34,5.83
2007-09-19,1.0,27.23,5.83
2007-09-19,2.0,26.97,6.04
2007-09-19,3.0,26.9,6.17
2007-09-19,4.0,26.83,6.1
2007-09-19,5.0,26.81,6.1
2007-09-19,6.0,26.67,5.57
2007-09-19,7.0,26.65,5.7
2007-09-19,8.0,26.6,5.73
2007-09-19,9.0,26.58,5.71
2007-09-19,10.0,26.57,5.68
2007-09-19,11.1,26.56,5.61
2007-09-19,12.0,26.51,5.18
2007-09-19,13.0,26.05,0.97
2007-09-19,14.0,25.25,0.34
2007-09-19,15.0,24.92,0.25
2007-09-19,16.0,24.49,0.23
2007-09-19,17.0,24.13,0.23
2007-09-19,18.0,23.82,0.22
2007-09-19,19.0,23.41,0.21
2007-09-19,20.0,23.06,0.21
2007-09-19,21.9,22.36,0.2
2007-09-19,23.9,21.53,0.21
2007-09-19,26.1,20.99,0.21
2007-09-19,28.0,20.35,0.2
2007-09-19,30.0,19.9,0.2
2007-09-19,35.0,18.73,0.21
2007-10-23,0.1,22.79,4.36
2007-10-23,1.0,22.79,4.28
2007-10-23,2.0,22.78,4.12
2007-10-23,3.0,22.77,4.18
2007-10-23,4.0,22.75,4.18
2007-10-23,5.0,22.74,4.16
2007-10-23,6.0,22.73,4.22
2007-10-23,7.0,22.73,4.14
2007-10-23,8.0,22.73,4.24
2007-10-23,9.0,22.73,4.12
2007-10-23,10.1,22.73,4.21
2007-10-23,10.9,22.73,4.22
2007-10-23,12.0,22.73,4.18
2007-10-23,13.0,22.73,4.16
2007-10-23,14.0,22.73,4.21
2007-10-23,15.0,22.73,4.22
2007-10-23,16.0,22.73,4.18
2007-10-23,17.0,22.55,3.94
2007-10-23,18.1,22.47,3.37
2007-10-23,19.0,22.38,2.34
2007-10-23,20.0,22.31,2.38
2007-10-23,22.1,22.06,1.68
2007-10-23,24.1,21.91,0.23
2007-10-23,26.0,21.28,0.09
2007-10-23,28.0,20.35,0.08
2007-10-23,30.0,19.53,0.08
2007-10-23,33.1,18.32,0.08
2008-04-22,0.1,18.89,9.97
2008-04-22,1.0,18.25,9.87
2008-04-22,2.0,17.82,9.71
2008-04-22,3.0,17.62,9.72
2008-04-22,4.0,15.99,9.61
2008-04-22,5.0,14.49,8.71
2008-04-22,6.0,14.13,7.58
2008-04-22,7.0,13.85,7.82
2008-04-22,8.0,13.8,7.79
2008-04-22,9.0,13.48,7.97
2008-04-22,10.0,12.97,7.7
2008-04-22,11.0,12.55,7.73
2008-04-22,12.0,12.22,7.73
2008-04-22,13.0,11.94,7.35
2008-04-22,14.0,11.81,7.3
2008-04-22,15.0,11.66,7.45
2008-04-22,16.0,11.48,7.37
2008-04-22,17.0,11.38,7.33
2008-04-22,18.0,11.26,7.52
2008-04-22,19.0,11.07,7.31
2008-04-22,20.0,10.88,7.65
2008-04-22,22.0,10.59,7.38
2008-04-22,24.0,10.24,6.87
2008-04-22,26.0,9.99,6.66
2008-04-22,28.0,9.77,6.83
2008-04-22,30.0,9.48,6.81
2008-04-22,35.0,8.86,6.73
2008-04-22,38.4,8.73,0.6
2008-05-15,0.1,20.53,9.53
2008-05-15,1.0,20.53,9.46
2008-05-15,2.0,20.55,9.45
2008-05-15,3.0,20.55,9.48
2008-05-15,4.0,20.55,9.38
2008-05-15,5.0,20.41,9.01
2008-05-15,6.0,19.99,8.87
2008-05-15,7.0,19.34,8.76
2008-05-15,8.0,18.25,8.24
2008-05-15,9.0,16.29,7.13
2008-05-15,10.0,14.94,6.92
2008-05-15,11.0,14.3,6.24
2008-05-15,12.0,13.81,6.01
2008-05-15,13.0,13.53,5.92
2008-05-15,14.0,13.31,6.07
2008-05-15,15.0,12.91,6.09
2008-05-15,16.0,12.71,6.35
2008-05-15,17.0,12.47,6.44
2008-05-15,18.0,12.19,6.4
2008-05-15,19.0,11.89,6.38
2008-05-15,20.0,11.84,6.35
2008-05-15,22.0,11.48,6.0
2008-05-15,24.0,11.24,6.2
2008-05-15,26.0,11.11,6.05
2008-05-15,28.0,10.97,5.82
2008-05-15,30.0,10.83,5.99
2008-05-15,35.0,9.97,5.24
2008-05-15,38.4,9.59,0.37
2008-06-12,0.1,29.17,8.0
2008-06-12,1.0,29.19,7.98
2008-06-12,2.0,29.19,7.98
2008-06-12,3.0,29.19,7.94
2008-06-12,4.0,29.18,7.99
2008-06-12,5.0,26.49,9.26
2008-06-12,6.0,23.62,8.93
2008-06-12,7.0,22.12,7.68
2008-06-12,8.0,20.8,5.54
2008-06-12,9.0,19.73,3.96
2008-06-12,10.0,18.6,3.13
2008-06-12,11.0,17.57,2.78
2008-06-12,12.0,16.19,3.01
2008-06-12,13.0,15.45,2.79
2008-06-12,14.0,14.78,1.6
2008-06-12,15.0,14.47,1.74
2008-06-12,16.0,14.09,2.37
2008-06-12,17.0,13.78,2.64
2008-06-12,18.0,13.62,2.88
2008-06-12,19.0,13.17,3.62
2008-06-12,20.0,12.99,3.69
2008-06-12,22.0,12.64,3.62
2008-06-12,24.0,12.36,3.92
2008-06-12,26.0,12.05,3.83
2008-06-12,28.0,11.67,3.86
2008-06-12,30.0,11.37,3.86
2008-06-12,35.0,10.8,3.52
2008-06-12,36.7,10.63,0.18
2008-07-31,0.1,29.3,8.29
2008-07-31,1.0,29.36,8.23
2008-07-31,2.0,29.33,8.31
2008-07-31,3.0,28.9,8.21
2008-07-31,4.0,28.7,8.2
2008-07-31,5.0,28.29,7.2
2008-07-31,6.0,27.63,4.59
2008-07-31,7.0,26.54,2.42
2008-07-31,8.0,25.27,1.27
2008-07-31,9.0,24.24,0.83
2008-07-31,10.0,23.17,0.68
2008-07-31,11.0,21.92,0.53
2008-07-31,12.0,20.83,0.41
2008-07-31,13.0,20.13,0.38
2008-07-31,14.0,19.41,0.34
2008-07-31,15.0,18.92,0.28
2008-07-31,16.0,18.45,0.26
2008-07-31,17.0,17.64,0.25
2008-07-31,18.0,17.18,0.24
2008-07-31,19.0,16.72,0.23
2008-07-31,20.0,16.26,0.2
2008-07-31,22.0,15.09,0.22
2008-07-31,24.0,14.47,0.2
2008-07-31,26.0,13.91,0.19
2008-07-31,28.0,13.49,0.19
2008-07-31,30.0,13.11,0.19
2008-07-31,35.0,12.11,0.18
2008-07-31,38.9,11.71,0.15
2008-08-14,0.1,26.43,7.05
2008-08-14,1.0,27.52,6.37
2008-08-14,2.0,27.51,6.2
2008-08-14,3.0,27.51,6.11
2008-08-14,4.0,27.55,6.18
2008-08-14,5.0,27.53,5.97
2008-08-14,6.0,27.54,6.07
2008-08-14,7.0,27.52,5.84
2008-08-14,8.0,27.44,5.67
2008-08-14,9.0,26.81,2.96
2008-08-14,10.0,24.72,0.39
2008-08-14,11.0,23.51,0.26
2008-08-14,12.0,22.19,0.22
2008-08-14,13.0,21.23,0.18
2008-08-14,14.0,20.57,0.15
2008-08-14,15.0,20.09,0.15
2008-08-14,16.0,19.4,0.13
2008-08-14,17.0,18.9,0.12
2008-08-14,18.0,18.39,0.12
2008-08-14,19.0,17.93,0.11
2008-08-14,20.0,17.44,0.11
2008-08-14,22.0,16.52,0.1
2008-08-14,24.0,15.49,0.09
2008-08-14,26.0,14.98,0.08
2008-08-14,28.0,14.08,0.09
2008-08-14,30.0,13.58,0.08
2008-08-14,35.0,12.65,0.07
2008-08-14,39.0,11.96,0.06
2008-09-29,0.1,24.47,6.14
2008-09-29,1.0,24.47,6.09
2008-09-29,2.0,24.47,6.07
2008-09-29,3.0,24.47,6.06
2008-09-29,4.0,24.46,6.06
2008-09-29,5.0,24.48,6.01
2008-09-29,6.0,24.48,6.02
2008-09-29,7.0,24.48,5.99
2008-09-29,8.0,24.48,6.0
2008-09-29,9.0,24.48,5.99
2008-09-29,10.0,24.48,5.94
2008-09-29,11.0,24.46,5.5
2008-09-29,12.0,24.44,4.87
2008-09-29,13.0,24.41,4.83
2008-09-29,14.0,24.39,4.81
2008-09-29,15.0,24.34,4.06
2008-09-29,16.0,24.22,3.02
2008-09-29,17.0,24.13,1.99
2008-09-29,18.0,23.79,0.48
2008-09-29,19.0,23.42,0.27
2008-09-29,20.0,22.65,0.2
2008-09-29,22.0,21.39,0.17
2008-09-29,24.0,20.29,0.16
2008-09-29,26.0,18.75,0.16
2008-09-29,28.0,17.6,0.16
2008-09-29,30.0,16.35,0.16
2008-09-29,35.0,14.29,0.17
2008-09-29,38.6,13.59,0.15
2008-10-16,0.1,22.92,6.59
2008-10-16,1.0,22.85,6.57
2008-10-16,2.0,22.86,6.47
2008-10-16,3.0,22.86,6.4
2008-10-16,4.0,22.87,6.38
2008-10-16,5.0,22.85,6.4
2008-10-16,6.0,22.85,6.38
2008-10-16,7.0,22.85,6.34
2008-10-16,8.0,22.85,6.33
2008-10-16,9.0,22.85,6.33
2008-10-16,10.0,22.83,6.36
2008-10-16,11.0,22.69,6.1
2008-10-16,12.0,22.68,6.09
2008-10-16,13.0,22.67,6.1
2008-10-16,14.0,22.63,6.08
2008-10-16,15.0,22.59,5.94
2008-10-16,16.0,22.56,5.89
2008-10-16,17.0,22.53,5.8
2008-10-16,18.0,22.52,5.73
2008-10-16,19.0,22.48,5.54
2008-10-16,20.0,22.45,5.42
2008-10-16,22.0,22.4,5.08
2008-10-16,24.0,22.37,4.78
2008-10-16,26.0,20.45,1.17
2008-10-16,28.0,18.82,0.33
2008-10-16,30.0,17.48,0.26
2008-10-16,35.0,14.39,0.22
2008-10-16,37.4,13.86,0.2
2009-04-29,0.1,22.77,9.94
2009-04-29,1.0,22.25,10.15
2009-04-29,2.0,21.95,10.21
2009-04-29,3.0,20.85,10.65
2009-04-29,4.0,18.15,10.49
2009-04-29,5.0,16.02,9.72
2009-04-29,6.0,15.59,9.17
2009-04-29,7.0,15.28,8.64
2009-04-29,8.0,14.91,8.24
2009-04-29,9.0,14.69,8.13
2009-04-29,10.0,14.39,8.0
2009-04-29,11.0,14.07,8.02
2009-04-29,12.0,13.74,7.72
2009-04-29,13.0,13.56,7.69
2009-04-29,14.0,13.5,7.66
2009-04-29,15.0,13.38,7.55
2009-04-29,16.0,13.26,7.47
2009-04-29,17.0,13.24,7.48
2009-04-29,18.0,13.11,7.39
2009-04-29,19.0,13.03,7.5
2009-04-29,20.0,12.92,7.43
2009-04-29,22.0,12.72,7.48
2009-04-29,24.0,12.39,7.29
2009-04-29,26.0,11.95,6.96
2009-04-29,28.0,11.59,6.37
2009-04-29,30.0,11.2,6.39
2009-04-29,35.0,10.22,5.86
2009-04-29,37.6,10.05,1.3
2009-05-21,0.1,21.76,8.47
2009-05-21,1.0,21.72,8.45
2009-05-21,2.0,21.7,8.43
2009-05-21,3.0,21.68,8.42
2009-05-21,4.0,21.68,8.4
2009-05-21,5.0,21.69,8.41
2009-05-21,6.0,21.68,8.37
2009-05-21,7.0,21.68,8.36
2009-05-21,8.0,21.68,8.37
2009-05-21,9.0,21.67,8.35
2009-05-21,10.0,21.54,8.07
2009-05-21,11.0,17.36,5.94
2009-05-21,12.0,16.86,6.06
2009-05-21,13.0,16.02,6.14
2009-05-21,14.0,15.43,5.96
2009-05-21,15.0,15.3,5.93
2009-05-21,16.0,14.93,5.8
2009-05-21,17.0,14.81,5.63
2009-05-21,18.0,14.57,5.77
2009-05-21,19.0,14.38,5.61
2009-05-21,20.0,14.28,5.47
2009-05-21,22.0,13.95,5.33
2009-05-21,24.0,13.82,5.24
2009-05-21,26.0,13.72,5.31
2009-05-21,28.0,13.53,5.22
2009-05-21,30.0,13.45,4.93
2009-05-21,31.8,13.27,0.51
2009-06-02,0.1,26.65,8.68
2009-06-02,1.0,26.06,8.81
2009-06-02,2.0,25.8,8.81
2009-06-02,3.0,25.44,8.9
2009-06-02,4.0,23.28,8.4
2009-06-02,5.0,22.49,7.23
2009-06-02,6.0,21.85,6.12
2009-06-02,7.0,21.57,5.68
2009-06-02,8.0,21.16,5.09
2009-06-02,9.0,20.57,4.64
2009-06-02,10.0,20.04,4.35
2009-06-02,11.0,19.25,3.8
2009-06-02,12.0,18.14,3.41
2009-06-02,13.0,17.14,3.22
2009-06-02,14.0,16.49,3.45
2009-06-02,15.0,15.98,3.61
2009-06-02,16.0,15.63,3.4
2009-06-02,17.0,15.39,3.71
2009-06-02,18.0,15.14,4.42
2009-06-02,19.0,14.98,4.02
2009-06-02,20.0,14.82,4.19
2009-06-02,22.0,14.63,3.99
2009-06-02,24.0,14.44,3.79
2009-06-02,26.0,14.3,3.61
2009-06-02,28.0,14.16,3.38
2009-06-02,30.0,13.87,3.16
2009-06-02,35.0,13.53,2.73
2009-06-02,37.2,13.39,0.35
2009-07-20,0.1,27.37,7.69
2009-07-20,1.0,27.36,7.52
2009-07-20,2.0,27.36,7.5
2009-07-20,3.0,27.37,7.54
2009-07-20,4.0,27.32,7.45
2009-07-20,5.0,27.23,7.28
2009-07-20,6.0,27.15,6.75
2009-07-20,7.0,25.11,0.34
2009-07-20,8.0,23.67,0.21
2009-07-20,9.0,22.4,0.17
2009-07-20,10.0,21.39,0.13
2009-07-20,11.0,20.76,0.12
2009-07-20,12.0,20.17,0.11
2009-07-20,13.0,19.55,0.1
2009-07-20,14.0,18.99,0.1
2009-07-20,15.0,18.6,0.08
2009-07-20,16.0,18.02,0.07
2009-07-20,17.0,17.74,0.07
2009-07-20,18.0,17.29,0.07
2009-07-20,19.0,16.88,0.06
2009-07-20,20.0,16.48,0.06
2009-07-20,22.0,15.93,0.07
2009-07-20,24.0,15.49,0.35
2009-07-20,26.0,15.15,0.07
2009-07-20,28.0,14.81,0.06
2009-07-20,30.0,14.54,0.06
2009-07-20,35.0,14.05,0.06
2009-07-20,40.0,13.36,0.06
2009-07-20,40.4,13.17,0.05
2009-08-04,0.1,28.43,8.1
2009-08-04,1.0,28.42,8.09
2009-08-04,2.0,28.32,8.1
2009-08-04,3.0,28.26,8.08
2009-08-04,4.0,28.09,8.04
2009-08-04,5.0,27.77,7.03
2009-08-04,6.0,27.4,5.26
2009-08-04,7.0,26.82,1.64
2009-08-04,8.0,26.06,0.22
2009-08-04,9.0,24.8,0.11
2009-08-04,10.0,23.44,0.09
2009-08-04,11.0,22.04,0.07
2009-08-04,12.0,21.01,0.08
2009-08-04,13.0,20.28,0.08
2009-08-04,14.0,19.91,0.07
2009-08-04,15.0,19.61,0.07
2009-08-04,16.0,19.31,0.07
2009-08-04,17.0,18.95,0.06
2009-08-04,18.0,18.59,0.06
2009-08-04,19.0,18.19,0.06
2009-08-04,20.0,17.77,0.06
2009-08-04,22.0,17.07,0.06
2009-08-04,24.0,16.41,0.06
2009-08-04,26.0,15.85,0.06
2009-08-04,28.0,15.47,0.06
2009-08-04,30.0,15.03,0.06
2009-08-04,35.0,14.37,0.06
2009-08-04,39.4,13.85,0.06
2009-09-08,0.1,26.62,7.16
2009-09-08,1.0,26.62,7.16
2009-09-08,2.0,26.54,7.13
2009-09-08,3.0,26.5,7.08
2009-09-08,4.0,26.46,7.03
2009-09-08,5.0,26.43,6.94
2009-09-08,6.0,26.42,6.88
2009-09-08,7.0,26.29,6.03
2009-09-08,8.0,26.17,4.9
2009-09-08,9.0,26.1,4.6
2009-09-08,10.0,25.91,3.88
2009-09-08,11.0,25.67,1.71
2009-09-08,12.0,25.18,0.34
2009-09-08,13.0,24.38,0.25
2009-09-08,14.0,23.43,0.23
2009-09-08,15.0,22.9,0.23
2009-09-08,16.0,22.14,0.22
2009-09-08,17.0,21.54,0.22
2009-09-08,18.0,20.93,0.22
2009-09-08,19.0,20.61,0.22
2009-09-08,20.0,20.19,0.22
2009-09-08,22.0,19.47,0.22
2009-09-08,24.0,18.94,0.22
2009-09-08,26.0,18.34,0.22
2009-09-08,28.0,17.71,0.23
2009-09-08,30.0,16.89,0.23
2009-09-08,35.0,15.35,0.24
2009-09-08,39.4,14.23,0.24
2009-10-06,0.1,22.0,5.22
2009-10-06,1.0,22.01,5.17
2009-10-06,2.0,22.03,5.13
2009-10-06,3.0,22.03,5.11
2009-10-06,4.0,22.03,5.1
2009-10-06,5.0,22.04,5.07
2009-10-06,6.0,22.04,5.07
2009-10-06,7.0,22.03,5.07
2009-10-06,8.0,22.04,5.05
2009-10-06,9.0,22.04,5.05
2009-10-06,10.0,22.04,5.02
2009-10-06,11.0,22.04,5.02
2009-10-06,12.0,22.04,4.99
2009-10-06,13.0,22.04,4.97
2009-10-06,14.0,22.04,4.95
2009-10-06,15.0,22.04,4.94
2009-10-06,16.0,21.89,4.36
2009-10-06,17.0,21.78,3.68
2009-10-06,18.0,21.65,3.33
2009-10-06,19.0,21.58,3.33
2009-10-06,20.0,21.55,3.26
2009-10-06,22.0,21.52,3.21
2009-10-06,24.1,21.46,3.06
2009-10-06,26.0,21.46,2.99
2009-10-06,28.0,21.41,2.76
2009-10-06,30.0,21.4,2.62
2009-10-06,35.1,21.02,0.34
2009-10-06,37.3,17.61,0.26
2010-04-07,0.1,19.89,10.18
2010-04-07,1.0,19.45,10.27
2010-04-07,2.0,19.12,10.3
2010-04-07,3.0,15.0,11.36
2010-04-07,4.0,13.05,10.88
2010-04-07,5.0,12.23,10.15
2010-04-07,6.0,11.87,9.82
2010-04-07,7.0,11.51,9.5
2010-04-07,8.0,11.11,9.63
2010-04-07,9.0,11.01,9.58
2010-04-07,10.0,10.83,9.59
2010-04-07,11.0,10.77,9.59
2010-04-07,12.0,10.66,9.57
2010-04-07,13.0,10.57,9.66
2010-04-07,14.0,10.44,9.61
2010-04-07,15.0,9.93,9.73
2010-04-07,16.0,9.77,9.8
2010-04-07,17.0,9.38,9.71
2010-04-07,18.0,9.08,9.64
2010-04-07,19.0,8.83,9.43
2010-04-07,20.0,8.64,9.24
2010-04-07,22.0,8.38,9.22
2010-04-07,24.0,8.0,9.39
2010-04-07,26.0,7.82,9.55
2010-04-07,28.0,7.68,9.57
2010-04-07,30.0,7.48,9.55
2010-04-07,35.0,7.16,9.34
2010-04-07,39.0,7.01,3.39
2010-05-25,0.1,25.17,8.94
2010-05-25,1.0,25.15,8.97
2010-05-25,2.0,25.14,8.99
2010-05-25,3.0,24.99,9.01
2010-05-25,4.0,24.96,9.01
2010-05-25,5.0,24.92,8.99
2010-05-25,6.0,24.91,8.99
2010-05-25,7.0,21.36,8.97
2010-05-25,8.0,20.67,7.99
2010-05-25,9.0,20.1,6.18
2010-05-25,10.0,19.57,5.21
2010-05-25,11.0,19.2,4.72
2010-05-25,12.0,18.74,4.63
2010-05-25,13.0,18.1,4.24
2010-05-25,14.0,17.86,4.24
2010-05-25,15.0,17.34,4.28
2010-05-25,16.0,16.97,4.32
2010-05-25,17.0,16.65,4.25
2010-05-25,18.0,16.25,4.34
2010-05-25,19.0,15.83,4.52
2010-05-25,20.0,15.5,4.31
2010-05-25,22.0,14.4,3.77
2010-05-25,24.0,13.69,3.58
2010-05-25,26.0,13.1,3.51
2010-05-25,28.0,12.6,3.56
2010-05-25,30.0,12.2,3.68
2010-05-25,35.0,11.5,3.9
2010-05-25,39.8,10.87,2.07
2010-06-23,0.1,30.83,7.99
2010-06-23,1.0,30.7,8.0
2010-06-23,2.0,30.65,7.95
2010-06-23,3.0,30.57,8.01
2010-06-23,4.0,29.51,8.24
2010-06-23,5.0,27.78,8.92
2010-06-23,6.0,26.07,6.75
2010-06-23,7.0,24.77,4.45
2010-06-23,8.0,23.91,3.06
2010-06-23,9.0,22.92,1.41
2010-06-23,10.0,22.33,2.13
2010-06-23,11.0,21.75,2.36
2010-06-23,12.0,20.98,3.14
2010-06-23,13.0,20.47,3.01
2010-06-23,14.0,20.1,2.79
2010-06-23,15.0,19.8,1.82
2010-06-23,16.0,19.61,2.03
2010-06-23,17.0,19.39,2.1
2010-06-23,18.0,19.15,2.07
2010-06-23,19.0,18.97,1.33
2010-06-23,20.0,18.66,1.11
2010-06-23,22.0,18.26,1.04
2010-06-23,24.0,17.86,0.84
2010-06-23,26.0,17.56,0.76
2010-06-23,28.0,17.03,0.31
2010-06-23,30.0,16.54,0.32
2010-06-23,32.3,16.06,0.24
2010-07-06,0.1,29.68,8.14
2010-07-06,1.0,29.68,8.23
2010-07-06,2.0,29.66,8.22
2010-07-06,3.0,29.66,8.22
2010-07-06,4.0,29.63,8.16
2010-07-06,5.0,29.56,8.1
2010-07-06,6.0,29.08,7.34
2010-07-06,7.0,26.92,4.15
2010-07-06,8.0,25.2,1.17
2010-07-06,9.0,24.36,0.59
2010-07-06,10.0,23.45,0.4
2010-07-06,11.0,22.74,0.57
2010-07-06,12.0,21.86,1.18
2010-07-06,13.0,21.36,0.66
2010-07-06,14.0,21.03,0.7
2010-07-06,15.0,20.67,0.68
2010-07-06,16.0,20.43,0.46
2010-07-06,17.0,20.13,0.41
2010-07-06,18.0,19.82,0.57
2010-07-06,19.0,19.5,0.84
2010-07-06,20.0,19.27,0.41
2010-07-06,22.0,18.76,0.22
2010-07-06,24.0,18.32,0.24
2010-07-06,26.0,17.91,0.18
2010-07-06,28.0,17.54,0.17
2010-07-06,30.0,17.13,0.16
2010-07-06,35.0,15.92,0.16
2010-07-06,40.0,13.16,0.18
2010-08-10,0.1,31.94,7.58
2010-08-10,1.0,31.97,7.6
2010-08-10,2.0,31.96,7.6
2010-08-10,3.0,31.96,7.61
2010-08-10,4.0,31.96,7.6
2010-08-10,5.0,31.93,7.52
2010-08-10,6.0,31.25,5.42
2010-08-10,7.0,29.8,1.52
2010-08-10,8.0,28.75,0.26
2010-08-10,9.0,27.97,0.22
2010-08-10,10.0,27.15,0.19
2010-08-10,11.0,26.39,0.17
2010-08-10,12.0,25.7,0.15
2010-08-10,13.0,24.75,0.15
2010-08-10,14.0,24.13,0.15
2010-08-10,15.0,23.65,0.15
2010-08-10,16.0,23.27,0.15
2010-08-10,17.0,22.93,0.14
2010-08-10,18.0,22.39,0.14
2010-08-10,19.0,22.03,0.14
2010-08-10,20.0,21.75,0.14
2010-08-10,22.0,21.15,0.14
2010-08-10,24.0,20.68,0.14
2010-08-10,26.0,20.06,0.14
2010-08-10,28.0,19.47,0.14
2010-08-10,30.0,18.96,0.15
2010-08-10,35.0,17.6,0.15
2010-08-10,39.7,15.08,0.16
2010-09-29,0.1,26.53,3.88
2010-09-29,1.0,26.61,3.83
2010-09-29,2.0,26.61,3.83
2010-09-29,3.0,26.59,3.78
2010-09-29,4.0,26.6,3.71
2010-09-29,5.0,26.6,3.67
2010-09-29,6.0,26.6,3.68
2010-09-29,7.0,26.59,3.67
2010-09-29,8.0,26.59,3.7
2010-09-29,9.0,26.59,3.82
2010-09-29,10.0,26.6,3.78
2010-09-29,11.0,26.59,3.84
2010-09-29,12.0,26.59,3.83
2010-09-29,13.0,26.58,3.87
2010-09-29,14.0,26.57,3.85
2010-09-29,15.0,26.57,3.69
2010-09-29,16.0,26.54,3.57
2010-09-29,17.0,26.47,2.16
2010-09-29,18.0,26.29,2.35
2010-09-29,19.0,26.11,0.38
2010-09-29,20.0,25.98,0.11
2010-09-29,22.0,25.51,0.07
2010-09-29,24.0,24.53,0.06
2010-09-29,26.0,23.61,0.05
2010-09-29,28.0,22.64,0.05
2010-09-29,30.0,21.58,0.05
2010-09-29,35.0,18.91,0.05
2010-09-29,38.0,17.37,0.05
2010-10-06,0.1,24.13,3.02
2010-10-06,1.0,24.2,2.94
2010-10-06,2.0,24.29,2.85
2010-10-06,3.0,24.29,2.83
2010-10-06,4.0,24.3,2.84
2010-10-06,5.0,24.3,2.82
2010-10-06,6.0,24.29,2.8
2010-10-06,7.0,24.3,2.79
2010-10-06,8.0,24.3,2.78
2010-10-06,9.0,24.29,2.77
2010-10-06,10.0,24.3,2.79
2010-10-06,11.0,24.3,2.78
2010-10-06,12.0,24.3,2.77
2010-10-06,13.0,24.3,2.74
2010-10-06,14.0,24.3,2.73
2010-10-06,15.0,24.31,2.73
2010-10-06,16.0,24.3,2.72
2010-10-06,17.0,24.3,2.72
2010-10-06,18.0,24.29,2.71
2010-10-06,19.0,24.3,2.7
2010-10-06,20.0,24.3,2.7
2010-10-06,22.0,24.27,2.68
2010-10-06,24.0,24.07,2.5
2010-10-06,26.0,24.03,2.51
2010-10-06,28.0,23.94,2.76
2010-10-06,30.0,23.39,1.14
2010-10-06,35.0,19.2,0.09
2010-10-06,37.9,17.5,0.08
2011-04-21,0.1,19.48,9.77
2011-04-21,1.0,19.38,9.77
2011-04-21,2.0,18.78,9.65
2011-04-21,3.0,18.51,9.63
2011-04-21,4.0,17.54,9.17
2011-04-21,5.0,16.93,8.73
2011-04-21,6.0,16.73,8.52
2011-04-21,7.0,16.46,8.34
2011-04-21,8.0,16.2,8.08
2011-04-21,9.0,15.87,7.98
2011-04-21,10.0,15.52,7.75
2011-04-21,11.0,14.65,7.59
2011-04-21,12.0,14.44,7.44
2011-04-21,13.0,14.16,7.29
2011-04-21,14.0,13.94,7.27
2011-04-21,15.0,13.79,7.21
2011-04-21,16.0,13.74,7.19
2011-04-21,17.0,13.56,7.18
2011-04-21,18.0,13.34,7.07
2011-04-21,19.0,13.16,6.91
2011-04-21,20.0,13.05,6.81
2011-04-21,22.0,12.85,6.86
2011-04-21,24.0,12.52,6.75
2011-04-21,26.0,11.93,6.74
2011-04-21,28.0,11.6,6.53
2011-04-21,30.0,11.33,6.43
2011-04-21,35.0,10.87,6.27
2011-04-21,40.0,10.24,4.61
2011-05-25,0.1,25.96,9.28
2011-05-25,1.0,25.84,9.32
2011-05-25,2.0,25.26,9.42
2011-05-25,3.0,23.48,9.87
2011-05-25,4.0,21.39,9.25
2011-05-25,5.0,20.8,8.54
2011-05-25,6.0,20.39,7.95
2011-05-25,7.0,19.95,7.17
2011-05-25,8.0,19.62,6.78
2011-05-25,9.0,19.5,6.54
2011-05-25,10.0,19.2,5.98
2011-05-25,11.0,18.67,3.81
2011-05-25,12.0,18.07,3.05
2011-05-25,13.0,17.67,2.8
2011-05-25,14.0,17.31,2.76
2011-05-25,15.0,17.09,3.22
2011-05-25,16.0,16.65,3.92
2011-05-25,17.0,16.32,4.0
2011-05-25,18.0,16.14,4.1
2011-05-25,19.0,15.93,3.82
2011-05-25,20.0,15.78,3.53
2011-05-25,22.0,15.45,3.86
2011-05-25,24.0,15.04,3.16
2011-05-25,26.0,14.74,2.77
2011-05-25,28.0,14.45,2.98
2011-05-25,30.0,14.09,3.51
2011-05-25,35.0,13.54,3.03
2011-05-25,38.2,13.17,0.42
2011-06-28,0.1,28.94,9.2
2011-06-28,1.0,28.94,9.19
2011-06-28,2.0,28.53,9.45
2011-06-28,3.0,28.3,9.41
2011-06-28,4.0,27.96,8.77
2011-06-28,5.0,27.09,7.6
2011-06-28,6.0,25.65,6.05
2011-06-28,7.0,23.46,5.66
2011-06-28,8.0,22.14,4.63
2011-06-28,9.0,21.19,3.58
2011-06-28,10.0,20.35,2.85
2011-06-28,11.0,19.94,2.41
2011-06-28,12.0,19.55,1.23
2011-06-28,13.0,19.21,1.02
2011-06-28,14.0,18.99,0.29
2011-06-28,15.0,18.82,0.14
2011-06-28,16.0,18.66,0.15
2011-06-28,17.0,18.35,0.41
2011-06-28,18.0,18.1,0.46
2011-06-28,19.0,17.91,0.31
2011-06-28,20.0,17.73,0.13
2011-06-28,22.0,17.32,0.13
2011-06-28,24.0,16.8,0.26
2011-06-28,26.0,16.26,0.14
2011-06-28,28.0,15.88,0.08
2011-06-28,30.0,15.48,0.11
2011-06-28,35.0,14.6,0.08
2011-06-28,38.4,14.03,0.06
2011-07-06,0.1,29.77,8.63
2011-07-06,1.0,29.78,8.63
2011-07-06,2.0,29.79,8.59
2011-07-06,3.0,29.77,8.58
2011-07-06,4.0,28.67,8.74
2011-07-06,5.0,27.79,6.73
2011-07-06,6.0,26.26,2.74
2011-07-06,7.0,25.38,1.96
2011-07-06,8.0,23.74,3.67
2011-07-06,9.0,22.2,2.85
2011-07-06,10.0,20.98,1.88
2011-07-06,11.0,20.38,1.02
2011-07-06,12.0,19.88,0.41
2011-07-06,13.0,19.63,0.28
2011-07-06,14.0,19.34,0.12
2011-07-06,15.0,19.16,0.08
2011-07-06,16.0,19.01,0.08
2011-07-06,17.0,18.75,0.12
2011-07-06,18.0,18.59,0.09
2011-07-06,19.0,18.36,0.07
2011-07-06,20.0,18.22,0.07
2011-07-06,22.0,17.71,0.07
2011-07-06,24.0,17.22,0.07
2011-07-06,26.0,16.76,0.06
2011-07-06,28.0,16.25,0.07
2011-07-06,30.0,15.78,0.06
2011-07-06,35.0,14.84,0.07
2011-07-06,39.6,14.05,0.07
2011-08-24,0.1,29.67,7.26
2011-08-24,1.0,29.68,7.24
2011-08-24,2.0,29.68,7.23
2011-08-24,3.0,29.66,7.19
2011-08-24,4.0,29.61,7.04
2011-08-24,5.0,29.6,6.97
2011-08-24,6.0,29.59,6.88
2011-08-24,7.0,29.55,6.93
2011-08-24,8.0,29.52,6.82
2011-08-24,10.0,28.07,0.33
2011-08-24,11.0,26.87,0.14
2011-08-24,12.0,26.09,0.11
2011-08-24,13.0,25.0,0.09
2011-08-24,14.0,24.14,0.07
2011-08-24,15.0,23.38,0.08
2011-08-24,16.0,22.59,0.06
2011-08-24,17.0,21.76,0.05
2011-08-24,18.0,21.49,0.06
2011-08-24,19.0,21.14,0.05
2011-08-24,20.0,20.62,0.05
2011-08-24,22.0,20.1,0.05
2011-08-24,24.0,19.68,0.05
2011-08-24,26.0,19.37,0.05
2011-08-24,28.0,18.88,0.05
2011-08-24,30.0,18.39,0.05
2011-08-24,35.0,17.05,0.05
2011-08-24,38.2,15.91,0.05
2011-09-22,0.1,24.98,5.81
2011-09-22,1.0,24.98,5.81
2011-09-22,2.0,24.99,5.81
2011-09-22,3.0,24.95,5.71
2011-09-22,4.0,24.72,4.78
2011-09-22,5.0,24.66,4.65
2011-09-22,6.0,24.62,4.54
2011-09-22,7.0,24.62,4.52
2011-09-22,8.0,24.59,4.68
2011-09-22,9.0,24.57,4.74
2011-09-22,10.0,24.55,4.71
2011-09-22,11.0,24.54,4.66
2011-09-22,12.0,24.53,4.71
2011-09-22,13.0,24.52,4.61
2011-09-22,14.0,24.47,3.9
2011-09-22,15.0,24.45,3.55
2011-09-22,16.0,24.38,3.53
2011-09-22,17.0,24.25,2.01
2011-09-22,18.0,24.22,1.37
2011-09-22,19.0,24.14,0.08
2011-09-22,20.0,23.99,0.05
2011-09-22,22.0,23.06,0.05
2011-09-22,24.0,22.37,0.05
2011-09-22,26.0,21.81,0.05
2011-09-22,28.0,21.32,0.04
2011-09-22,30.0,21.0,0.05
2011-09-22,35.0,20.38,0.04
2011-09-22,37.2,19.49,0.04
2011-10-06,0.1,23.11,4.08
2011-10-06,1.0,23.08,3.98
2011-10-06,2.0,22.96,3.85
2011-10-06,3.0,22.94,3.73
2011-10-06,4.0,22.92,3.74
2011-10-06,5.0,22.92,3.74
2011-10-06,6.0,22.92,3.68
2011-10-06,7.0,22.92,3.68
2011-10-06,8.0,22.92,3.67
2011-10-06,9.0,22.92,3.66
2011-10-06,10.0,22.92,3.63
2011-10-06,11.0,22.92,3.64
2011-10-06,12.0,22.92,3.62
2011-10-06,13.0,22.92,3.63
2011-10-06,14.0,22.91,3.61
2011-10-06,15.0,22.91,3.59
2011-10-06,16.0,22.9,3.68
2011-10-06,17.0,22.91,3.7
2011-10-06,18.0,22.89,3.69
2011-10-06,19.0,22.89,3.7
2011-10-06,20.0,22.88,3.65
2011-10-06,22.0,22.87,3.67
2011-10-06,24.0,22.87,3.68
2011-10-06,26.0,22.87,3.67
2011-10-06,28.0,22.79,3.34
2011-10-06,30.0,22.75,2.91
2011-10-06,35.0,22.13,0.06
2012-08-20,0.1,28.31,6.37
2012-08-20,1.0,28.38,6.36
2012-08-20,2.0,28.1,6.26
2012-08-20,3.0,28.09,6.31
2012-08-20,4.0,28.06,6.25
2012-08-20,5.0,28.05,6.23
2012-08-20,6.0,28.04,6.12
2012-08-20,7.0,28.03,6.17
2012-08-20,8.0,28.0,6.33
2012-08-20,9.0,27.96,6.34
2012-08-20,10.0,27.28,0.28
2012-08-20,11.0,26.31,0.04
2012-08-20,12.0,25.54,0.04
2012-08-20,13.0,24.7,0.04
2012-08-20,14.0,24.03,0.04
2012-08-20,15.0,23.39,0.04
2012-08-20,16.0,22.78,0.04
2012-08-20,17.0,22.09,0.05
2012-08-20,18.0,21.69,0.04
2012-08-20,19.0,21.25,0.04
2012-08-20,20.0,20.73,0.04
2012-08-20,22.0,19.89,0.04
2012-08-20,24.0,19.09,0.04
2012-08-20,26.0,18.46,0.04
2012-08-20,28.0,17.7,0.04
2012-08-20,30.0,17.16,0.04
2012-08-20,35.0,15.32,0.05
2012-08-20,37.0,14.56,0.05
2012-09-17,0.1,26.47,4.86
2012-09-17,1.0,26.46,4.83
2012-09-17,2.0,26.46,4.84
2012-09-17,3.0,26.47,4.83
2012-09-17,4.0,26.47,4.82
2012-09-17,5.0,26.47,4.81
2012-09-17,6.0,26.46,4.75
2012-09-17,7.0,26.45,4.77
2012-09-17,8.0,26.45,4.79
2012-09-17,9.0,26.45,4.49
2012-09-17,10.0,26.43,4.05
2012-09-17,11.0,26.4,3.35
2012-09-17,12.0,26.34,2.93
2012-09-17,13.0,26.31,2.77
2012-09-17,14.0,26.19,0.42
2012-09-17,15.0,25.58,0.11
2012-09-17,16.0,25.07,0.09
2012-09-17,17.0,24.34,0.07
2012-09-17,18.0,23.7,0.06
2012-09-17,19.0,23.03,0.06
2012-09-17,20.0,22.35,0.04
2012-09-17,22.0,21.35,0.04
2012-09-17,24.0,20.27,0.05
2012-09-17,26.0,19.26,0.05
2012-09-17,28.0,18.4,0.05
2012-09-17,30.0,17.67,0.05
2012-09-17,35.0,15.86,0.06
2012-10-22,0.1,21.2,5.0
2012-10-22,1.0,21.2,4.93
2012-10-22,2.0,21.17,4.9
2012-10-22,3.0,21.15,4.85
2012-10-22,4.0,21.15,4.89
2012-10-22,5.0,21.14,4.84
2012-10-22,6.0,21.14,4.84
2012-10-22,7.0,21.14,4.83
2012-10-22,8.0,21.14,4.8
2012-10-22,9.0,21.14,4.78
2012-10-22,10.0,21.13,4.8
2012-10-22,11.0,21.14,4.76
2012-10-22,12.0,21.13,4.78
2012-10-22,13.0,21.13,4.76
2012-10-22,14.0,21.13,4.77
2012-10-22,15.0,21.12,4.78
2012-10-22,16.0,21.11,4.77
2012-10-22,17.0,21.09,4.74
2012-10-22,18.0,21.05,4.74
2012-10-22,19.0,21.05,4.61
2012-10-22,20.0,21.04,4.54
2012-10-22,22.0,21.01,4.34
2012-10-22,24.0,21.0,4.39
2012-10-22,26.0,20.97,4.11
2012-10-22,28.0,20.71,0.65
2012-10-22,30.0,19.49,0.15
2012-10-22,35.0,16.92,0.04
2012-10-22,37.4,15.8,0.04
2013-04-29,0.1,19.05,9.66
2013-04-29,1.0,18.26,9.76
2013-04-29,2.0,18.12,9.7
2013-04-29,3.0,17.97,9.57
2013-04-29,4.0,17.93,9.5
2013-04-29,5.0,17.91,9.42
2013-04-29,6.0,17.86,9.37
2013-04-29,7.0,17.82,9.32
2013-04-29,8.0,17.74,9.2
2013-04-29,9.0,17.1,9.19
2013-04-29,10.0,15.79,8.29
2013-04-29,11.0,13.83,8.18
2013-04-29,12.0,12.68,8.17
2013-04-29,13.0,12.0,8.46
2013-04-29,14.0,11.53,8.31
2013-04-29,15.0,11.34,8.27
2013-04-29,16.0,11.21,8.26
2013-04-29,17.0,11.04,8.19
2013-04-29,18.0,10.82,8.14
2013-04-29,19.0,10.82,8.04
2013-04-29,20.0,10.75,8.04
2013-04-29,22.0,10.55,7.95
2013-04-29,24.0,10.46,7.8
2013-04-29,26.0,10.37,7.82
2013-04-29,28.0,10.31,7.82
2013-04-29,30.0,10.25,7.79
2013-04-29,35.0,10.06,7.6
2013-04-29,40.4,9.8,4.87
2013-05-09,0.1,19.57,9.95
2013-05-09,1.0,18.55,10.14
2013-05-09,2.0,18.11,9.76
2013-05-09,3.0,17.74,9.18
2013-05-09,4.0,17.68,9.03
2013-05-09,5.0,17.44,8.72
2013-05-09,6.0,17.1,8.14
2013-05-09,7.0,16.91,7.98
2013-05-09,8.0,16.44,7.77
2013-05-09,9.0,16.34,7.71
2013-05-09,10.0,16.18,7.59
2013-05-09,11.0,16.1,7.53
2013-05-09,12.0,16.01,7.35
2013-05-09,13.0,15.87,7.31
2013-05-09,14.0,15.65,7.18
2013-05-09,15.0,15.16,6.84
2013-05-09,16.0,14.88,6.68
2013-05-09,17.0,14.78,6.58
2013-05-09,18.0,14.47,6.39
2013-05-09,19.0,13.94,6.3
2013-05-09,20.0,13.37,5.72
2013-05-09,22.0,12.5,5.66
2013-05-09,24.0,11.96,6.2
2013-05-09,26.0,11.43,6.5
2013-05-09,28.0,11.23,6.32
2013-05-09,30.0,11.0,6.48
2013-05-09,35.0,10.77,6.49
2013-05-09,40.0,10.45,5.7
2013-05-09,41.8,10.3,3.85
2013-06-17,0.1,27.86,8.95
2013-06-17,1.0,27.86,9.0
2013-06-17,2.0,27.81,8.87
2013-06-17,3.0,27.78,8.91
2013-06-17,4.0,27.74,8.85
2013-06-17,5.0,24.87,6.81
2013-06-17,6.0,22.99,4.44
2013-06-17,7.0,22.14,3.87
2013-06-17,8.0,21.62,3.35
2013-06-17,9.0,20.73,3.17
2013-06-17,10.0,19.88,3.21
2013-06-17,11.0,19.15,3.17
2013-06-17,12.0,18.69,3.2
2013-06-17,13.0,18.18,3.36
2013-06-17,14.0,17.87,3.35
2013-06-17,15.0,17.56,3.39
2013-06-17,16.0,17.32,3.31
2013-06-17,17.0,17.07,3.17
2013-06-17,18.0,17.0,3.08
2013-06-17,19.0,16.82,2.48
2013-06-17,20.0,16.69,2.28
2013-06-17,22.0,16.33,2.21
2013-06-17,23.2,16.19,1.96
2013-07-25,0.1,28.22,8.34
2013-07-25,0.5,28.0,8.27
2013-07-25,1.0,27.85,7.95
2013-07-25,2.0,27.92,8.17
2013-07-25,3.0,27.79,7.4
2013-07-25,4.0,27.37,5.3
2013-07-25,5.0,26.58,1.14
2013-07-25,6.0,25.72,2.03
2013-07-25,7.0,25.09,1.71
2013-07-25,8.0,24.67,2.11
2013-07-25,9.0,24.27,2.1
2013-07-25,10.0,23.85,2.13
2013-07-25,11.0,23.5,2.1
2013-07-25,12.0,23.32,2.17
2013-07-25,13.0,23.14,2.1
2013-07-25,14.0,22.99,2.14
2013-07-25,15.0,22.81,2.07
2013-07-25,16.0,22.72,2.05
2013-07-25,17.0,22.58,2.01
2013-07-25,18.0,22.52,1.81
2013-07-25,19.0,22.37,1.8
2013-07-25,20.0,22.3,1.86
2013-07-25,22.0,22.07,1.02
2013-07-25,24.0,21.96,0.89
2013-07-25,26.0,21.82,0.46
2013-07-25,28.0,21.67,0.57
2013-07-25,30.0,21.46,0.21
2013-07-25,35.0,20.36,0.07
2013-07-25,38.4,18.19,0.06
2013-08-23,0.1,27.7,9.03
2013-08-23,1.0,27.48,9.17
2013-08-23,2.0,27.39,9.12
2013-08-23,3.0,27.21,9.05
2013-08-23,4.0,26.85,7.67
2013-08-23,5.0,26.59,6.21
2013-08-23,6.0,26.22,4.52
2013-08-23,7.0,25.58,0.28
2013-08-23,8.0,25.15,0.16
2013-08-23,9.0,24.65,0.03
2013-08-23,10.0,24.41,0.31
2013-08-23,11.0,24.16,0.56
2013-08-23,12.0,23.91,0.89
2013-08-23,13.0,23.81,1.19
2013-08-23,14.0,23.67,1.81
2013-08-23,15.0,23.57,1.67
2013-08-23,16.0,23.39,1.66
2013-08-23,17.0,23.3,1.72
2013-08-23,18.0,23.2,2.09
2013-08-23,19.0,23.09,2.19
2013-08-23,20.0,22.94,2.47
2013-08-23,22.0,22.67,2.89
2013-08-23,24.0,22.52,2.99
2013-08-23,26.0,22.4,3.07
2013-08-23,28.0,22.27,3.12
2013-08-23,30.0,22.25,3.16
2013-08-23,35.0,22.19,3.1
2013-08-23,38.5,22.07,1.01
2013-09-25,0.1,25.12,6.88
2013-09-25,1.0,25.12,6.79
2013-09-25,2.0,25.13,6.75
2013-09-25,3.0,25.13,6.76
2013-09-25,4.0,25.14,6.7
2013-09-25,5.0,25.13,6.7
2013-09-25,6.0,25.12,6.67
2013-09-25,7.0,25.12,6.61
2013-09-25,8.0,25.11,6.61
2013-09-25,9.0,25.1,6.61
2013-09-25,10.0,25.1,6.6
2013-09-25,11.0,25.1,6.58
2013-09-25,12.0,25.09,6.59
2013-09-25,13.0,24.65,2.47
2013-09-25,14.0,24.09,0.34
2013-09-25,15.0,24.0,0.16
2013-09-25,16.0,23.78,0.13
2013-09-25,17.0,23.68,0.11
2013-09-25,18.0,23.51,0.1
2013-09-25,19.0,23.45,0.1
2013-09-25,20.0,23.26,0.09
2013-09-25,22.0,23.12,0.09
2013-09-25,24.0,22.81,0.08
2013-09-25,26.0,22.74,0.08
2013-09-25,28.0,22.65,0.08
2013-09-25,30.0,22.57,0.07
2013-09-25,34.9,22.25,0.07
2013-10-22,0.1,22.0,4.61
2013-10-22,1.0,22.02,4.57
2013-10-22,2.0,22.0,4.56
2013-10-22,3.0,21.99,4.54
2013-10-22,4.0,21.99,4.52
2013-10-22,5.0,21.98,4.5
2013-10-22,6.0,21.98,4.5
2013-10-22,7.0,21.98,4.48
2013-10-22,8.0,21.98,4.49
2013-10-22,9.0,21.98,4.48
2013-10-22,10.0,21.98,4.47
2013-10-22,11.0,21.97,4.49
2013-10-22,12.0,21.95,4.52
2013-10-22,13.0,21.87,4.64
2013-10-22,14.0,21.83,4.79
2013-10-22,15.0,21.82,4.87
2013-10-22,16.0,21.76,4.63
2013-10-22,17.0,21.75,4.58
2013-10-22,18.0,21.72,4.36
2013-10-22,19.0,21.64,4.29
2013-10-22,20.0,21.62,4.24
2013-10-22,22.0,21.56,3.0
2013-10-22,24.0,21.51,2.64
2013-10-22,26.0,21.41,1.92
2013-10-22,28.0,21.38,1.78
2013-10-22,30.0,21.23,1.76
2013-10-22,34.4,21.1,1.56
2014-04-21,0.1,16.51,10.25
2014-04-21,1.0,16.36,10.23
2014-04-21,2.0,16.22,10.26
2014-04-21,3.0,16.18,10.18
2014-04-21,4.0,15.43,10.15
2014-04-21,5.0,15.06,9.72
2014-04-21,6.0,14.72,9.34
2014-04-21,7.0,14.59,9.1
2014-04-21,8.0,14.51,9.08
2014-04-21,9.0,14.49,8.99
2014-04-21,10.0,14.49,9.02
2014-04-21,11.0,14.44,9.01
2014-04-21,12.0,14.4,8.93
2014-04-21,13.0,14.35,8.98
2014-04-21,14.0,13.92,8.93
2014-04-21,15.0,13.81,8.7
2014-04-21,16.0,13.55,8.62
2014-04-21,17.0,13.29,8.43
2014-04-21,18.0,12.92,8.42
2014-04-21,19.0,12.75,8.38
2014-04-21,20.0,12.69,8.4
2014-04-21,22.0,12.49,8.69
2014-04-21,24.0,12.32,8.65
2014-04-21,26.0,12.05,8.5
2014-04-21,28.0,11.84,8.38
2014-04-21,30.0,11.78,8.46
2014-04-21,35.0,11.31,8.23
2014-04-21,39.6,10.74,5.12
2014-05-29,0.1,26.63,8.65
2014-05-29,1.0,26.52,8.66
2014-05-29,2.0,26.38,8.7
2014-05-29,3.0,26.09,8.91
2014-05-29,4.0,23.79,9.16
2014-05-29,5.0,22.07,8.52
2014-05-29,6.0,20.88,7.36
2014-05-29,7.0,19.64,5.15
2014-05-29,8.0,18.95,4.19
2014-05-29,9.0,18.26,3.76
2014-05-29,10.0,17.83,3.25
2014-05-29,11.0,17.16,4.17
2014-05-29,12.0,16.43,4.53
2014-05-29,13.0,15.93,4.94
2014-05-29,14.0,15.54,5.28
2014-05-29,15.0,15.35,5.41
2014-05-29,16.0,15.19,5.47
2014-05-29,17.0,15.02,5.41
2014-05-29,18.0,14.9,5.5
2014-05-29,19.0,14.82,5.48
2014-05-29,20.0,14.73,5.52
2014-05-29,22.0,14.61,5.63
2014-05-29,24.0,14.52,5.53
2014-05-29,26.0,14.45,4.84
2014-05-29,28.0,14.38,4.62
2014-05-29,30.0,14.32,4.55
2014-05-29,35.0,14.23,3.65
2014-05-29,40.0,13.71,1.03
2014-06-16,0.1,28.25,8.62
2014-06-16,1.0,28.09,8.7
2014-06-16,2.0,27.73,8.72
2014-06-16,3.0,27.69,8.75
2014-06-16,4.0,26.9,8.93
2014-06-16,5.0,25.73,8.98
2014-06-16,6.0,24.57,8.46
2014-06-16,7.0,23.18,7.22
2014-06-16,8.0,22.01,5.22
2014-06-16,9.0,21.1,4.22
2014-06-16,10.0,20.07,2.78
2014-06-16,11.0,19.32,2.15
2014-06-16,12.0,18.52,1.95
2014-06-16,13.0,17.91,2.0
2014-06-16,14.0,17.58,2.05
2014-06-16,15.0,17.19,1.92
2014-06-16,16.0,17.01,2.01
2014-06-16,17.0,16.8,2.5
2014-06-16,18.0,16.57,2.34
2014-06-16,19.0,16.38,2.74
2014-06-16,20.0,16.22,2.9
2014-06-16,22.0,15.94,3.38
2014-06-16,24.0,15.75,3.75
2014-06-16,26.0,15.63,3.22
2014-06-16,28.0,15.52,3.1
2014-06-16,30.0,15.4,3.46
2014-06-16,35.0,15.22,1.42
2014-06-16,40.1,14.78,0.1
2014-07-24,0.1,28.63,9.25
2014-07-24,1.0,28.35,9.63
2014-07-24,2.0,28.08,9.73
2014-07-24,3.0,27.66,9.7
2014-07-24,4.0,27.46,8.76
2014-07-24,5.0,27.32,7.62
2014-07-24,6.0,27.23,6.91
2014-07-24,7.0,27.12,6.52
2014-07-24,8.0,26.76,4.19
2014-07-24,9.0,26.26,0.48
2014-07-24,10.0,24.62,0.0
2014-07-24,11.0,23.71,0.0
2014-07-24,12.0,23.25,0.0
2014-07-24,13.0,22.74,0.0
2014-07-24,14.0,22.2,0.0
2014-07-24,15.0,21.7,0.0
2014-07-24,16.0,21.38,0.0
2014-07-24,17.0,21.04,0.0
2014-07-24,18.0,20.8,0.0
2014-07-24,19.0,20.55,0.0
2014-07-24,20.0,20.31,0.0
2014-07-24,22.0,19.94,0.0
2014-07-24,24.0,19.67,0.0
2014-07-24,26.0,19.45,0.0
2014-07-24,28.0,19.35,0.0
2014-07-24,30.0,19.2,0.0
2014-07-24,35.0,18.97,0.0
2014-07-24,39.3,18.17,0.0
2014-08-07,0.1,28.43,9.29
2014-08-07,1.0,28.17,9.32
2014-08-07,2.0,28.04,9.32
2014-08-07,3.0,27.87,9.31
2014-08-07,4.0,27.57,8.89
2014-08-07,5.0,27.36,7.68
2014-08-07,6.0,27.27,6.92
2014-08-07,7.0,27.02,4.73
2014-08-07,8.0,26.76,2.69
2014-08-07,9.0,26.14,0.03
2014-08-07,10.0,25.33,0.02
2014-08-07,11.0,25.04,0.0
2014-08-07,12.0,24.58,0.01
2014-08-07,13.0,24.13,0.01
2014-08-07,14.0,23.7,0.01
2014-08-07,15.0,23.38,0.01
2014-08-07,16.0,23.09,0.01
2014-08-07,17.0,22.72,0.0
2014-08-07,18.0,22.45,0.01
2014-08-07,19.0,22.16,0.0
2014-08-07,20.0,21.94,0.0
2014-08-07,22.0,21.56,0.0
2014-08-07,24.0,21.31,0.0
2014-08-07,26.0,21.12,0.0
2014-08-07,28.0,20.96,0.0
2014-08-07,30.0,20.84,0.0
2014-08-07,32.9,20.54,0.0
2014-09-25,0.1,26.18,5.72
2014-09-25,1.0,26.11,5.37
2014-09-25,2.0,25.98,5.03
2014-09-25,3.0,25.96,4.97
2014-09-25,4.0,25.95,5.15
2014-09-25,5.0,25.95,5.18
2014-09-25,6.0,25.94,5.15
2014-09-25,7.0,25.94,5.16
2014-09-25,8.0,25.94,5.14
2014-09-25,9.0,25.93,5.17
2014-09-25,10.0,25.93,5.19
2014-09-25,11.0,25.92,5.07
2014-09-25,12.0,25.92,4.9
2014-09-25,13.0,25.91,4.9
2014-09-25,14.0,25.9,4.8
2014-09-25,15.0,25.84,4.71
2014-09-25,16.0,25.4,0.03
2014-09-25,17.0,25.19,0.01
2014-09-25,18.0,25.07,0.01
2014-09-25,19.0,24.95,0.01
2014-09-25,20.0,24.88,0.01
2014-09-25,22.0,24.65,0.01
2014-09-25,24.0,24.52,0.01
2014-09-25,26.0,24.41,0.01
2014-09-25,28.0,24.39,0.0
2014-09-25,30.0,24.29,0.01
2014-09-25,35.0,24.11,0.01
2014-09-25,38.2,23.64,0.01
2014-10-23,0.1,21.71,5.86
2014-10-23,1.0,21.79,5.78
2014-10-23,2.0,21.79,5.84
2014-10-23,3.0,21.81,5.8
2014-10-23,4.0,21.81,5.82
2014-10-23,5.0,21.8,5.8
2014-10-23,6.0,21.81,5.81
2014-10-23,7.0,21.8,5.78
2014-10-23,8.0,21.81,5.79
2014-10-23,9.0,21.8,5.79
2014-10-23,10.0,21.8,5.79
2014-10-23,11.0,21.8,5.8
2014-10-23,12.0,21.8,5.8
2014-10-23,13.0,21.8,5.78
2014-10-23,14.0,21.8,5.8
2014-10-23,15.0,21.8,5.81
2014-10-23,16.0,21.8,5.81
2014-10-23,17.0,21.8,5.83
2014-10-23,18.0,21.79,5.82
2014-10-23,19.0,21.79,5.8
2014-10-23,20.0,21.79,5.79
2014-10-23,22.0,21.76,5.87
2014-10-23,24.0,21.7,5.91
2014-10-23,26.0,21.55,5.65
2014-10-23,28.0,21.44,5.46
2014-10-23,30.0,21.24,4.98
2014-10-23,35.0,20.85,4.43
2014-10-23,37.8,20.93,0.0
2015-04-20,0.1,19.51,10.37
2015-04-20,1.0,18.99,10.47
2015-04-20,2.0,18.88,10.43
2015-04-20,3.0,18.81,10.37
2015-04-20,4.0,18.48,10.27
2015-04-20,5.0,18.09,10.01
2015-04-20,6.0,17.88,9.65
2015-04-20,7.0,17.16,9.65
2015-04-20,8.0,16.56,9.68
2015-04-20,9.0,14.25,9.76
2015-04-20,10.0,12.85,10.01
2015-04-20,11.0,11.8,9.85
2015-04-20,12.0,10.28,9.87
2015-04-20,13.0,10.13,9.44
2015-04-20,14.0,9.79,9.29
2015-04-20,15.0,9.62,9.0
2015-04-20,16.0,9.51,9.09
2015-04-20,17.0,9.07,9.17
2015-04-20,18.0,8.85,9.17
2015-04-20,19.0,8.77,9.08
2015-04-20,20.0,8.65,9.12
2015-04-20,22.0,8.5,9.23
2015-04-20,24.0,8.28,9.26
2015-04-20,26.0,8.14,9.27
2015-04-20,28.0,7.98,9.26
2015-04-20,30.0,7.92,9.19
2015-04-20,35.0,7.76,9.06
2015-04-20,39.1,7.67,6.8
2015-05-04,0.1,23.11,10.51
2015-05-04,1.0,21.36,10.94
2015-05-04,2.0,20.65,10.93
2015-05-04,3.0,20.03,10.79
2015-05-04,4.0,19.28,10.77
2015-05-04,5.0,18.88,9.6
2015-05-04,6.0,18.71,8.94
2015-05-04,7.0,18.45,8.85
2015-05-04,8.0,17.84,7.29
2015-05-04,9.0,17.4,6.63
2015-05-04,10.0,16.91,6.47
2015-05-04,11.0,16.65,6.2
2015-05-04,12.0,16.22,6.72
2015-05-04,13.0,15.9,6.64
2015-05-04,14.0,15.45,7.2
2015-05-04,14.9,14.78,7.72
2015-05-04,16.0,14.11,8.26
2015-05-04,17.0,13.48,8.32
2015-05-04,18.0,13.06,8.43
2015-05-04,19.0,12.67,8.41
2015-05-04,20.1,12.34,8.35
2015-05-04,22.1,12.01,7.95
2015-05-04,24.0,11.67,8.23
2015-05-04,26.0,11.48,8.01
2015-05-04,28.0,11.34,7.05
2015-05-04,30.0,11.15,7.59
2015-05-04,34.9,10.81,5.91
2015-05-04,40.0,10.22,4.92
2015-06-03,0.1,26.1,9.09
2015-06-03,1.0,26.05,9.17
2015-06-03,2.0,25.97,9.17
2015-06-03,3.0,25.95,9.21
2015-06-03,4.0,25.9,9.16
2015-06-03,5.0,24.7,8.62
2015-06-03,6.0,23.73,7.22
2015-06-03,7.0,22.39,5.66
2015-06-03,8.0,21.29,4.42
2015-06-03,9.0,20.23,4.66
2015-06-03,10.0,19.51,4.52
2015-06-03,11.0,18.69,3.53
2015-06-03,11.9,18.38,3.18
2015-06-03,13.0,18.1,2.78
2015-06-03,14.0,17.84,2.57
2015-06-03,15.0,17.66,2.44
2015-06-03,16.0,17.52,2.38
2015-06-03,17.0,17.38,2.35
2015-06-03,18.1,17.23,2.41
2015-06-03,19.0,17.15,2.34
2015-06-03,20.0,17.08,2.29
2015-06-03,22.0,16.9,2.41
2015-06-03,24.0,16.72,2.97
2015-06-03,25.9,16.62,3.1
2015-06-03,28.0,16.55,3.57
2015-06-03,30.0,16.5,3.45
2015-06-03,35.0,16.33,2.53
2015-06-03,40.0,15.3,0.0
2015-07-28,0.1,31.1,8.22
2015-07-28,1.0,31.12,8.15
2015-07-28,2.0,31.09,8.12
2015-07-28,3.0,31.08,8.13
2015-07-28,4.0,30.81,8.25
2015-07-28,5.0,30.1,8.25
2015-07-28,6.0,28.65,5.66
2015-07-28,7.0,27.54,2.19
2015-07-28,8.0,26.8,0.04
2015-07-28,9.0,26.07,0.0
2015-07-28,10.0,25.38,0.0
2015-07-28,11.0,24.6,0.0
2015-07-28,12.0,23.9,0.0
2015-07-28,13.0,23.5,0.0
2015-07-28,14.0,22.86,0.0
2015-07-28,15.0,22.44,0.0
2015-07-28,16.0,22.18,0.0
2015-07-28,17.0,21.9,0.0
2015-07-28,18.0,21.64,0.0
2015-07-28,19.0,21.46,0.0
2015-07-28,20.0,21.32,0.0
2015-07-28,22.0,21.01,0.0
2015-07-28,24.0,20.79,0.0
2015-07-28,26.0,20.61,0.0
2015-07-28,28.0,20.46,0.0
2015-07-28,30.0,20.38,0.0
2015-07-28,35.0,20.22,0.0
2015-07-28,37.7,19.89,0.0
2015-08-11,0.1,30.26,7.66
2015-08-11,1.0,30.28,7.64
2015-08-11,2.0,30.27,7.61
2015-08-11,3.0,30.26,7.54
2015-08-11,4.0,30.19,7.42
2015-08-11,5.0,29.85,6.77
2015-08-11,6.0,29.26,4.48
2015-08-11,7.0,28.53,1.63
2015-08-11,8.0,27.55,0.01
2015-08-11,9.0,26.46,0.0
2015-08-11,10.0,25.72,0.0
2015-08-11,11.0,24.96,0.0
2015-08-11,12.0,24.34,0.0
2015-08-11,13.0,23.84,0.0
2015-08-11,14.0,23.37,0.0
2015-08-11,15.0,23.09,0.0
2015-08-11,15.9,22.71,0.0
2015-08-11,17.0,22.47,0.0
2015-08-11,18.0,22.3,0.0
2015-08-11,19.0,22.1,0.0
2015-08-11,20.0,21.92,0.0
2015-08-11,22.0,21.6,0.0
2015-08-11,24.0,21.38,0.0
2015-08-11,26.0,21.18,0.0
2015-08-11,28.0,21.06,0.0
2015-08-11,30.0,20.98,0.0
2015-08-11,34.9,20.84,0.0
2015-08-11,37.6,20.2,0.0
2015-09-16,0.1,26.2,5.38
2015-09-16,1.0,26.23,5.32
2015-09-16,2.0,26.23,5.34
2015-09-16,3.0,26.23,5.32
2015-09-16,4.0,26.23,5.3
2015-09-16,5.0,26.23,5.33
2015-09-16,6.0,26.23,5.32
2015-09-16,7.0,26.23,5.29
2015-09-16,8.0,26.23,5.25
2015-09-16,9.0,26.23,5.26
2015-09-16,10.0,26.23,5.25
2015-09-16,11.0,26.23,5.26
2015-09-16,12.0,26.23,5.2
2015-09-16,13.0,26.14,4.29
2015-09-16,14.0,26.0,2.18
2015-09-16,15.0,25.8,0.11
2015-09-16,16.0,25.47,0.0
2015-09-16,17.0,25.27,0.0
2015-09-16,18.0,24.89,0.0
2015-09-16,19.0,24.71,0.0
2015-09-16,20.0,24.39,0.0
2015-09-16,22.0,24.02,0.01
2015-09-16,24.0,23.82,0.0
2015-09-16,26.0,23.72,0.0
2015-09-16,28.0,23.58,0.0
2015-09-16,30.0,23.46,0.0
2015-09-16,35.0,23.25,0.0
2015-09-16,38.5,22.79,0.0
2015-10-27,0.1,20.68,6.1
2015-10-27,1.0,20.67,6.09
2015-10-27,2.0,20.7,6.1
2015-10-27,3.0,20.69,6.06
2015-10-27,4.0,20.69,6.04
2015-10-27,5.1,20.69,6.07
2015-10-27,6.0,20.69,6.07
2015-10-27,7.0,20.69,6.05
2015-10-27,8.0,20.69,6.05
2015-10-27,9.1,20.69,6.04
2015-10-27,9.7,20.69,6.03
2015-10-27,11.3,20.69,5.97
2015-10-27,12.3,20.69,5.98
2015-10-27,13.1,20.69,5.97
2015-10-27,14.2,20.7,5.92
2015-10-27,15.0,20.7,5.94
2015-10-27,16.2,20.7,5.93
2015-10-27,16.9,20.67,6.03
2015-10-27,17.9,20.68,6.04
2015-10-27,18.9,20.67,6.06
2015-10-27,19.7,20.68,6.05
2015-10-27,21.9,20.68,6.05
2015-10-27,23.4,20.65,5.97
2015-10-27,25.8,20.58,5.9
2015-10-27,27.6,20.3,4.91
2015-10-27,30.1,19.59,4.79
2016-04-05,0.1,16.3,9.78
2016-04-05,1.0,16.27,9.77
2016-04-05,2.0,16.17,9.8
2016-04-05,3.0,15.83,9.59
2016-04-05,4.0,15.76,9.49
2016-04-05,5.0,15.66,9.59
2016-04-05,6.0,15.43,9.25
2016-04-05,7.0,14.73,8.47
2016-04-05,8.0,14.0,8.47
2016-04-05,9.0,13.4,8.18
2016-04-05,10.0,12.58,8.13
2016-04-05,11.0,12.36,7.9
2016-04-05,12.0,12.14,7.9
2016-04-05,13.0,11.86,7.89
2016-04-05,14.0,11.67,7.98
2016-04-05,15.0,11.57,8.02
2016-04-05,16.0,11.37,8.1
2016-04-05,17.0,11.21,8.15
2016-04-05,18.0,11.06,8.23
2016-04-05,19.0,10.95,8.35
2016-04-05,20.0,10.91,8.29
2016-04-05,22.0,10.76,8.29
2016-04-05,24.0,10.73,8.24
2016-04-05,26.0,10.65,8.11
2016-04-05,28.0,10.58,7.92
2016-04-05,30.0,10.52,8.05
2016-04-05,35.0,10.45,7.99
2016-04-05,39.1,10.34,5.55
2016-05-03,0.1,24.08,9.36
2016-05-03,1.0,24.08,9.39
2016-05-03,2.0,24.05,9.39
2016-05-03,3.0,21.43,11.3
2016-05-03,4.0,19.71,11.28
2016-05-03,5.0,18.75,10.74
2016-05-03,6.1,17.69,9.88
2016-05-03,7.0,16.92,8.7
2016-05-03,8.0,16.53,8.2
2016-05-03,9.0,16.11,7.68
2016-05-03,10.0,15.91,7.51
2016-05-03,11.0,15.82,7.47
2016-05-03,12.0,15.73,7.45
2016-05-03,13.0,15.6,7.32
2016-05-03,14.0,15.54,7.26
2016-05-03,15.1,15.42,7.09
2016-05-03,16.0,15.34,7.05
2016-05-03,17.0,15.22,7.12
2016-05-03,18.0,15.13,7.08
2016-05-03,19.0,15.02,7.0
2016-05-03,20.0,14.89,6.98
2016-05-03,22.0,14.71,6.69
2016-05-03,24.0,14.57,6.69
2016-05-03,26.0,14.37,6.44
2016-05-03,27.9,14.22,6.32
2016-05-03,30.0,14.14,5.98
2016-05-03,34.9,13.82,4.71
2016-05-03,39.1,13.34,2.12
2016-06-20,0.1,27.82,9.18
2016-06-20,0.9,27.6,9.31
2016-06-20,2.0,27.47,9.27
2016-06-20,3.0,27.39,9.19
2016-06-20,4.0,27.34,9.1
2016-06-20,5.0,27.3,8.98
2016-06-20,6.0,27.24,8.93
2016-06-20,7.0,24.17,9.61
2016-06-20,7.9,22.72,7.23
2016-06-20,9.0,21.78,4.78
2016-06-20,9.9,20.77,2.46
2016-06-20,11.0,19.89,1.86
2016-06-20,12.0,18.6,2.41
2016-06-20,13.0,17.99,2.68
2016-06-20,14.0,17.61,2.86
2016-06-20,15.1,17.26,2.83
2016-06-20,16.0,17.05,2.59
2016-06-20,17.0,16.85,2.91
2016-06-20,18.0,16.73,2.95
2016-06-20,19.0,16.59,3.16
2016-06-20,20.0,16.46,2.82
2016-06-20,22.0,16.32,3.09
2016-06-20,24.0,16.26,3.45
2016-06-20,26.0,16.19,3.59
2016-06-20,27.9,16.13,3.5
2016-06-20,30.0,16.06,3.19
2016-06-20,35.0,15.95,2.64
2016-06-20,37.3,15.95,1.69
2016-07-26,0.1,31.32,8.12
2016-07-26,1.0,31.16,8.18
2016-07-26,2.0,31.09,8.17
2016-07-26,3.1,30.99,8.07
2016-07-26,4.0,30.69,8.23
2016-07-26,5.0,30.28,7.82
2016-07-26,6.0,29.21,6.39
2016-07-26,7.0,27.65,4.17
2016-07-26,8.0,26.22,2.82
2016-07-26,9.0,24.63,1.64
2016-07-26,10.0,23.34,0.0
2016-07-26,11.0,21.87,0.0
2016-07-26,12.0,21.04,0.0
2016-07-26,13.0,20.31,0.0
2016-07-26,14.0,19.89,0.0
2016-07-26,15.0,19.62,0.0
2016-07-26,16.0,19.21,0.0
2016-07-26,17.0,18.91,0.0
2016-07-26,18.0,18.65,0.0
2016-07-26,19.0,18.26,0.0
2016-07-26,20.0,18.07,0.0
2016-07-26,22.0,17.79,0.02
2016-07-26,24.0,17.53,0.13
2016-07-26,26.0,17.37,0.08
2016-07-26,28.0,17.26,0.28
2016-07-26,30.0,17.15,0.21
2016-07-26,35.0,16.99,0.0
2016-07-26,39.0,16.59,0.0
2016-08-02,1.0,30.61,7.91
2016-08-02,2.0,30.57,7.85
2016-08-02,3.0,30.55,7.77
2016-08-02,4.0,30.53,7.68
2016-08-02,5.0,30.4,7.39
2016-08-02,6.0,29.71,4.87
2016-08-02,7.0,28.57,1.57
2016-08-02,8.0,26.95,0.0
2016-08-02,9.0,25.12,0.0
2016-08-02,10.0,23.67,0.0
2016-08-02,11.0,22.34,0.0
2016-08-02,12.0,21.4,0.0
2016-08-02,13.0,20.56,0.0
2016-08-02,14.0,20.09,0.0
2016-08-02,15.0,19.86,0.0
2016-08-02,16.0,19.56,0.0
2016-08-02,17.0,19.26,0.0
2016-08-02,17.9,19.04,0.0
2016-08-02,19.0,18.7,0.0
2016-08-02,20.0,18.49,0.0
2016-08-02,22.1,18.19,0.0
2016-08-02,24.0,17.91,0.0
2016-08-02,26.0,17.69,0.0
2016-08-02,28.0,17.55,0.0
2016-08-02,30.0,17.44,0.0
2016-08-02,35.0,17.32,0.0
2016-08-02,39.5,16.52,0.0
2016-10-20,0.1,24.2,6.9
2016-10-20,1.0,24.22,6.91
2016-10-20,2.0,24.23,6.86
2016-10-20,3.0,24.23,6.88
2016-10-20,3.9,24.21,6.73
2016-10-20,5.0,24.1,5.73
2016-10-20,6.0,24.01,4.97
2016-10-20,7.1,23.96,4.71
2016-10-20,8.0,23.93,4.63
2016-10-20,9.0,23.88,4.61
2016-10-20,10.0,23.86,4.64
2016-10-20,11.0,23.8,4.43
2016-10-20,12.0,23.75,4.52
2016-10-20,13.0,23.72,4.61
2016-10-20,14.0,23.69,4.35
2016-10-20,15.0,23.65,4.42
2016-10-20,16.0,23.62,4.59
2016-10-20,17.0,23.59,4.76
2016-10-20,18.0,23.56,4.95
2016-10-20,19.0,23.54,5.01
2016-10-20,20.0,23.52,4.42
2016-10-20,22.0,23.48,3.88
2016-10-20,24.0,23.37,4.1
2016-10-20,26.0,23.25,4.39
2016-10-20,28.0,23.2,4.39
2016-10-20,30.0,23.18,4.29
2016-10-20,34.9,23.07,4.03
2016-10-20,38.5,22.5,1.4
2017-04-10,0.1,17.12,9.62
2017-04-10,1.0,16.86,9.8
2017-04-10,2.0,16.77,9.8
2017-04-10,3.0,16.7,9.8
2017-04-10,4.0,16.65,9.77
2017-04-10,5.0,16.61,9.78
2017-04-10,5.9,16.1,9.56
2017-04-10,6.9,15.84,9.5
2017-04-10,8.0,15.71,9.28
2017-04-10,9.0,15.52,9.3
2017-04-10,10.0,14.59,8.97
2017-04-10,11.0,13.5,8.75
2017-04-10,12.0,12.61,8.7
2017-04-10,13.0,12.37,8.69
2017-04-10,14.0,12.18,8.7
2017-04-10,15.0,12.08,8.54
2017-04-10,16.0,11.92,8.56
2017-04-10,17.0,11.82,8.49
2017-04-10,18.0,11.65,8.57
2017-04-10,19.0,11.53,8.53
2017-04-10,20.0,11.5,8.56
2017-04-10,22.0,11.4,8.44
2017-04-10,24.1,11.31,8.46
2017-04-10,26.0,11.25,8.28
2017-04-10,27.9,11.17,8.0
2017-04-10,30.0,11.12,8.01
2017-04-10,35.0,11.03,7.72
2017-04-10,39.2,10.93,5.77
2017-05-11,0.1,22.37,9.32
2017-05-11,1.0,22.3,9.37
2017-05-11,2.0,21.6,9.46
2017-05-11,3.0,21.32,9.54
2017-05-11,4.0,21.03,9.48
2017-05-11,5.0,20.64,9.3
2017-05-11,5.9,20.33,8.84
2017-05-11,7.0,19.99,8.28
2017-05-11,8.0,19.42,7.59
2017-05-11,9.1,17.61,7.22
2017-05-11,10.0,16.76,6.93
2017-05-11,11.1,16.15,6.13
2017-05-11,11.9,15.84,5.57
2017-05-11,13.0,15.58,5.59
2017-05-11,13.9,15.26,5.52
2017-05-11,15.1,14.84,5.33
2017-05-11,15.9,14.59,5.13
2017-05-11,17.1,14.34,5.24
2017-05-11,18.0,14.13,5.34
2017-05-11,19.0,13.94,5.38
2017-05-11,20.0,13.79,5.3
2017-05-11,21.9,13.51,5.45
2017-05-11,24.1,13.36,5.46
2017-05-11,25.9,13.07,5.57
2017-05-11,28.0,12.91,5.11
2017-05-11,29.6,12.79,4.35
2017-05-11,35.1,12.58,4.83
2017-05-11,38.9,12.38,2.12
2017-06-14,0.1,29.3,9.54
2017-06-14,1.0,29.14,9.57
2017-06-14,2.0,28.54,10.41
2017-06-14,3.0,27.93,10.45
2017-06-14,4.0,27.32,9.75
2017-06-14,5.0,25.68,9.52
2017-06-14,6.0,24.16,5.88
2017-06-14,7.0,23.36,2.54
2017-06-14,8.0,22.84,1.32
2017-06-14,9.0,22.49,0.95
2017-06-14,10.0,22.02,0.8
2017-06-14,11.0,21.6,1.3
2017-06-14,11.9,21.25,1.44
2017-06-14,13.1,20.87,1.86
2017-06-14,14.1,20.54,2.26
2017-06-14,15.0,20.34,2.22
2017-06-14,16.0,20.09,2.37
2017-06-14,17.0,19.89,2.18
2017-06-14,18.1,19.62,1.71
2017-06-14,19.1,19.42,1.82
2017-06-14,20.0,19.27,1.86
2017-06-14,22.0,18.95,1.82
2017-06-14,24.0,18.7,1.15
2017-06-14,26.0,18.54,1.84
2017-06-14,27.9,18.37,0.96
2017-06-14,30.0,18.27,0.98
2017-06-14,35.0,17.97,0.0
2017-06-14,40.0,16.64,0.0
2017-07-06,0.1,28.83,8.78
2017-07-06,1.0,28.59,8.88
2017-07-06,2.0,28.17,8.92
2017-07-06,2.9,28.03,8.75
2017-07-06,3.9,27.93,8.15
2017-07-06,5.0,27.27,6.32
2017-07-06,6.0,26.65,4.0
2017-07-06,7.0,26.27,2.67
2017-07-06,8.0,25.65,0.81
2017-07-06,9.0,25.11,0.0
2017-07-06,10.0,24.71,0.0
2017-07-06,11.0,24.25,0.0
2017-07-06,12.0,23.71,0.0
2017-07-06,13.0,23.41,0.0
2017-07-06,14.0,23.06,0.0
2017-07-06,15.0,22.75,0.0
2017-07-06,16.0,22.49,0.0
2017-07-06,17.0,22.33,0.0
2017-07-06,18.0,22.16,0.0
2017-07-06,18.9,22.02,0.0
2017-07-06,20.0,21.86,0.0
2017-07-06,22.0,21.64,0.0
2017-07-06,24.0,21.48,0.0
2017-07-06,25.9,21.41,0.0
2017-07-06,28.0,21.31,0.0
2017-07-06,30.1,21.2,0.0
2017-07-06,35.0,20.91,0.0
2017-07-06,39.7,20.08,0.0
2017-08-01,0.1,30.02,7.97
2017-08-01,1.0,29.91,7.99
2017-08-01,2.0,29.76,7.92
2017-08-01,3.0,29.68,7.93
2017-08-01,4.0,29.66,7.95
2017-08-01,5.0,29.63,7.9
2017-08-01,6.0,29.58,7.68
2017-08-01,7.0,28.21,2.74
2017-08-01,8.0,27.1,0.0
2017-08-01,9.0,26.37,0.0
2017-08-01,9.9,26.08,0.0
2017-08-01,11.0,25.79,0.0
2017-08-01,12.0,25.39,0.0
2017-08-01,13.0,25.05,0.0
2017-08-01,14.0,24.76,0.0
2017-08-01,15.0,24.57,0.0
2017-08-01,16.0,24.36,0.0
2017-08-01,17.0,24.22,0.0
2017-08-01,18.0,24.06,0.0
2017-08-01,19.0,23.9,0.0
2017-08-01,19.9,23.79,0.0
2017-08-01,21.9,23.6,0.0
2017-08-01,24.0,23.47,0.0
2017-08-01,26.0,23.35,0.0
2017-08-01,28.0,23.23,0.0
2017-08-01,30.0,23.17,0.0
2017-08-01,35.0,22.96,0.0
2017-08-01,39.7,22.34,0.0
2017-09-06,0.1,26.85,6.2
2017-09-06,1.0,26.86,6.16
2017-09-06,2.0,26.86,6.11
2017-09-06,3.0,26.87,6.05
2017-09-06,4.0,26.87,6.05
2017-09-06,5.0,26.86,6.06
2017-09-06,6.0,26.86,6.09
2017-09-06,7.0,26.86,6.07
2017-09-06,8.0,26.84,5.85
2017-09-06,9.0,26.79,4.34
2017-09-06,10.0,26.7,3.35
2017-09-06,11.0,26.55,2.65
2017-09-06,12.0,26.36,0.98
2017-09-06,13.0,25.99,0.0
2017-09-06,14.0,25.76,0.0
2017-09-06,15.0,25.49,0.0
2017-09-06,16.1,25.32,0.0
2017-09-06,17.0,25.25,0.0
2017-09-06,18.0,25.16,0.0
2017-09-06,19.0,24.95,0.0
2017-09-06,20.0,24.79,0.0
2017-09-06,22.0,24.62,0.0
2017-09-06,24.0,24.49,0.0
2017-09-06,26.0,24.38,0.0
2017-09-06,28.0,24.31,0.0
2017-09-06,30.1,24.21,0.0
2017-09-06,35.0,24.06,0.0
2017-09-06,38.0,23.78,0.0
2017-10-13,0.1,24.8,7.96
2017-10-13,1.0,24.88,7.92
2017-10-13,2.0,24.87,7.9
2017-10-13,3.0,24.85,7.64
2017-10-13,4.0,24.64,6.64
2017-10-13,5.0,24.56,6.57
2017-10-13,6.0,24.45,6.26
2017-10-13,7.0,24.39,6.09
2017-10-13,8.0,24.31,5.53
2017-10-13,9.0,24.2,4.9
2017-10-13,10.0,23.94,3.56
2017-10-13,11.0,23.73,2.78
2017-10-13,12.0,23.61,2.51
2017-10-13,13.0,23.5,1.99
2017-10-13,14.0,23.41,1.51
2017-10-13,15.1,23.24,1.03
2017-10-13,17.0,23.0,0.56
2017-10-13,18.0,22.88,0.73
2017-10-13,19.0,22.68,0.78
2017-10-13,20.0,22.56,0.74
2017-10-13,22.0,22.36,0.49
2017-10-13,24.0,22.16,0.42
2017-10-13,26.0,22.02,0.8
2017-10-13,28.0,21.95,0.0
2017-10-13,30.1,21.86,0.0
2017-10-13,35.0,21.66,0.0
2017-10-13,38.4,21.28,0.0
2018-04-30,0.1,17.9,10.38
2018-04-30,1.0,17.38,10.45
2018-04-30,2.0,17.1,10.47
2018-04-30,3.0,16.88,10.59
2018-04-30,4.0,16.75,10.45
2018-04-30,5.0,16.66,10.34
2018-04-30,6.0,16.47,10.09
2018-04-30,7.0,16.21,9.77
2018-04-30,8.0,15.98,9.38
2018-04-30,9.0,15.85,8.91
2018-04-30,10.0,15.72,8.64
2018-04-30,11.0,15.68,8.41
2018-04-30,12.0,15.58,8.06
2018-04-30,13.0,15.43,7.85
2018-04-30,14.0,15.34,7.99
2018-04-30,15.0,15.23,7.97
2018-04-30,16.0,15.08,7.76
2018-04-30,17.0,14.96,7.77
2018-04-30,18.0,14.68,7.63
2018-04-30,19.0,14.48,7.37
2018-04-30,20.0,14.19,7.29
2018-04-30,22.0,13.66,7.11
2018-04-30,24.0,13.44,6.8
2018-04-30,26.0,12.98,5.8
2018-04-30,28.0,12.77,6.04
2018-04-30,30.0,12.69,6.31
2018-04-30,35.0,12.49,6.34
2018-04-30,39.6,12.16,0.0
2018-05-29,0.1,27.08,8.59
2018-05-29,1.0,27.1,8.53
2018-05-29,2.0,27.12,8.53
2018-05-29,3.0,27.12,8.47
2018-05-29,4.0,27.09,8.4
2018-05-29,5.0,27.09,8.48
2018-05-29,6.0,27.06,8.36
2018-05-29,7.0,21.21,9.17
2018-05-29,8.0,19.14,8.16
2018-05-29,9.0,18.41,7.84
2018-05-29,10.0,17.48,7.45
2018-05-29,11.0,16.74,6.37
2018-05-29,12.0,16.42,5.92
2018-05-29,13.0,16.19,5.34
2018-05-29,14.0,16.04,5.18
2018-05-29,15.0,15.97,5.13
2018-05-29,16.0,15.89,4.94
2018-05-29,17.0,15.8,4.87
2018-05-29,18.0,15.72,4.88
2018-05-29,19.0,15.61,5.15
2018-05-29,20.0,15.53,5.29
2018-05-29,22.0,15.41,5.17
2018-05-29,24.0,15.34,4.61
2018-05-29,26.0,15.26,4.52
2018-05-29,28.0,15.22,4.25
2018-05-29,30.0,15.15,3.78
2018-05-29,35.0,15.03,3.08
2018-05-29,37.3,14.92,2.14
2018-06-14,0.1,28.46,9.48
2018-06-14,1.0,28.45,9.54
2018-06-14,2.0,28.42,9.55
2018-06-14,3.0,28.32,9.28
2018-06-14,4.0,27.68,9.31
2018-06-14,5.0,25.74,8.09
2018-06-14,6.0,24.27,3.77
2018-06-14,7.0,23.52,2.79
2018-06-14,8.0,22.94,2.27
2018-06-14,9.0,22.61,2.07
2018-06-14,10.0,21.9,1.9
2018-06-14,11.0,21.53,1.78
2018-06-14,12.0,21.0,2.52
2018-06-14,13.0,20.05,4.47
2018-06-14,14.0,19.26,5.01
2018-06-14,15.0,18.96,5.08
2018-06-14,16.0,18.39,4.63
2018-06-14,17.0,17.92,4.55
2018-06-14,18.0,17.72,3.82
2018-06-14,19.0,17.42,3.95
2018-06-14,20.0,17.21,4.23
2018-06-14,22.0,16.85,2.15
2018-06-14,24.0,16.65,2.65
2018-06-14,26.0,16.47,2.23
2018-06-14,28.0,16.34,1.83
2018-06-14,30.0,16.23,1.71
2018-06-14,35.0,16.05,0.99
2018-06-14,39.1,15.5,0.0
2018-07-10,0.1,29.81,8.66
2018-07-10,1.0,29.8,8.65
2018-07-10,2.0,29.63,8.59
2018-07-10,3.0,29.6,8.51
2018-07-10,4.0,29.44,8.23
2018-07-10,5.0,29.28,7.29
2018-07-10,6.0,28.28,5.04
2018-07-10,7.0,26.79,2.14
2018-07-10,8.0,25.89,0.0
2018-07-10,9.0,25.01,0.0
2018-07-10,10.0,24.35,0.0
2018-07-10,11.0,23.89,0.0
2018-07-10,12.0,23.55,0.0
2018-07-10,13.0,23.07,0.0
2018-07-10,14.0,22.84,0.0
2018-07-10,15.0,22.56,0.0
2018-07-10,16.0,22.39,0.0
2018-07-10,17.0,22.14,0.0
2018-07-10,18.0,21.95,0.0
2018-07-10,19.0,21.68,0.0
2018-07-10,20.0,21.48,0.01
2018-07-10,22.0,21.1,0.0
2018-07-10,24.0,20.71,0.0
2018-07-10,26.0,20.28,0.0
2018-07-10,28.0,19.79,0.0
2018-07-10,30.0,19.39,0.0
2018-07-10,35.0,18.94,0.0
2018-07-10,38.3,17.98,0.0
2018-08-28,0.1,29.51,8.26
2018-08-28,1.0,29.32,8.32
2018-08-28,2.0,29.08,8.29
2018-08-28,3.0,28.81,8.24
2018-08-28,4.0,28.54,8.07
2018-08-28,5.0,28.31,7.66
2018-08-28,6.0,28.07,6.67
2018-08-28,7.0,27.97,6.06
2018-08-28,8.0,27.86,5.33
2018-08-28,9.0,27.46,1.51
2018-08-28,10.0,26.87,0.0
2018-08-28,11.0,26.44,0.0
2018-08-28,12.0,26.18,0.0
2018-08-28,13.0,25.83,0.0
2018-08-28,14.0,25.67,0.0
2018-08-28,15.0,25.53,0.0
2018-08-28,16.0,25.42,0.0
2018-08-28,17.0,25.27,0.0
2018-08-28,18.0,25.19,0.0
2018-08-28,19.0,25.01,0.0
2018-08-28,20.0,24.86,0.0
2018-08-28,22.0,24.67,0.0
2018-08-28,24.0,24.46,0.0
2018-08-28,26.0,24.26,0.0
2018-08-28,28.0,24.15,0.0
2018-08-28,30.0,24.08,0.0
2018-08-28,35.0,23.92,0.0
2018-08-28,40.0,23.47,0.0
2018-09-04,0.1,29.39,8.2
2018-09-04,1.0,29.41,8.21
2018-09-04,2.0,29.39,8.19
2018-09-04,3.0,29.37,8.19
2018-09-04,4.0,29.32,8.13
2018-09-04,5.0,29.3,8.1
2018-09-04,6.0,29.26,7.78
2018-09-04,7.0,28.96,6.99
2018-09-04,8.0,28.19,3.76
2018-09-04,9.0,27.67,0.84
2018-09-04,10.0,27.1,0.0
2018-09-04,11.0,26.72,0.0
2018-09-04,12.0,26.36,0.0
2018-09-04,13.0,26.14,0.0
2018-09-04,14.0,25.91,0.0
2018-09-04,15.0,25.7,0.0
2018-09-04,16.0,25.57,0.0
2018-09-04,17.0,25.44,0.0
2018-09-04,18.0,25.34,0.0
2018-09-04,19.0,25.24,0.0
2018-09-04,20.0,25.08,0.0
2018-09-04,22.0,24.92,0.0
2018-09-04,24.0,24.73,0.0
2018-09-04,26.0,24.59,0.0
2018-09-04,28.0,24.46,0.0
2018-09-04,30.0,24.38,0.0
2018-09-04,35.0,24.17,0.0
2018-10-23,0.2,23.23,5.27
2018-10-23,1.0,23.28,5.14
2018-10-23,2.0,23.22,4.97
2018-10-23,3.0,23.18,4.88
2018-10-23,4.0,23.17,4.86
2018-10-23,5.0,23.17,4.85
2018-10-23,6.0,23.16,4.87
2018-10-23,7.0,23.16,4.88
2018-10-23,8.0,23.15,4.88
2018-10-23,9.0,23.16,4.88
2018-10-23,10.0,23.14,4.92
2018-10-23,11.0,23.14,4.96
2018-10-23,12.0,23.14,4.98
2018-10-23,13.0,23.13,5.07
2018-10-23,14.0,23.12,5.07
2018-10-23,15.0,23.11,5.1
2018-10-23,16.0,23.11,5.11
2018-10-23,17.0,23.06,5.15
2018-10-23,18.0,23.04,5.21
2018-10-23,19.0,23.0,5.26
2018-10-23,20.0,22.95,5.32
2018-10-23,22.0,22.86,5.48
2018-10-23,24.0,22.82,5.47
2018-10-23,26.0,22.82,5.49
2018-10-23,28.0,22.81,5.51
2018-10-23,30.0,22.79,5.51
2018-10-23,35.0,22.71,5.58
2018-10-23,38.2,22.68,5.0
2019-04-18,0.1,20.18,10.04
2019-04-18,1.0,20.19,10.05
2019-04-18,2.0,20.17,10.06
2019-04-18,3.0,20.19,10.07
2019-04-18,4.0,19.12,9.74
2019-04-18,5.0,18.2,9.32
2019-04-18,6.0,17.9,8.7
2019-04-18,7.0,17.65,8.86
2019-04-18,8.0,17.47,8.82
2019-04-18,9.0,17.07,8.55
2019-04-18,10.0,16.23,8.16
2019-04-18,11.0,15.42,7.73
2019-04-18,12.0,14.9,7.78
2019-04-18,13.0,14.56,7.81
2019-04-18,14.0,14.21,7.89
2019-04-18,15.0,13.99,7.72
2019-04-18,16.0,13.84,7.83
2019-04-18,17.0,13.71,7.54
2019-04-18,18.0,13.6,7.6
2019-04-18,19.0,13.48,7.75
2019-04-18,20.0,13.39,7.68
2019-04-18,22.0,13.14,7.44
2019-04-18,24.0,12.97,7.32
2019-04-18,26.0,12.84,7.07
2019-04-18,28.0,12.67,6.99
2019-04-18,30.0,12.52,6.87
2019-04-18,35.0,12.17,6.62
2019-04-18,40.0,11.75,5.44
2019-04-18,40.1,11.77,1.45
2019-05-08,0.1,24.5,9.7
2019-05-08,1.0,24.93,10.01
2019-05-08,2.0,24.79,10.15
2019-05-08,3.0,24.55,10.27
2019-05-08,4.0,24.26,10.43
2019-05-08,5.0,20.9,9.65
2019-05-08,6.0,19.73,7.96
2019-05-08,7.0,18.99,6.27
2019-05-08,8.0,18.65,5.92
2019-05-08,9.0,18.39,5.96
2019-05-08,10.0,17.97,5.91
2019-05-08,11.0,17.78,5.9
2019-05-08,12.0,17.64,5.92
2019-05-08,13.0,17.41,5.96
2019-05-08,14.0,17.29,5.95
2019-05-08,15.0,17.08,5.92
2019-05-08,16.0,16.93,5.82
2019-05-08,17.0,16.81,5.76
2019-05-08,18.0,16.6,5.95
2019-05-08,19.0,16.54,5.77
2019-05-08,20.0,16.43,5.85
2019-05-08,22.0,16.19,5.68
2019-05-08,24.0,16.08,5.67
2019-05-08,26.0,15.94,5.63
2019-05-08,28.0,15.86,5.46
2019-05-08,30.0,15.8,5.38
2019-05-08,35.0,15.67,4.94
2019-05-08,40.0,14.67,1.61
2019-06-19,0.1,28.13,9.21
2019-06-19,1.0,27.67,9.23
2019-06-19,2.0,27.49,9.22
2019-06-19,3.0,27.4,9.14
2019-06-19,4.0,26.13,8.23
2019-06-19,5.0,25.76,7.56
2019-06-19,6.0,25.33,6.37
2019-06-19,7.0,24.44,4.05
2019-06-19,8.0,23.37,1.91
2019-06-19,9.0,22.75,1.53
2019-06-19,10.0,22.35,1.31
2019-06-19,11.0,21.96,1.11
2019-06-19,12.0,21.58,0.99
2019-06-19,13.0,21.18,1.08
2019-06-19,14.0,20.7,1.09
2019-06-19,15.0,20.3,1.17
2019-06-19,16.0,19.96,1.15
2019-06-19,17.0,19.65,1.12
2019-06-19,18.0,19.52,1.18
2019-06-19,19.0,19.36,1.15
2019-06-19,20.0,19.12,1.08
2019-06-19,22.0,18.77,0.35
2019-06-19,24.0,18.52,1.14
2019-06-19,26.0,18.27,0.75
2019-06-19,28.0,18.01,0.46
2019-06-19,30.0,17.84,0.46
2019-06-19,35.0,17.37,0.03
2019-06-19,40.0,16.73,0.19
2019-07-18,0.1,30.88,8.59
2019-07-18,1.0,30.86,8.51
2019-07-18,2.0,30.75,8.62
2019-07-18,3.0,30.42,8.59
2019-07-18,4.0,29.93,7.72
2019-07-18,5.0,28.57,5.72
2019-07-18,6.0,27.72,3.23
2019-07-18,7.0,26.96,1.73
2019-07-18,8.0,26.31,0.68
2019-07-18,9.0,25.82,0.0
2019-07-18,11.0,24.43,0.0
2019-07-18,12.0,24.0,0.0
2019-07-18,13.0,23.5,0.0
2019-07-18,14.0,23.17,0.0
2019-07-18,15.0,22.81,0.0
2019-07-18,16.0,22.62,0.0
2019-07-18,17.0,22.42,0.0
2019-07-18,18.0,22.16,0.0
2019-07-18,19.0,21.96,0.0
2019-07-18,20.0,21.66,0.0
2019-07-18,22.0,21.27,0.0
2019-07-18,24.0,20.74,0.0
2019-07-18,26.0,20.37,0.0
2019-07-18,28.0,20.02,0.0
2019-07-18,30.0,19.66,0.0
2019-07-18,35.0,18.84,0.04
2019-07-18,37.0,18.53,0.0
2019-08-01,0.1,31.13,8.22
2019-08-01,1.0,30.11,8.38
2019-08-01,2.0,29.9,8.46
2019-08-01,3.0,29.66,8.46
2019-08-01,4.0,29.58,8.28
2019-08-01,5.0,29.41,7.69
2019-08-01,6.0,28.81,3.39
2019-08-01,7.0,28.32,0.96
2019-08-01,8.0,27.31,0.05
2019-08-01,9.0,26.91,0.0
2019-08-01,10.0,26.47,0.0
2019-08-01,11.0,26.14,0.0
2019-08-01,12.0,25.59,0.0
2019-08-01,13.0,25.05,0.0
2019-08-01,14.0,24.67,0.0
2019-08-01,15.0,24.16,0.0
2019-08-01,16.0,23.96,0.0
2019-08-01,17.0,23.71,0.0
2019-08-01,19.0,23.15,0.0
2019-08-01,20.0,22.95,0.0
2019-08-01,22.0,22.46,0.0
2019-08-01,24.0,22.09,0.0
2019-08-01,26.0,21.75,0.0
2019-08-01,28.0,21.48,0.0
2019-08-01,30.0,21.16,0.0
2019-08-01,35.0,20.15,0.0
2019-08-01,40.0,18.76,0.0
2019-10-01,0.1,30.37,8.46
2019-10-01,1.0,29.72,8.7
2019-10-01,2.0,28.74,8.91
2019-10-01,3.0,28.57,8.83
2019-10-01,4.0,28.48,8.72
2019-10-01,5.0,28.3,8.04
2019-10-01,6.0,27.7,6.02
2019-10-01,7.0,27.54,5.14
2019-10-01,8.0,27.29,3.5
2019-10-01,9.0,27.22,3.45
2019-10-01,10.0,27.19,3.29
2019-10-01,11.0,27.1,2.33
2019-10-01,12.0,26.93,0.41
2019-10-01,13.0,26.83,0.0
2019-10-01,14.0,26.74,0.0
2019-10-01,15.0,26.61,0.0
2019-10-01,16.0,26.52,0.0
2019-10-01,17.0,26.46,0.0
2019-10-01,18.0,26.39,0.0
2019-10-01,19.0,26.29,0.0
2019-10-01,20.0,26.19,0.0
2019-10-01,22.0,25.93,0.0
2019-10-01,24.0,25.61,0.0
2019-10-01,26.0,25.31,0.0
2019-10-01,28.0,24.98,0.0
2019-10-01,30.0,24.65,0.0
2019-10-01,35.0,23.76,0.0
2020-06-10,0.1,30.37,8.46
2020-06-10,1.0,29.72,8.7
2020-06-10,2.0,28.74,8.91
2020-06-10,3.0,28.57,8.83
2020-06-10,4.0,28.48,8.72
2020-06-10,5.0,28.3,8.04
2020-06-10,6.0,27.7,6.02
2020-06-10,7.0,27.54,5.14
2020-06-10,8.0,27.29,3.5
2020-06-10,9.0,27.22,3.45
2020-06-10,10.0,27.19,3.29
2020-06-10,11.0,27.1,2.33
2020-06-10,12.0,26.93,0.41
2020-06-10,13.0,26.83,0.0
2020-06-10,14.0,26.74,0.0
2020-06-10,15.0,26.61,0.0
2020-06-10,16.0,26.52,0.0
2020-06-10,17.0,26.46,0.0
2020-06-10,18.0,26.39,0.0
2020-06-10,19.0,26.29,0.0
2020-06-10,20.0,26.19,0.0
2020-06-10,22.0,25.93,0.0
2020-06-10,24.0,25.61,0.0
2020-06-10,26.0,25.31,0.0
2020-06-10,28.0,24.98,0.0
2020-06-10,30.0,24.65,0.0
2020-06-10,35.0,23.76,0.0
2020-07-07,0.1,29.21,9.08
2020-07-07,1.0,29.22,9.08
2020-07-07,2.0,29.14,9.15
2020-07-07,3.0,29.06,9.12
2020-07-07,4.0,29.01,9.01
2020-07-07,5.0,28.98,8.98
2020-07-07,6.0,25.81,6.83
2020-07-07,7.0,24.81,4.03
2020-07-07,8.0,23.92,1.22
2020-07-07,9.0,23.37,0.11
2020-07-07,10.0,22.48,0.14
2020-07-07,11.0,21.67,0.49
2020-07-07,12.0,21.02,1.24
2020-07-07,13.0,20.35,1.85
2020-07-07,14.0,19.72,2.1
2020-07-07,15.0,19.28,2.4
2020-07-07,16.0,18.99,2.38
2020-07-07,17.0,18.85,2.53
2020-07-07,18.0,18.66,2.15
2020-07-07,19.0,18.49,2.07
2020-07-07,20.0,18.31,1.1
2020-07-07,22.0,18.06,2.25
2020-07-07,24.0,17.92,2.25
2020-07-07,26.0,17.86,1.93
2020-07-07,28.0,17.74,0.72
2020-07-07,35.0,17.56,0.29
2020-07-07,40.0,16.74,0.0
2020-08-04,0.1,31.22,8.4
2020-08-04,1.0,30.53,8.76
2020-08-04,2.0,30.27,8.81
2020-08-04,3.0,30.08,8.68
2020-08-04,4.0,29.99,8.63
2020-08-04,5.0,29.89,8.43
2020-08-04,6.0,29.7,7.78
2020-08-04,7.0,28.32,3.46
2020-08-04,8.0,27.1,0.39
2020-08-04,9.0,26.17,0.24
2020-08-04,10.0,25.22,0.24
2020-08-04,11.0,24.38,0.23
2020-08-04,12.0,23.66,0.23
2020-08-04,13.0,23.08,0.23
2020-08-04,14.0,22.61,0.23
2020-08-04,15.0,22.32,0.24
2020-08-04,16.0,21.94,0.24
2020-08-04,17.0,21.65,0.25
2020-08-04,18.0,21.31,0.25
2020-08-04,19.0,21.09,0.25
2020-08-04,20.0,20.91,0.25
2020-08-04,22.0,20.59,0.25
2020-08-04,24.0,20.36,0.25
2020-08-04,26.0,20.07,0.26
2020-08-04,28.0,19.85,0.26
2020-08-04,30.0,19.76,0.27
2020-08-04,35.0,19.5,0.26
2020-08-04,40.0,18.49,0.27
2020-10-14,0.1,22.64,6.31
2020-10-14,1.0,22.67,6.32
2020-10-14,2.0,22.67,6.29
2020-10-14,3.0,22.65,6.32
2020-10-14,4.0,22.59,6.36
2020-10-14,5.0,22.57,6.22
2020-10-14,6.0,22.55,6.17
2020-10-14,7.0,22.55,6.12
2020-10-14,8.0,22.54,6.12
2020-10-14,9.0,22.53,6.1
2020-10-14,10.0,22.53,6.04
2020-10-14,11.0,22.52,6.12
2020-10-14,12.0,22.52,6.09
2020-10-14,13.0,22.47,5.95
2020-10-14,14.0,22.24,4.62
2020-10-14,15.0,22.11,4.51
2020-10-14,16.0,22.09,5.17
2020-10-14,17.0,21.98,5.27
2020-10-14,18.0,21.89,5.06
2020-10-14,19.0,21.81,4.7
2020-10-14,20.0,21.74,4.86
2020-10-14,22.0,21.47,4.63
2020-10-14,24.0,21.35,4.53
2020-10-14,26.0,21.26,4.25
2020-10-14,28.0,21.13,4.22
2020-10-14,30.0,21.04,3.87
2020-10-14,35.0,20.92,3.48
2021-04-13,0.1,21.98,10.78
2021-04-13,1.0,19.3,11.38
2021-04-13,2.0,18.98,11.18
2021-04-13,3.0,18.1,10.98
2021-04-13,4.0,16.21,9.4
2021-04-13,5.0,15.17,8.37
2021-04-13,6.0,14.75,8.03
2021-04-13,7.0,14.64,7.87
2021-04-13,8.0,14.56,7.88
2021-04-13,9.0,14.49,7.84
2021-04-13,10.0,14.48,7.86
2021-04-13,11.0,14.28,7.81
2021-04-13,12.0,14.19,7.76
2021-04-13,13.0,14.19,7.71
2021-04-13,14.0,14.08,7.71
2021-04-13,15.0,14.07,7.66
2021-04-13,16.0,13.94,7.59
2021-04-13,17.0,13.78,7.55
2021-04-13,19.0,13.66,7.52
2021-04-13,20.0,13.61,7.47
2021-04-13,22.0,13.24,7.53
2021-04-13,24.0,12.87,8.51
2021-04-13,26.0,12.57,7.96
2021-04-13,28.0,12.08,7.48
2021-04-13,30.0,11.82,7.7
2021-04-13,35.0,11.03,7.0
2021-04-13,40.0,9.87,4.85
2021-05-25,0.1,28.01,9.92
2021-05-25,1.0,25.86,10.58
2021-05-25,2.0,25.6,10.55
2021-05-25,3.0,23.88,10.38
2021-05-25,4.0,22.55,9.33
2021-05-25,5.0,21.78,8.26
2021-05-25,6.0,20.89,7.28
2021-05-25,7.0,20.07,6.39
2021-05-25,8.0,19.4,5.31
2021-05-25,9.0,19.03,4.79
2021-05-25,10.0,18.64,4.55
2021-05-25,11.0,18.45,4.49
2021-05-25,12.0,18.37,4.45
2021-05-25,13.0,18.16,4.25
2021-05-25,14.0,18.03,4.23
2021-05-25,15.0,17.94,4.18
2021-05-25,16.0,17.89,4.11
2021-05-25,17.0,17.83,4.07
2021-05-25,18.0,17.75,3.96
2021-05-25,19.0,17.66,3.98
2021-05-25,20.0,17.46,4.13
2021-05-25,22.0,17.14,3.99
2021-05-25,24.0,16.87,3.97
2021-05-25,26.0,16.58,3.54
2021-05-25,28.0,16.23,3.06
2021-05-25,30.0,15.92,2.7
2021-05-25,35.0,15.41,2.08
2021-05-25,40.0,14.52,0.47
2021-06-09,1.0,26.98,9.5
2021-06-09,2.0,26.95,9.52
2021-06-09,3.0,26.87,9.52
2021-06-09,4.0,26.69,9.54
2021-06-09,5.0,26.24,9.5
2021-06-09,6.0,24.87,8.06
2021-06-09,7.0,23.55,7.03
2021-06-09,8.0,22.47,5.39
2021-06-09,9.0,21.34,4.23
2021-06-09,10.0,20.61,4.02
2021-06-09,11.0,19.85,3.44
2021-06-09,12.0,19.31,3.17
2021-06-09,13.0,19.09,3.07
2021-06-09,14.0,18.75,2.95
2021-06-09,15.0,18.54,2.91
2021-06-09,16.0,18.43,2.89
2021-06-09,17.0,18.32,2.85
2021-06-09,18.0,18.22,2.84
2021-06-09,19.0,18.13,2.81
2021-06-09,20.0,18.04,2.74
2021-06-09,22.0,17.85,2.56
2021-06-09,24.0,17.71,2.36
2021-06-09,26.0,17.56,1.94
2021-06-09,28.0,17.31,1.55
2021-06-09,30.0,17.0,1.17
2021-06-09,35.0,16.35,0.95
2021-06-09,40.0,15.56,0.24
2021-07-13,0.1,28.45,8.62
2021-07-13,1.0,28.46,8.62
2021-07-13,2.0,28.44,8.6
2021-07-13,3.0,28.41,8.66
2021-07-13,4.0,28.3,8.67
2021-07-13,5.0,28.27,8.46
2021-07-13,6.0,28.24,8.44
2021-07-13,7.0,26.15,1.72
2021-07-13,8.0,25.14,1.06
2021-07-13,9.0,24.51,0.89
2021-07-13,10.0,24.12,0.63
2021-07-13,11.0,23.62,0.53
2021-07-13,12.0,23.32,0.41
2021-07-13,13.0,22.97,0.31
2021-07-13,14.0,22.75,0.32
2021-07-13,15.0,22.43,0.32
2021-07-13,16.0,22.16,0.33
2021-07-13,17.0,21.94,0.33
2021-07-13,18.0,21.58,0.34
2021-07-13,19.0,21.39,0.34
2021-07-13,20.0,21.1,0.34
2021-07-13,22.0,20.5,0.36
2021-07-13,24.0,20.09,0.36
2021-07-13,26.0,19.7,0.37
2021-07-13,28.0,19.34,0.38
2021-07-13,30.0,19.07,0.38
2021-07-13,35.0,18.49,0.39
2021-07-13,40.0,17.77,0.4
2021-08-09,0.1,30.38,8.71
2021-08-09,1.0,29.93,8.92
2021-08-09,2.0,29.73,9.03
2021-08-09,3.0,29.6,8.95
2021-08-09,4.0,29.53,8.85
2021-08-09,5.0,29.19,8.04
2021-08-09,6.0,28.46,3.06
2021-08-09,7.0,27.9,0.81
2021-08-09,8.0,26.81,0.02
2021-08-09,9.0,26.17,0.01
2021-08-09,10.0,25.77,0.0
2021-08-09,11.0,25.54,0.0
2021-08-09,12.0,25.24,0.0
2021-08-09,13.0,24.95,0.0
2021-08-09,14.0,24.69,0.0
2021-08-09,15.0,24.55,0.01
2021-08-09,16.0,24.34,0.01
2021-08-09,17.0,24.16,0.01
2021-08-09,18.0,23.99,0.01
2021-08-09,19.0,23.84,0.01
2021-08-09,20.0,23.67,0.01
2021-08-09,22.0,23.51,0.01
2021-08-09,24.0,23.27,0.01
2021-08-09,26.0,23.02,0.01
2021-08-09,28.0,22.83,0.01
2021-08-09,30.0,22.6,0.01
2021-08-09,35.0,21.96,0.0
2021-08-09,40.0,20.45,0.0
2021-09-08,0.1,28.73,7.7
2021-09-08,1.0,28.62,7.85
2021-09-08,2.0,28.57,7.93
2021-09-08,3.0,28.3,7.78
2021-09-08,4.0,28.22,7.51
2021-09-08,5.0,28.19,7.51
2021-09-08,6.0,28.16,7.31
2021-09-08,7.0,27.76,2.77
2021-09-08,8.0,27.42,1.46
2021-09-08,9.0,26.95,0.67
2021-09-08,10.0,26.67,0.6
2021-09-08,11.0,26.26,0.38
2021-09-08,12.0,26.04,0.18
2021-09-08,13.0,25.93,0.05
2021-09-08,14.0,25.65,0.03
2021-09-08,15.0,25.63,0.04
2021-09-08,16.0,25.55,0.03
2021-09-08,17.0,25.45,0.32
2021-09-08,18.0,25.36,0.47
2021-09-08,19.0,25.17,0.61
2021-09-08,20.0,25.12,0.67
2021-09-08,22.0,24.9,0.73
2021-09-08,24.0,24.82,0.82
2021-09-08,26.0,24.75,0.71
2021-09-08,28.0,24.74,1.48
2021-09-08,30.0,24.69,1.97
2021-09-08,35.0,24.55,0.05
2021-09-08,40.0,23.86,0.03
2021-10-06,0.1,24.91,6.55
2021-10-06,1.0,24.9,6.47
2021-10-06,2.0,24.91,6.49
2021-10-06,3.0,24.91,6.49
2021-10-06,4.0,24.89,6.41
2021-10-06,5.0,24.87,6.35
2021-10-06,6.0,24.88,6.34
2021-10-06,7.0,24.87,6.35
2021-10-06,8.0,24.87,6.3
2021-10-06,9.0,24.87,6.35
2021-10-06,10.0,24.86,6.26
2021-10-06,11.0,24.85,6.2
2021-10-06,12.0,24.31,1.35
2021-10-06,13.0,23.86,4.26
2021-10-06,14.0,23.55,3.05
2021-10-06,15.0,23.37,3.74
2021-10-06,16.0,23.14,3.7
2021-10-06,17.0,22.97,3.37
2021-10-06,18.0,22.66,3.48
2021-10-06,19.0,22.55,3.63
2021-10-06,20.0,22.34,3.28
2021-10-06,22.0,22.15,3.37
2021-10-06,24.0,22.03,3.29
2021-10-06,26.0,21.95,3.16
2021-10-06,28.0,21.87,3.03
2021-10-06,30.0,21.83,2.95
2021-10-06,35.0,21.77,2.73
2022-04-12,0.1,17.51,10.14
2022-04-12,1.0,17.04,10.25
2022-04-12,2.0,16.08,10.06
2022-04-12,3.0,15.96,9.63
2022-04-12,4.0,15.78,9.28
2022-04-12,5.0,15.23,8.57
2022-04-12,6.0,15.19,8.46
2022-04-12,7.0,15.11,8.44
2022-04-12,8.0,15.02,8.54
2022-04-12,9.0,14.96,8.55
2022-04-12,10.0,14.92,8.57
2022-04-12,11.0,14.82,8.58
2022-04-12,12.0,14.77,8.56
2022-04-12,13.0,14.74,8.41
2022-04-12,14.0,14.7,8.4
2022-04-12,15.0,14.68,8.38
2022-04-12,16.0,14.66,8.36
2022-04-12,17.0,14.6,8.25
2022-04-12,18.0,14.54,8.17
2022-04-12,19.0,14.46,7.89
2022-04-12,20.0,14.35,7.96
2022-04-12,22.0,14.18,8.03
2022-04-12,24.0,13.97,7.78
2022-04-12,26.0,13.71,7.49
2022-04-12,28.0,13.58,7.06
2022-04-12,30.0,13.45,6.88
2022-04-12,35.0,13.13,6.89
2022-05-09,0.1,21.74,9.84
2022-05-09,1.0,21.66,9.84
2022-05-09,2.0,21.5,9.91
2022-05-09,3.0,21.34,9.97
2022-05-09,4.0,21.29,9.9
2022-05-09,5.0,21.25,9.98
2022-05-09,6.0,21.15,9.86
2022-05-09,7.0,20.96,9.75
2022-05-09,8.0,18.39,8.12
2022-05-09,9.0,17.36,7.43
2022-05-09,10.0,16.64,6.68
2022-05-09,11.0,16.48,6.39
2022-05-09,12.0,16.26,6.07
2022-05-09,13.0,15.87,6.06
2022-05-09,14.0,15.68,6.07
2022-05-09,15.0,15.46,6.07
2022-05-09,16.0,15.3,6.1
2022-05-09,17.0,15.16,6.12
2022-05-09,18.0,14.95,6.28
2022-05-09,19.0,14.73,6.12
2022-05-09,20.0,14.69,6.12
2022-05-09,22.0,14.54,6.3
2022-05-09,24.0,14.43,5.91
2022-05-09,26.0,14.23,5.55
2022-05-09,28.0,14.15,5.43
2022-05-09,30.0,14.07,5.43
2022-05-09,35.0,13.94,5.05
2022-05-09,40.0,13.76,2.85
2022-06-15,0.1,29.94,9.17
2022-06-15,1.0,29.76,9.32
2022-06-15,2.0,28.65,10.0
2022-06-15,3.0,27.78,9.98
2022-06-15,4.0,27.11,9.77
2022-06-15,5.0,26.5,9.49
2022-06-15,6.0,25.14,7.73
2022-06-15,7.0,24.01,5.05
2022-06-15,8.0,23.36,3.75
2022-06-15,9.0,22.61,2.68
2022-06-15,10.0,21.96,1.98
2022-06-15,11.0,21.27,1.83
2022-06-15,12.0,20.58,2.14
2022-06-15,13.0,19.93,2.66
2022-06-15,14.0,19.23,2.47
2022-06-15,15.0,18.69,1.56
2022-06-15,16.0,18.36,1.5
2022-06-15,17.0,17.95,1.22
2022-06-15,18.0,17.68,1.33
2022-06-15,19.0,17.35,1.41
2022-06-15,20.0,17.1,1.4
2022-06-15,22.0,16.65,1.59
2022-06-15,24.0,16.34,1.49
2022-06-15,26.0,16.14,1.2
2022-06-15,28.0,15.93,0.26
2022-06-15,30.0,15.69,1.03
2022-06-15,35.0,15.21,0.42
2022-06-15,40.0,14.79,0.0
2022-07-28,0.1,31.2,8.48
2022-07-28,1.0,31.2,8.46
2022-07-28,2.0,30.9,8.44
2022-07-28,3.0,30.8,8.42
2022-07-28,4.0,30.5,8.3
2022-07-28,5.0,30.0,5.34
2022-07-28,6.0,29.3,3.68
2022-07-28,7.0,28.3,3.55
2022-07-28,8.0,27.9,0.29
2022-07-28,9.0,27.4,0.23
2022-07-28,10.0,26.8,0.18
2022-07-28,11.0,26.7,0.16
2022-07-28,12.0,26.3,0.15
2022-07-28,13.0,25.7,0.14
2022-07-28,14.0,25.0,0.13
2022-07-28,15.0,24.3,0.12
2022-07-28,16.0,23.8,0.11
2022-07-28,17.0,23.0,0.11
2022-07-28,18.0,22.7,0.1
2022-07-28,19.0,22.2,0.1
2022-07-28,20.0,21.7,0.1
2022-07-28,22.0,21.2,0.09
2022-07-28,24.0,20.8,0.08
2022-07-28,26.0,20.3,0.08
2022-07-28,28.0,19.8,0.08
2022-08-16,0.1,30.18,0.0
2022-08-16,1.0,29.88,0.0
2022-08-16,2.0,29.66,7.45
2022-08-16,3.0,29.6,7.39
2022-08-16,4.0,29.54,7.06
2022-08-16,5.0,29.51,6.83
2022-08-16,6.0,29.46,6.05
2022-08-16,7.0,29.24,4.09
2022-08-16,8.0,28.98,0.82
2022-08-16,9.0,28.38,0.22
2022-08-16,10.0,27.9,0.2
2022-08-16,11.0,27.66,0.2
2022-08-16,12.0,27.37,0.21
2022-08-16,13.0,27.05,0.21
2022-08-16,14.0,26.88,0.21
2022-08-16,15.0,26.57,0.21
2022-08-16,16.0,26.23,0.21
2022-08-16,17.0,25.92,0.21
2022-08-16,18.0,25.62,0.22
2022-08-16,19.0,25.36,0.21
2022-08-16,20.0,24.98,0.22
2022-08-16,22.0,24.42,0.22
2022-08-16,24.0,23.66,0.23
2022-08-16,26.0,23.09,0.23
2022-08-16,28.0,22.45,0.22
2022-08-16,30.0,21.94,0.23
2022-08-16,35.0,20.51,0.24
2022-09-26,0.1,26.43,0.0
2022-09-26,1.0,26.43,0.0
2022-09-26,2.0,26.43,0.0
2022-09-26,3.0,26.36,4.82
2022-09-26,4.0,26.33,0.0
2022-09-26,5.0,26.29,4.6
2022-09-26,6.0,26.28,4.53
2022-09-26,7.0,26.27,4.36
2022-09-26,8.0,26.26,4.46
2022-09-26,9.0,26.24,4.14
2022-09-26,10.0,26.23,4.24
2022-09-26,11.0,26.22,4.31
2022-09-26,12.0,26.14,3.5
2022-09-26,13.0,26.08,2.48
2022-09-26,14.0,26.08,2.12
2022-09-26,15.0,25.89,1.51
2022-09-26,16.0,25.75,1.2
2022-09-26,17.0,25.68,1.65
2022-09-26,18.0,25.58,1.7
2022-09-26,19.0,25.5,1.69
2022-09-26,22.0,25.29,0.49
2022-09-26,24.0,25.14,0.84
2022-09-26,26.0,25.09,0.21
2022-09-26,28.0,25.04,0.2
2022-09-26,30.0,25.02,0.2
2022-09-26,35.0,23.06,0.21
2022-10-12,0.1,22.77,6.04
2022-10-12,1.0,22.78,6.01
2022-10-12,2.0,22.79,6.01
2022-10-12,3.0,22.79,6.03
2022-10-12,4.0,22.79,6.03
2022-10-12,5.0,22.78,6.04
2022-10-12,6.0,22.78,6.01
2022-10-12,7.0,22.78,6.02
2022-10-12,8.0,22.77,5.94
2022-10-12,9.0,22.76,5.84
2022-10-12,10.0,22.75,5.77
2022-10-12,11.0,22.74,5.59
2022-10-12,12.0,22.73,5.53
2022-10-12,13.0,22.73,5.45
2022-10-12,14.0,22.72,5.37
2022-10-12,15.0,22.7,5.42
2022-10-12,16.0,22.67,5.28
2022-10-12,17.0,22.59,5.78
2022-10-12,18.0,22.57,5.58
2022-10-12,19.0,22.54,5.66
2022-10-12,20.0,22.49,5.48
2022-10-12,22.0,22.43,5.41
2022-10-12,24.0,22.39,5.47
2022-10-12,26.0,22.34,5.39
2022-10-12,28.0,22.33,5.57
2022-10-12,30.0,22.32,5.61
2022-10-12,35.0,22.28,5.39
2023-04-11,0.1,17.7,10.01
2023-04-11,1.0,17.0,10.11
2023-04-11,2.0,16.8,10.15
2023-04-11,3.0,16.6,10.19
2023-04-11,4.0,16.5,10.16
2023-04-11,5.0,16.4,9.98
2023-04-11,6.0,16.4,9.95
2023-04-11,7.0,16.4,9.89
2023-04-11,8.0,16.3,9.78
2023-04-11,9.0,16.3,9.63
2023-04-11,10.0,16.1,9.44
2023-04-11,11.0,15.9,9.28
2023-04-11,12.0,14.7,8.42
2023-04-11,13.0,14.2,7.71
2023-04-11,14.0,13.3,7.62
2023-04-11,15.0,13.2,7.49
2023-04-11,16.0,13.0,7.22
2023-04-11,17.0,12.7,7.18
2023-04-11,18.0,12.6,7.31
2023-04-11,19.0,12.4,7.36
2023-04-11,20.0,12.4,7.48
2023-04-11,22.0,12.1,7.58
2023-04-11,24.0,12.0,7.42
2023-05-09,0.1,21.74,10.06
2023-05-09,1.0,20.65,10.36
2023-05-09,2.0,19.57,10.2
2023-05-09,3.0,19.11,9.96
2023-05-09,4.0,18.87,9.41
2023-05-09,5.0,18.66,8.99
2023-05-09,6.0,18.43,8.79
2023-05-09,7.0,18.2,8.57
2023-05-09,8.0,18.02,8.16
2023-05-09,9.0,17.86,7.94
2023-05-09,10.0,17.75,7.56
2023-05-09,11.0,17.65,7.48
2023-05-09,12.0,17.46,7.07
2023-05-09,13.0,16.86,5.63
2023-05-09,14.0,16.62,5.32
2023-05-09,15.0,16.45,5.15
2023-05-09,16.0,16.22,4.85
2023-05-09,17.0,16.05,4.88
2023-05-09,18.0,15.85,4.73
2023-05-09,19.0,15.75,4.8
2023-05-09,20.0,15.69,5.08
2023-05-09,22.0,15.24,4.88
2023-05-09,24.0,15.03,4.81
2023-06-20,0.1,27.06,9.34
2023-06-20,1.0,27.02,9.41
2023-06-20,2.0,26.8,9.54
2023-06-20,3.0,26.68,9.47
2023-06-20,4.0,26.63,9.33
2023-06-20,5.0,26.58,9.1
2023-06-20,6.0,25.64,8.47
2023-06-20,7.0,24.33,6.18
2023-06-20,8.0,23.2,4.67
2023-06-20,9.0,22.7,3.92
2023-06-20,10.0,22.21,3.29
2023-06-20,11.0,21.09,2.58
2023-06-20,12.0,19.98,2.36
2023-06-20,13.0,19.61,2.3
2023-06-20,14.0,19.08,2.38
2023-06-20,15.0,18.61,2.15
2023-06-20,16.0,18.29,1.67
2023-06-20,17.0,18.15,1.32
2023-06-20,18.0,18.04,1.44
2023-06-20,19.0,17.91,1.78
2023-06-20,20.0,17.76,2.02
2023-06-20,22.0,17.61,1.92
2023-06-20,24.0,17.51,1.78
2023-06-20,26.0,17.35,1.47
2023-06-20,28.0,17.29,1.48
2023-06-20,30.0,17.05,1.39
2023-06-20,35.0,16.88,1.08
2023-06-20,40.0,16.21,0.54
2023-06-20,45.0,15.09,0.13
2023-07-25,0.1,29.74,8.58
2023-07-25,1.0,29.86,8.62
2023-07-25,2.0,29.75,8.66
2023-07-25,3.0,29.65,8.68
2023-07-25,4.0,29.58,8.62
2023-07-25,5.0,28.92,8.47
2023-07-25,6.0,27.44,7.67
2023-07-25,7.0,26.53,5.04
2023-07-25,8.0,25.83,2.8
2023-07-25,9.0,25.07,1.06
2023-07-25,10.0,24.48,0.56
2023-07-25,11.0,23.82,0.41
2023-07-25,12.0,23.27,0.33
2023-07-25,13.0,22.83,0.29
2023-07-25,14.0,22.45,0.26
2023-07-25,15.0,22.08,0.24
2023-07-25,16.0,21.78,0.22
2023-07-25,17.0,21.48,0.21
2023-07-25,18.0,21.14,0.2
2023-07-25,19.0,20.86,0.19
2023-07-25,20.0,20.64,0.18
2023-07-25,22.0,20.2,0.16
2023-07-25,24.0,19.55,0.16
2023-07-25,26.0,18.96,0.15
2023-07-25,28.0,18.41,0.14
2023-07-25,30.0,18.07,0.14
2023-07-25,35.0,17.62,0.13
2023-07-25,40.0,17.11,0.12
2023-08-15,0.1,29.9,8.49
2023-08-15,1.0,29.8,8.56
2023-08-15,2.0,29.6,8.54
2023-08-15,3.0,29.1,8.22
2023-08-15,4.0,29.0,7.75
2023-08-15,5.0,28.8,6.72
2023-08-15,6.0,28.6,5.09
2023-08-15,7.0,28.4,3.3
2023-08-15,8.0,28.0,1.11
2023-08-15,9.0,27.7,0.76
2023-08-15,10.0,26.9,0.44
2023-08-15,11.0,26.3,0.34
2023-08-15,12.0,25.9,0.3
2023-08-15,13.0,25.5,0.28
2023-08-15,14.0,25.2,0.26
2023-08-15,15.0,24.7,0.25
2023-08-15,16.0,24.2,0.23
2023-08-15,17.0,23.9,0.22
2023-08-15,18.0,23.6,0.2
2023-08-15,19.0,23.2,0.18
2023-08-15,20.0,23.1,0.18
2023-09-13,0.1,29.1,8.2
2023-09-13,1.0,29.1,8.22
2023-09-13,2.0,28.6,8.16
2023-09-13,3.0,28.5,7.94
2023-09-13,4.0,28.5,7.66
2023-09-13,5.0,28.4,6.99
2023-09-13,6.0,28.3,6.32
2023-09-13,7.0,28.1,4.2
2023-09-13,8.0,28.0,1.62
2023-09-13,9.0,27.8,0.5
2023-09-13,10.0,27.5,0.26
2023-09-13,11.0,27.0,0.23
2023-09-13,12.0,26.9,0.22
2023-09-13,13.0,26.4,0.2
2023-09-13,14.0,26.2,0.19
2023-09-13,15.0,25.9,0.18
2023-09-13,16.0,25.8,0.18
2023-09-13,17.0,25.6,0.18
2023-09-13,18.0,25.4,0.17
2023-09-13,19.0,24.8,0.16
2023-09-13,20.0,24.4,0.15
2023-09-13,22.0,23.9,0.14
2023-09-13,24.0,23.2,0.13
2023-09-13,26.0,22.8,0.12
2023-09-13,28.0,21.4,0.11
2023-10-16,0.1,23.0,4.98
2023-10-16,1.0,23.0,4.96
2023-10-16,2.0,23.0,4.95
2023-10-16,3.0,23.0,4.98
2023-10-16,4.0,23.0,4.95
2023-10-16,5.0,23.0,4.97
2023-10-16,6.0,23.0,4.97
2023-10-16,7.0,23.0,4.97
2023-10-16,8.0,23.0,4.93
2023-10-16,9.0,23.0,4.94
2023-10-16,10.0,23.0,4.9
2023-10-16,11.0,23.0,4.89
2023-10-16,12.0,23.0,4.89
2023-10-16,13.0,23.0,4.89
2023-10-16,14.0,23.0,4.89
2023-10-16,15.0,23.0,4.89
2023-10-16,16.0,23.0,4.9
2023-10-16,17.0,23.0,4.89
2023-10-16,18.0,23.0,4.88
2023-10-16,19.0,23.0,4.88
2023-10-16,20.0,23.0,4.87
2023-10-16,22.0,23.0,4.87
2023-10-16,24.0,23.0,4.88
2023-10-16,26.0,23.0,4.86
2023-10-16,28.0,23.0,4.78
2023-10-16,30.0,23.0,4.78
2023-10-16,35.0,22.9,4.8
2024-04-02,0.1,17.5,11.08
2024-04-02,1.0,16.9,11.03
2024-04-02,2.0,15.8,10.48
2024-04-02,3.0,14.8,10.22
2024-04-02,4.0,14.3,9.6
2024-04-02,5.0,13.9,9.15
2024-04-02,6.0,13.7,8.97
2024-04-02,7.0,13.6,8.91
2024-04-02,8.0,13.5,8.91
2024-04-02,9.0,13.5,8.9
2024-04-02,10.0,13.4,8.86
2024-04-02,11.0,13.3,8.81
2024-04-02,12.0,13.2,8.72
2024-04-02,13.0,13.1,8.69
2024-04-02,14.0,13.0,8.6
2024-04-02,15.0,12.7,8.49
2024-04-02,16.0,12.5,8.32
2024-04-02,17.0,12.3,8.2
2024-04-02,18.0,12.2,7.98
2024-04-02,19.0,11.8,7.46
2024-04-02,20.0,11.7,7.5
2024-04-02,22.0,11.5,7.81
2024-04-02,24.0,11.2,7.71
2024-04-02,26.0,11.0,7.74
2024-04-02,28.0,10.5,7.5
2024-04-02,30.0,10.2,1.15
2024-05-06,0.1,24.8,10.14
2024-05-06,1.0,24.7,10.17
2024-05-06,2.0,24.1,10.15
2024-05-06,3.0,21.9,10.72
2024-05-06,4.0,21.2,10.41
2024-05-06,5.0,19.7,8.88
2024-05-06,6.0,18.6,7.92
2024-05-06,7.0,17.9,7.41
2024-05-06,8.0,17.3,6.93
2024-05-06,9.0,16.6,6.47
2024-05-06,10.0,16.3,6.3
2024-05-06,11.0,15.9,6.2
2024-05-06,12.0,15.8,6.12
2024-05-06,13.0,15.6,6.02
2024-05-06,14.0,15.4,5.97
2024-05-06,15.0,15.2,5.91
2024-05-06,16.0,15.1,5.88
2024-05-06,17.0,14.8,5.83
2024-05-06,18.0,14.6,5.84
2024-05-06,19.0,14.5,5.83
2024-05-06,20.0,14.2,5.7
2024-05-06,22.0,14.0,5.5
2024-05-06,24.0,13.6,5.35
2024-05-06,26.0,13.5,5.17
2024-05-06,28.0,13.3,5.01
2024-05-06,30.0,12.8,4.54
2024-05-06,35.0,12.3,2.16
2024-06-03,0.1,27.0,9.45
2024-06-03,1.0,26.3,9.59
2024-06-03,2.0,25.8,9.81
2024-06-03,3.0,25.4,9.75
2024-06-03,4.0,25.2,9.17
2024-06-03,5.0,25.1,8.81
2024-06-03,6.0,23.8,5.96
2024-06-03,7.0,22.0,2.78
2024-06-03,8.0,21.3,2.22
2024-06-03,9.0,20.3,1.55
2024-06-03,10.0,19.8,1.56
2024-06-03,11.0,19.5,1.59
2024-06-03,12.0,18.9,2.39
2024-06-03,13.0,18.5,2.61
2024-06-03,14.0,18.3,2.42
2024-06-03,15.0,18.1,2.07
2024-06-03,16.0,17.8,2.35
2024-06-03,17.0,17.6,3.04
2024-06-03,18.0,17.4,2.6
2024-06-03,19.0,17.1,2.54
2024-06-03,20.0,16.7,2.16
2024-06-03,22.0,16.4,2.17
2024-06-03,24.0,16.1,1.86
2024-06-03,26.0,15.9,1.78
2024-06-03,28.0,15.7,1.65
2024-06-03,30.0,15.6,1.58
2024-06-03,35.0,15.1,1.15
2024-06-03,40.0,14.6,0.43
2024-07-01,0.1,30.6,8.43
2024-07-01,1.0,30.6,8.45
2024-07-01,2.0,30.2,8.43
2024-07-01,3.0,30.0,8.11
2024-07-01,4.0,28.4,5.61
2024-07-01,5.0,27.1,3.36
2024-07-01,6.0,25.9,1.75
2024-07-01,7.0,24.8,0.57
2024-07-01,8.0,24.8,0.47
2024-07-01,9.0,23.6,0.39
2024-07-01,10.0,22.8,0.35
2024-07-01,11.0,22.1,0.3
2024-07-01,12.0,21.5,0.28
2024-07-01,13.0,21.1,0.27
2024-07-01,14.0,20.6,0.26
2024-07-01,15.0,20.2,0.24
2024-07-01,16.0,19.9,0.23
2024-07-01,17.0,19.7,0.23
2024-07-01,18.0,19.5,0.21
2024-07-01,19.0,19.3,0.53
2024-07-01,20.0,19.1,0.4
2024-07-01,22.0,18.8,0.34
2024-07-01,24.0,18.3,0.3
2024-07-01,26.0,18.1,0.28
2024-07-01,28.0,17.5,0.27
2024-07-01,30.0,17.1,0.26
2024-07-01,35.0,16.6,0.25
2024-07-01,40.0,15.8,0.23
2024-07-01,45.0,15.0,0.22
2024-08-05,0.1,30.4,7.67
2024-08-05,1.0,30.4,7.69
2024-08-05,2.0,30.3,7.71
2024-08-05,3.0,30.3,7.72
2024-08-05,4.0,30.2,7.73
2024-08-05,5.0,30.2,7.73
2024-08-05,6.0,29.1,6.39
2024-08-05,7.0,28.3,1.72
2024-08-05,8.0,27.7,0.63
2024-08-05,9.0,27.4,0.41
2024-08-05,10.0,26.4,0.33
2024-08-05,11.0,24.8,0.31
2024-08-05,12.0,23.9,0.28
2024-08-05,13.0,23.1,0.26
2024-08-05,14.0,22.3,0.24
2024-08-05,15.0,21.9,0.23
2024-08-05,16.0,21.5,0.22
2024-08-05,17.0,21.3,0.22
2024-08-05,18.0,21.0,0.21
2024-08-05,19.0,20.7,0.21
2024-08-05,20.0,20.4,0.21
2024-08-05,22.0,20.0,0.2
2024-08-05,24.0,19.7,0.19
2024-08-05,26.0,19.4,0.19
2024-08-05,28.0,19.0,0.18
2024-08-05,30.0,18.6,0.18
2024-08-05,35.0,16.6,0.18
2024-08-05,40.0,15.7,0.18
2024-09-03,0.1,28.8,7.56
2024-09-03,1.0,28.8,7.57
2024-09-03,2.0,28.8,7.58
2024-09-03,3.0,28.8,7.57
2024-09-03,4.0,28.8,7.54
2024-09-03,5.0,28.8,7.5
2024-09-03,6.0,28.7,7.47
2024-09-03,7.0,28.7,7.42
2024-09-03,8.0,28.7,7.27
2024-09-03,9.0,28.6,6.84
2024-09-03,10.0,28.5,5.95
2024-09-03,11.0,27.8,0.76
2024-09-03,12.0,27.2,0.51
2024-09-03,13.0,26.5,0.4
2024-09-03,14.0,25.7,0.34
2024-09-03,15.0,25.2,0.3
2024-09-03,16.0,24.6,0.28
2024-09-03,17.0,23.8,0.27
2024-09-03,18.0,23.2,0.26
2024-09-03,19.0,22.7,0.25
2024-09-03,20.0,22.4,0.25
2024-09-03,22.0,21.7,0.25
2024-09-03,24.0,21.3,0.24
2024-09-03,26.0,20.8,0.23
2024-09-03,28.0,20.1,0.23
2024-09-03,30.0,19.6,0.23
2024-09-03,35.0,17.9,0.22
2024-10-01,0.1,24.8,6.27
2024-10-01,1.0,24.7,6.22
2024-10-01,2.0,24.7,5.96
2024-10-01,3.0,24.4,5.7
2024-10-01,4.0,24.3,5.38
2024-10-01,5.0,24.3,5.34
2024-10-01,6.0,24.3,5.31
2024-10-01,7.0,24.3,5.29
2024-10-01,8.0,24.3,5.25
2024-10-01,9.0,24.3,5.25
2024-10-01,10.0,24.3,5.15
2024-10-01,11.0,24.3,5.14
2024-10-01,12.0,24.3,5.15
2024-10-01,13.0,24.2,4.06
2024-10-01,14.0,24.0,3.34
2024-10-01,15.0,24.0,2.65
2024-10-01,16.0,24.0,2.46
2024-10-01,17.0,23.9,1.61
2024-10-01,18.0,23.9,1.58
2024-10-01,19.0,23.8,1.69
2024-10-01,20.0,23.8,1.95
2024-10-01,22.0,23.8,1.89
2024-10-01,24.0,23.7,2.47
2024-10-01,26.0,23.6,3.25
2024-10-01,28.0,23.3,3.0
2024-10-01,30.0,22.9,0.83
2024-10-01,35.0,20.9,0.3
2025-04-08,0.1,18.3,9.23
2025-04-08,1.0,18.2,9.22
2025-04-08,2.0,18.1,9.19
2025-04-08,3.0,17.6,8.93
2025-04-08,4.0,16.3,8.62
2025-04-08,5.0,15.5,8.52
2025-04-08,6.0,14.7,8.39
2025-04-08,7.0,13.9,8.31
2025-04-08,8.0,13.2,8.11
2025-04-08,9.0,12.9,8.06
2025-04-08,10.0,12.4,8.01
2025-04-08,11.0,12.4,8.04
2025-04-08,12.0,12.3,8.06
2025-04-08,13.0,12.1,8.08
2025-04-08,14.0,12.0,8.22
2025-04-08,15.0,11.8,8.17
2025-04-08,16.0,11.7,8.2
2025-04-08,17.0,11.4,8.26
2025-04-08,18.0,11.2,8.25
2025-04-08,19.0,11.1,8.28
2025-04-08,20.0,10.9,8.2
2025-04-08,22.0,10.6,8.18
2025-04-08,24.0,10.3,7.91
2025-04-08,26.0,10.0,7.95
2025-04-08,28.0,9.9,7.99
2025-04-08,30.0,9.6,8.02
2025-04-08,35.0,9.2,7.66
2025-05-05,0.1,22.8,9.56
2025-05-05,1.0,22.7,9.61
2025-05-05,2.0,22.5,9.61
2025-05-05,3.0,22.3,9.48
2025-05-05,4.0,21.8,9.16
2025-05-05,5.0,20.2,6.16
2025-05-05,6.0,19.1,5.84
2025-05-05,7.0,18.1,5.67
2025-05-05,8.0,17.6,5.43
2025-05-05,9.0,17.2,5.34
2025-05-05,10.0,17.0,5.32
2025-05-05,11.0,16.8,5.51
2025-05-05,12.0,16.5,5.18
2025-05-05,13.0,16.2,5.16
2025-05-05,14.0,15.9,4.79
2025-05-05,15.0,15.7,4.67
2025-05-05,16.0,15.3,4.55
2025-05-05,17.0,15.0,4.5
2025-05-05,18.0,14.5,4.75
2025-05-05,19.0,14.2,4.88
2025-05-05,20.0,13.7,5.44
2025-05-05,22.0,13.4,5.34
2025-05-05,24.0,13.1,5.08
2025-05-05,26.0,12.8,4.88
2025-05-05,28.0,12.5,5.1
2025-05-05,30.0,12.2,4.99
2025-05-05,35.0,11.9,5.11
2025-05-05,40.0,11.3,4.19
2025-07-01,0.1,18.3,8.59
2025-07-01,1.0,18.2,8.78
2025-07-01,2.0,18.1,8.84
2025-07-01,3.0,17.6,8.84
2025-07-01,4.0,16.3,9.11
2025-07-01,5.0,15.5,7.8
2025-07-01,6.0,14.7,5.82
2025-07-01,7.0,13.9,3.64
2025-07-01,8.0,13.2,2.55
2025-07-01,9.0,12.9,1.56
2025-07-01,10.0,12.4,1.04
2025-07-01,11.0,12.4,0.61
2025-07-01,12.0,12.3,0.32
2025-07-01,13.0,12.1,0.3
2025-07-01,14.0,12.0,0.29
2025-07-01,15.0,11.8,0.27
2025-07-01,16.0,11.7,0.27
2025-07-01,17.0,11.4,0.26
2025-07-01,18.0,11.2,0.26
2025-07-01,19.0,11.1,0.25
2025-07-01,20.0,10.9,0.25
2025-07-01,22.0,10.6,0.24
2025-07-01,24.0,10.3,0.24
2025-07-01,26.0,10.0,0.24
2025-07-01,28.0,9.9,0.23
2025-07-01,30.0,9.6,0.23
2025-07-01,35.0,9.2,0.23
2025-08-18,0.1,29.9,8.16
2025-08-18,1.0,29.8,8.23
2025-08-18,2.0,29.4,8.33
2025-08-18,3.0,29.2,8.13
2025-08-18,4.0,28.6,6.99
2025-08-18,5.0,28.1,5.08
2025-08-18,6.0,27.9,5.06
2025-08-18,7.0,27.7,4.28
2025-08-18,8.0,27.1,2.65
2025-08-18,9.0,27.0,1.82
2025-08-18,10.0,26.7,0.64
2025-08-18,11.0,26.3,0.41
2025-08-18,12.0,26.0,0.35
2025-08-18,13.0,25.5,0.32
2025-08-18,14.0,24.7,0.28
2025-08-18,15.0,24.3,0.27
2025-08-18,16.0,24.0,0.26
2025-08-18,17.0,23.7,0.26
2025-08-18,18.0,23.4,0.26
2025-08-18,19.0,23.2,0.25
2025-08-18,20.0,22.9,0.25
2025-08-18,22.0,22.6,0.25
2025-08-18,24.0,22.2,0.24
2025-08-18,26.0,21.8,0.23
2025-08-18,28.0,21.4,0.23
2025-08-18,30.0,21.0,0.23
2025-08-18,35.0,20.5,0.23
2025-08-18,40.0,19.5,0.23
2025-08-18,45.0,18.4,0.22
2025-10-14,0.1,25.0,9.23
2025-10-14,1.0,24.7,9.22
2025-10-14,2.0,24.3,9.19
2025-10-14,3.0,24.2,8.93
2025-10-14,4.0,24.2,8.62
2025-10-14,5.0,24.2,8.52
2025-10-14,6.0,24.2,8.39
2025-10-14,7.0,24.2,8.31
2025-10-14,8.0,24.1,8.11
2025-10-14,9.0,24.1,8.06
2025-10-14,10.0,24.1,8.01
2025-10-14,11.0,24.1,8.04
2025-10-14,12.0,24.1,8.06
2025-10-14,13.0,24.1,8.08
2025-10-14,14.0,24.1,8.22
2025-10-14,15.0,24.0,8.17
2025-10-14,16.0,24.0,8.2
2025-10-14,17.0,24.0,8.26
2025-10-14,18.0,24.0,8.25
2025-10-14,19.0,24.0,8.28
2025-10-14,20.0,24.0,8.2
2025-10-14,22.0,23.9,8.18
2025-10-14,24.0,23.9,7.91
2025-10-14,26.0,23.9,7.95
2025-10-14,28.0,23.9,7.99
2025-10-14,30.0,23.9,8.02
2025-10-14,35.0,22.0,7.66
